portal,url
cnn,https://www.cnnbrasil.com.br/nacional/sudeste/sp/caso-buzeira-juiz-cita-apoio-de-agentes-publicos-em-esquema-de-trafico/
cnn,https://www.cnnbrasil.com.br/nacional/nordeste/ce/remedios-controlados-integrantes-do-cv-presos-por-comercio-ilegal-no-ce/
cnn,https://www.cnnbrasil.com.br/internacional/eua-realizam-novo-ataque-no-caribe-e-ha-sobreviventes-diz-fonte-a-reuters/
cnn,https://www.cnnbrasil.com.br/nacional/sul/pr/grupo-que-atua-como-cartel-do-trafico-e-alvo-de-operacao-no-parana/
cnn,https://www.cnnbrasil.com.br/politica/senado-aprova-projeto-que-enderece-penas-a-crimes-praticados-com-violencia/
cnn,https://www.cnnbrasil.com.br/nacional/sul/pr/operacao-cumpre-mandados-contra-grupo-que-monitorava-acoes-policiais-no-pr/
cnn,https://www.cnnbrasil.com.br/internacional/apoiadores-de-maduro-marcham-na-venezuela-em-meio-a-tensao-com-eua/
cnn,https://www.cnnbrasil.com.br/internacional/exclusivo-parecer-confidencial-do-governo-trump-autoriza-ataques-a-carteis/
cnn,https://www.cnnbrasil.com.br/internacional/reino-unido-amplia-poderes-da-policia-para-repressao-de-protestos/
cnn,https://www.cnnbrasil.com.br/internacional/secretario-de-trump-diz-que-tem-autorizacao-para-ataques-no-mar-do-caribe/
cnn,https://www.cnnbrasil.com.br/entretenimento/qual-deve-ser-a-sentenca-de-diddy-defesa-e-acusacao-pedem-penas-diferentes/
cnn,https://www.cnnbrasil.com.br/nacional/sudeste/sp/smart-sampa-atinge-marca-de-2-mil-foragidos-presos-veja-flagrantes-em-sp/
cnn,https://www.cnnbrasil.com.br/internacional/venezuela-diz-que-detectou-cinco-avioes-de-combate-dos-eua-perto-da-costa/
cnn,https://www.cnnbrasil.com.br/nacional/sudeste/sp/pcc-nos-postos-pf-indicia-13-pessoas-e-detalha-fuga-de-investigados/
cnn,https://www.cnnbrasil.com.br/internacional/sarkozy-ex-presidente-da-franca-e-sentenciado-a-cinco-anos-de-prisao/
cnn,https://www.cnnbrasil.com.br/nacional/sudeste/sp/presidente-da-imperio-de-casa-verde-e-alvo-de-operacao-contra-o-pcc-em-sp/
cnn,https://www.cnnbrasil.com.br/internacional/eua-travam-guerra-nao-declarada-diz-ministro-da-defesa-da-venezuela/
cnn,https://www.cnnbrasil.com.br/internacional/venezuela-divulga-imagens-de-exercicios-militares-no-caribe/
cnn,https://www.cnnbrasil.com.br/nacional/sudeste/sp/ex-delegado-executado-o-que-sabemos-sobre-suspeita-de-transportar-fuzil/
cnn,https://www.cnnbrasil.com.br/nacional/sudeste/sp/ex-delegado-executado-presa-e-suspeita-de-transportar-fuzil-usado-no-crime/
cnn,https://www.cnnbrasil.com.br/nacional/sudeste/rj/policia-procura-coronel-suspeito-por-morte-de-jovem-em-baile-funk-no-rio/
cnn,https://www.cnnbrasil.com.br/nacional/sudeste/sp/mulher-suspeita-de-envolvimento-na-morte-de-ex-delegado-e-presa-em-sp/
cnn,https://www.cnnbrasil.com.br/eleicoes/debate-entre-candidatos-de-sp-e-marcado-por-confusao-acusacoes-sobre-pcc-e-invasoes/
cnn,https://www.cnnbrasil.com.br/colunas/mauricio-pestana/politica/ministros-negros-do-governo-lula-se-reunem-em-salvador-em-conferencia/
cnn,https://www.cnnbrasil.com.br/nacional/suspeito-de-ser-um-dos-chefes-do-comando-vermelho-e-preso-na-paraiba/
cnn,https://www.cnnbrasil.com.br/nacional/suspeito-de-trafico-internacional-e-preso-por-reconhecimento-facial-no-rio/
cnn,https://www.cnnbrasil.com.br/blogs/pedro-venceslau/nacional/cracolandia-quem-e-leo-do-moinho-lider-do-pcc-preso-na-operacao-salus-et-dingitas/
cnn,https://www.cnnbrasil.com.br/nacional/mulas-do-trafico-pf-faz-operacao-em-sp-contra-grupo-que-aliciava-pessoas-para-viajarem-com-drogas-no-estomago/
cnn,https://www.cnnbrasil.com.br/nacional/pf-apreende-47-carros-de-luxo-quatro-motos-aquaticas-e-relogios-avaliados-em-meio-milhao-de-reais-em-sp/
cnn,https://www.cnnbrasil.com.br/nacional/animais-silvestres-apreendidos-pela-pf-sofriam-maus-tratos-e-eram-vendidos-com-documentos-falsos-veja-imagens/
cnn,https://www.cnnbrasil.com.br/nacional/pf-apreende-mais-de-r-60-milhoes-em-bens-durante-operacao-contra-crimes-tributarios/
cnn,https://www.cnnbrasil.com.br/politica/se-julgamos-se-e-porte-ou-trafico-temos-que-definir-a-quantidade-diz-barroso-sobre-decisoes-do-stf-sobre-drogas/
cnn,https://www.cnnbrasil.com.br/nacional/brasileiros-com-malas-trocadas-devem-ficar-presos-por-mais-75-dias-a-espera-de-audiencia-na-turquia/
cnn,https://www.cnnbrasil.com.br/nacional/entenda-o-que-muda-se-stf-decidir-descriminalizar-o-porte-de-drogas/
cnn,https://www.cnnbrasil.com.br/nacional/pf-faz-operacao-contra-lavagem-de-dinheiro-em-lotericas-r-106-milhoes-sao-bloqueados/
cnn,https://www.cnnbrasil.com.br/politica/stf-retoma-discussao-sobre-porte-de-droga-para-consumo-com-congresso-a-espera/
cnn,https://www.cnnbrasil.com.br/nacional/policiais-do-choque-prendem-estelionatarios-com-58-cartoes-bancarios-em-sao-vicente/
cnn,https://www.cnnbrasil.com.br/blogs/basilia-rodrigues/politica/exercito-diz-que-dados-para-liberacao-de-armas-sao-imprecisos-e-tenta-justificar-falhas/
cnn,https://www.cnnbrasil.com.br/politica/pf-reavaliara-processos-para-liberacao-de-armas/
cnn,https://www.cnnbrasil.com.br/nacional/da-california-a-santos-e-goiania-como-a-pf-identificou-rota-de-venda-de-12-mil-municoes-ilegais-a-cacs/
cnn,https://www.cnnbrasil.com.br/nacional/rj-ex-secretario-de-mangaratiba-esta-foragido-por-violencia-domestica/
cnn,https://www.cnnbrasil.com.br/nacional/numero-de-mortos-durante-operacao-verao-sobe-para-34-na-baixada-santista-sp/
cnn,https://www.cnnbrasil.com.br/nacional/pf-investiga-desvio-de-mais-r-70-milhoes-da-saude-em-marica-no-rj/
cnn,https://www.cnnbrasil.com.br/nacional/advogado-da-oab-e-morto-a-tiros-em-frente-ao-escritorio-onde-trabalhava-no-rio/
cnn,https://www.cnnbrasil.com.br/nacional/numero-de-mortos-na-operacao-verao-na-baixada-santista-sobe-para-32-no-ano-sao-55-mortes-na-regiao/
cnn,https://www.cnnbrasil.com.br/nacional/suspeito-de-trafico-e-preso-com-r-58-mil-durante-operacao-policial-na-baixada-santista/
cnn,https://www.cnnbrasil.com.br/politica/advogado-condenado-por-grampear-moro-aciona-stf-apos-ser-espionado-pela-abin/
cnn,https://www.cnnbrasil.com.br/politica/descriminalizacao-de-drogas-para-consumo-proprio-deve-voltar-a-pauta-do-stf-em-2024/
cnn,https://www.cnnbrasil.com.br/internacional/russia-faz-operacao-em-estabelecimentos-lgbtqia-apos-justica-proibir-movimento/
cnn,https://www.cnnbrasil.com.br/nacional/pf-faz-operacao-contra-o-pcc-em-cidades-do-parana/
cnn,https://www.cnnbrasil.com.br/agro/policia-faz-operacao-contra-roubo-de-cargas-de-soja-no-parana/
cnn,https://www.cnnbrasil.com.br/nacional/tres-homens-sao-mortos-em-operacao-das-policias-civis-no-rj-e-de-goias/
cnn,https://www.cnnbrasil.com.br/nacional/bahia-mais-de-200-pessoas-morreram-em-confrontos-com-a-pm-desde-15-de-setembro/
cnn,https://www.cnnbrasil.com.br/nacional/policia-prende-17-suspeitos-de-trafico-de-drogas-na-cracolandia/
cnn,https://www.cnnbrasil.com.br/nacional/narcotrafico-e-crimes-ambientais-os-novos-e-velhos-desafios-da-amazonia-legal/
cnn,https://www.cnnbrasil.com.br/nacional/pf-prende-suspeitos-de-atrair-brasileiros-para-cometer-crimes-na-asia/
cnn,https://www.cnnbrasil.com.br/nacional/pf-prende-dois-suspeitos-de-abuso-sexual-infantojuvenil-no-interior-de-sp/
cnn,https://www.cnnbrasil.com.br/nacional/pf-prende-12-pessoas-em-operacao-contra-trafico-de-drogas-e-lavagem-de-dinheiro/
cnn,https://www.cnnbrasil.com.br/nacional/operacao-contra-faccao-criminosa-deixa-sete-mortos-em-sergipe/
cnn,https://www.cnnbrasil.com.br/nacional/dois-suspeitos-morrem-em-operacao-contra-faccao-acusada-de-matar-agente-na-bahia/
cnn,https://www.cnnbrasil.com.br/nacional/sem-vagas-em-abrigos-afegaos-voltam-a-acampar-no-aeroporto-de-guarulhos/
cnn,https://www.cnnbrasil.com.br/nacional/pf-faz-operacao-contra-suspeitos-de-matar-policial-federal-na-bahia/
cnn,https://www.cnnbrasil.com.br/politica/tebet-defende-fatiamento-de-ministerio-da-justica-e-diz-que-ha-orcamento-para-eventual-desmembramento-da-pasta/
cnn,https://www.cnnbrasil.com.br/politica/brasil-reduziu-desmatamento-em-10-meses-e-chega-a-cop-28-de-cabeca-erguida-diz-marina-a-cnn/
cnn,https://www.cnnbrasil.com.br/nacional/megaoperacao-contra-piramide-financeira-bloqueia-r-400-milhoes-de-alvos-da-pf/
cnn,https://www.cnnbrasil.com.br/nacional/homem-e-preso-com-60-mil-comprimidos-de-ecstasy-em-duque-de-caxias-rj/
cnn,https://www.cnnbrasil.com.br/nacional/operacao-policial-apura-presenca-de-faccoes-criminosas-no-consulado-de-portugal/
cnn,https://www.cnnbrasil.com.br/nacional/bahia-atinge-media-de-uma-morte-por-dia-em-tiroteios-no-mes-de-novembro/
cnn,https://www.cnnbrasil.com.br/nacional/tiroteio-deixa-um-morto-na-regiao-metropolitana-de-salvador/
cnn,https://www.cnnbrasil.com.br/politica/mpf-pede-que-paes-sancione-lei-que-proibe-homenagem-a-escravocratas-e-eugenistas-no-rio/
cnn,https://www.cnnbrasil.com.br/nacional/podcast-stf-reage-a-aprovacao-de-pec-que-limita-poderes-da-corte/
cnn,https://www.cnnbrasil.com.br/nacional/operacao-apreende-celulares-e-drogas-em-presidios-da-bahia-veja-fotos/
cnn,https://www.cnnbrasil.com.br/nacional/operacao-contra-piramide-financeira-prende-quatro-pessoas-no-rj/
cnn,https://www.cnnbrasil.com.br/nacional/trafico-internacional-pm-prende-grupo-que-engolia-drogas-para-viajar-a-europa/
cnn,https://www.cnnbrasil.com.br/esportes/futebol/prima-da-esposa-de-messi-e-assaltada-a-mao-armada-na-argentina/
cnn,https://www.cnnbrasil.com.br/nacional/interpol-investiga-se-brasileiro-desaparecido-na-europa-foi-vitima-de-trafico-de-pessoas/
cnn,https://www.cnnbrasil.com.br/politica/ccj-do-senado-adia-votacao-da-pec-das-drogas/
cnn,https://www.cnnbrasil.com.br/nacional/braco-direito-de-faccao-criminosa-e-comparsa-sao-mortos-pela-pm-na-bahia/
cnn,https://www.cnnbrasil.com.br/politica/receita-e-pf-investigam-doleiros-que-enviaram-r-4-bilhoes-para-fora-do-brasil/
cnn,https://www.cnnbrasil.com.br/politica/pec-das-drogas-pode-ser-votada-na-ccj-do-senado-nesta-quarta-22/
cnn,https://www.cnnbrasil.com.br/internacional/policia-faz-operacao-contra-trafico-de-pessoas-em-fazendas-em-portugal/
cnn,https://www.cnnbrasil.com.br/politica/avaliacao-negativa-do-governo-lula-aparece-acima-da-positiva-diz-pesquisa-atlas/
cnn,https://www.cnnbrasil.com.br/politica/pf-mira-em-quem-pediu-pix-para-dar-golpe-no-8-de-janeiro/
cnn,https://www.cnnbrasil.com.br/noticias/pf-e-prf-cumprem-57-mandados-em-megaoperacao-contra-trafico-internacional/
cnn,https://www.cnnbrasil.com.br/nacional/pf-apreendeu-r-18-bilhao-em-bens-e-valores-do-trafico-em-2023/
cnn,https://www.cnnbrasil.com.br/internacional/mais-de-230-sao-condenados-em-um-dos-maiores-julgamentos-ligados-a-mafia-italiana/
cnn,https://www.cnnbrasil.com.br/nacional/marinha-realiza-quase-5-mil-procedimentos-em-operacao-glo-do-mar/
cnn,https://www.cnnbrasil.com.br/politica/com-maioria-conservadora-comissao-da-camara-vira-arena-de-debates-para-pautas-d/
cnn,https://www.cnnbrasil.com.br/nacional/plano-para-melhorar-prisoes-tera-que-ser-realista-e-envolver-arranjo-politico-dizem-especialistas/
cnn,https://www.cnnbrasil.com.br/internacional/polarizados-milei-e-massa-tem-propostas-completamente-diferentes-para-a-argentina-confira/
cnn,https://www.cnnbrasil.com.br/politica/carmen-lucia-vota-para-rejeitar-acao-sobre-fim-do-prazo-de-inelegibilidade/
cnn,https://www.cnnbrasil.com.br/politica/moraes-vota-para-condenar-mais-cinco-reus-pelo-8-de-janeiro/
cnn,https://www.cnnbrasil.com.br/politica/nao-sabia-que-dama-do-trafico-era-casada-com-lider-do-comando-vermelho-diz-presidente-de-comite/
cnn,https://www.cnnbrasil.com.br/nacional/mae-bernadete-foi-executada-a-mando-do-trafico-conclui-policia-civil-da-bahia/
cnn,https://www.cnnbrasil.com.br/politica/caso-dama-do-trafico-expoe-infiltracao-do-crime-organizado-em-movimentos-sociais-dizem-especialistas/
cnn,https://www.cnnbrasil.com.br/politica/sucessao-de-lula-e-vaga-no-stf-como-aliados-de-dino-explicam-onda-de-ataques-ao-ministro/
cnn,https://www.cnnbrasil.com.br/politica/ministerio-dos-direitos-humanos-admite-ter-pago-viagem-da-dama-do-trafico-a-brasilia/
cnn,https://www.cnnbrasil.com.br/politica/ministerio-publico-pede-que-tcu-investigue-as-agendas-da-dama-do-trafico/
cnn,https://www.cnnbrasil.com.br/politica/ministerio-da-justica-fatiado-pt-volta-a-defender-divisao-apos-caso-dama-do-trafico/
cnn,https://www.cnnbrasil.com.br/nacional/pf-suspeita-de-terroristas-por-procuracao-no-brasil-dizem-fontes/
cnn,https://www.cnnbrasil.com.br/nacional/pf-resgata-vitimas-de-exploracao-sexual-em-cruzeiro-no-rio-de-janeiro/
cnn,https://www.cnnbrasil.com.br/politica/ministerio-da-justica-divulga-novas-regras-para-entrada-de-visitantes/
cnn,https://www.cnnbrasil.com.br/politica/secretario-de-dino-diz-que-foi-um-erro-receber-mulher-de-lider-do-comando-vermelho/
cnn,https://www.cnnbrasil.com.br/politica/oposicao-quer-convocar-dino-para-explicar-visitas-da-dama-do-trafico/
cnn,https://www.cnnbrasil.com.br/politica/ministerio-da-justica-fara-novas-regras-para-entrada-de-visitantes-no-palacio/
cnn,https://www.cnnbrasil.com.br/nacional/cracolandia-fluxo-de-usuarios-se-desloca-para-perto-da-estacao-da-luz-moradores-protestam/
cnn,https://www.cnnbrasil.com.br/internacional/relatorio-aponta-que-cerca-de-1-000-membros-do-pcc-atuam-em-portugal/
cnn,https://www.cnnbrasil.com.br/internacional/primeiro-ministro-de-portugal-apresenta-renuncia-apos-escandalo-de-corrupcao/
cnn,https://www.cnnbrasil.com.br/nacional/dirigentes-de-policias-de-toda-america-planejam-assinar-tratado-para-compartilhar-investigacoes-em-evento-em-brasilia/
cnn,https://www.cnnbrasil.com.br/politica/ativismo-judicial-e-lenda-diz-roberto-barroso/
cnn,https://www.cnnbrasil.com.br/nacional/pf-prende-26-foragidos-que-tentaram-fazer-o-enem/
cnn,https://www.cnnbrasil.com.br/nacional/capital-paulista-entra-em-estado-de-atencao-para-alagamentos/
cnn,https://www.cnnbrasil.com.br/internacional/venda-mercado-e-doacao-orgaos-o-debate-inusitado-que-javier-milei-incitou-na-argentina/
cnn,https://www.cnnbrasil.com.br/esportes/outros-esportes/exercito-de-libertacao-nacional-e-responsavel-pelo-sequestro-dos-pais-de-luis-diaz-diz-governo-colombiano/
cnn,https://www.cnnbrasil.com.br/nacional/bahia-tres-homens-morrem-apos-tiroteio-com-a-pm-na-regiao-metropolitana-de-salvador/
cnn,https://www.cnnbrasil.com.br/politica/debate-sobre-pec-que-criminaliza-porte-e-uso-de-drogas-e-marcada-por-criticas-ao-stf-e-discursos-favoraveis-ao-texto/
cnn,https://www.cnnbrasil.com.br/nacional/pf-cumpre-13-mandados-de-prisao-em-operacao-contra-conflitos-em-terra-indigena-no-rs/
cnn,https://www.cnnbrasil.com.br/nacional/novo-caso-de-mala-trocada-por-drogas-no-aeroporto-de-guarulhos-leva-libio-brasileiro-a-prisao/
cnn,https://www.cnnbrasil.com.br/internacional/seis-presidentes-em-6-anos-problemas-economicos-e-violencia-peru-vive-turbulencia-politica-e-social/
cnn,https://www.cnnbrasil.com.br/nacional/justica-mantem-prisao-de-lider-de-milicia-preso-na-zona-oeste-do-rio/
cnn,https://www.cnnbrasil.com.br/nacional/tres-pessoas-foram-mortas-e-duas-feridas-apos-confrontos-com-a-pm-em-salvador/
cnn,https://www.cnnbrasil.com.br/nacional/ba-3-dos-suspeitos-mortos-em-confronto-com-a-pm-tinham-passagens-pela-policia/
cnn,https://www.cnnbrasil.com.br/esportes/futebol/vasco-da-gama/ex-jogador-do-vasco-e-condenado-por-trafico-internacional-de-drogas/
cnn,https://www.cnnbrasil.com.br/politica/bancada-do-rj-na-camara-dos-deputados-pressiona-castro-por-plano-de-seguranca/
cnn,https://www.cnnbrasil.com.br/politica/servidores-da-pf-veem-descaso-e-pressionam-governo-em-manifestacoes-pelo-brasil/
cnn,https://www.cnnbrasil.com.br/nacional/homem-e-deixado-de-cueca-a-mostra-apos-sofrer-segundo-assalto-na-mesma-madrugada/
cnn,https://www.cnnbrasil.com.br/nacional/pf-prende-duas-pessoas-em-operacao-contra-trafico-de-drogas-no-rs/
cnn,https://www.cnnbrasil.com.br/internacional/carro-diplomatico-do-brasil-e-detido-na-turquia-com-mais-de-50kg-de-cocaina-segundo-imprensa-local/
cnn,https://www.cnnbrasil.com.br/nacional/quatro-suspeitos-morrem-em-troca-de-tiros-com-a-policia-em-salvador-ba/
cnn,https://www.cnnbrasil.com.br/politica/claudio-castro-diz-que-endurecimento-das-penas-e-fundamental-para-combater-crime-organizado/
cnn,https://www.cnnbrasil.com.br/nacional/apos-ataques-no-rio-policia-mira-tres-alvos-para-direcionar-combate-ao-crime/
cnn,https://www.cnnbrasil.com.br/nacional/o-que-se-sabe-ate-agora-sobre-os-ataques-a-onibus-no-rio/
cnn,https://www.cnnbrasil.com.br/nacional/exercito-deve-pedir-quebra-de-sigilo-e-prisao-de-militares-envolvidos-em-furto-de-metralhadoras/
cnn,https://www.cnnbrasil.com.br/nacional/pf-investiga-trafico-de-trabalhadores-brasileiros-para-turquia/
cnn,https://www.cnnbrasil.com.br/internacional/conheca-as-propostas-de-sergio-massa-e-javier-milei-para-a-presidencia-da-argentina/
cnn,https://www.cnnbrasil.com.br/nacional/ufrj-pede-reforco-policial-por-causa-da-proximidade-com-o-complexo-da-mare/
cnn,https://www.cnnbrasil.com.br/nacional/ex-campeao-de-fisiculturismo-e-morto-a-tiros-em-academia-no-interior-de-sao-paulo/
cnn,https://www.cnnbrasil.com.br/nacional/assessora-de-vereador-e-mais-sete-pessoas-sao-presas-em-megaoperacao-contra-organizacao-criminosa-de-salvador/
cnn,https://www.cnnbrasil.com.br/nacional/operacao-mare-prejuizo-ao-trafico-passa-de-r-20-milhoes-estima-governo-do-rj/
cnn,https://www.cnnbrasil.com.br/internacional/em-ultimo-debate-na-argentina-massa-diz-que-incluira-hamas-em-lista-de-terroristas-e-milei-critica-marxismo-cultural/
cnn,https://www.cnnbrasil.com.br/internacional/eleicao-em-luxemburgo-neste-domingo-8-tem-eleitorado-e-candidata-brasileira/
cnn,https://www.cnnbrasil.com.br/nacional/bahia-ja-tem-mais-de-10-mortes-em-confrontos-policiais-na-primeira-semana-de-outubro/
cnn,https://www.cnnbrasil.com.br/nacional/se-ele-nao-conseguia-resolver-algo-ajudava-a-curar-o-coracao-diz-prima-de-medico-assassinado/
cnn,https://www.cnnbrasil.com.br/nacional/assassinatos-em-regiao-onde-medicos-foram-mortos-no-rj-aumentaram-127-no-ultimo-ano/
cnn,https://www.cnnbrasil.com.br/politica/decisao-do-congresso-sobre-drogas-tem-mais-forca-que-a-do-stf-e-pec-vai-a-plenario-em-novembro-diz-relator-a-cnn/
cnn,https://www.cnnbrasil.com.br/nacional/ataque-a-tiros-no-rj-e-resultado-de-nao-enfrentamento-contra-milicias-e-trafico-diz-sociologo/
cnn,https://www.cnnbrasil.com.br/internacional/biden-diz-que-muros-nao-funcionam-apesar-de-seu-governo-ampliar-barreira-nos-eua/
cnn,https://www.cnnbrasil.com.br/politica/cheiro-de-maconha-permite-revista-de-pessoa-mas-nao-busca-em-residencia-diz-stj/
cnn,https://www.cnnbrasil.com.br/politica/stf-tem-nove-votos-para-determinar-elaboracao-de-plano-para-melhorar-sistema-prisional/
cnn,https://www.cnnbrasil.com.br/internacional/grupo-e-preso-acusado-de-retirar-rins-de-pacientes-e-vende-los-por-mais-de-r-170-mil-no-paquistao/
cnn,https://www.cnnbrasil.com.br/nacional/prisao-preventiva-de-marcola-e-revogada-apos-16-anos-lider-do-pcc-permanecera-na-cadeia/
cnn,https://www.cnnbrasil.com.br/esportes/outros-esportes/cinco-suspeitos-de-participar-de-briga-de-torcidas-do-fortaleza-sao-presos/
cnn,https://www.cnnbrasil.com.br/internacional/do-whatsapp-a-guerra-como-cidadaos-cubanos-foram-recrutados-para-lutar-pela-russia/
cnn,https://www.cnnbrasil.com.br/internacional/gangues-tomam-conta-do-haiti-e-ja-mataram-milhares-este-ano/
cnn,https://www.cnnbrasil.com.br/nacional/mpf-abre-inquerito-sobre-papel-do-banco-do-brasil-na-escravidao/
cnn,https://www.cnnbrasil.com.br/nacional/castro-confirma-pedido-de-transferencia-de-traficantes-do-rio-para-presidios-federais/
cnn,https://www.cnnbrasil.com.br/entretenimento/relembre-os-ex-bbbs-que-viraram-casos-de-policia/
cnn,https://www.cnnbrasil.com.br/entretenimento/chico-felitti-lanca-podcast-sobre-kat-torres-acusada-de-trafico-humano-entenda/
cnn,https://www.cnnbrasil.com.br/internacional/crise-recente-de-imigrantes-na-italia-traz-de-volta-divisoes-entre-europeus-e-problema-sem-fim/
cnn,https://www.cnnbrasil.com.br/internacional/papa-francisco-diz-que-impedir-resgate-de-imigrantes-no-mar-e-gesto-de-odio/
cnn,https://www.cnnbrasil.com.br/economia/macroeconomia/analise-rupert-murdoch-um-fazedor-de-reis-na-politica-dos-republicanos-enriqueceu-ao-envenenar-a-america/
cnn,https://www.cnnbrasil.com.br/nacional/delivery-de-drogas-e-desmontado-pela-policia-no-rio-grande-do-sul/
cnn,https://www.cnnbrasil.com.br/internacional/o-que-e-el-tren-de-aragua-gangue-na-venezuela-alvo-de-megaoperacao-do-governo-maduro-com-11-mil-agentes/
cnn,https://www.cnnbrasil.com.br/nacional/policia-prende-e-mata-na-bahia-em-megaoperacao-contra-suspeitos-de-mais-de-30-homicidios/
cnn,https://www.cnnbrasil.com.br/entretenimento/acao-drama-infantis-e-brasileiros-veja-as-estreias-que-chegam-hoje-aos-cinemas-brasileiros/
cnn,https://www.cnnbrasil.com.br/internacional/cubanos-sao-seduzidos-por-promessas-de-dinheiro-e-cidadania-para-lutar-pela-russia-na-guerra-contra-a-ucrania/
cnn,https://www.cnnbrasil.com.br/internacional/india-expulsa-diplomata-canadense-em-retaliacao-a-trudeau-apos-crise-sobre-assassinato-de-lider-sikh/
cnn,https://www.cnnbrasil.com.br/nacional/pf-prende-um-dos-criminosos-mais-procurados-do-pais-condenado-a-mais-de-73-anos/
cnn,https://www.cnnbrasil.com.br/nacional/policia-prende-piloto-de-aviao-perseguido-pela-fab-que-tinha-r-15-milhoes-de-cocaina/
cnn,https://www.cnnbrasil.com.br/nacional/homem-e-preso-por-vender-cocaina-no-estacionamento-do-stf/
cnn,https://www.cnnbrasil.com.br/politica/lula-lamenta-morte-de-pf-morto-em-acao-na-ba-agente-ja-fez-seguranca-do-presidente/
cnn,https://www.cnnbrasil.com.br/politica/relatorio-da-cpi-do-mst-vai-pedir-indiciamento-de-10-pessoas-e-mostrar-trabalho-escravo-diz-salles-a-cnn/
cnn,https://www.cnnbrasil.com.br/nacional/pf-envia-grupo-de-elite-a-bahia-apos-morte-de-policial-em-confronto-com-faccao/
cnn,https://www.cnnbrasil.com.br/nacional/agente-da-policia-federal-e-morto-apos-acao-em-salvador-nesta-sexta-15/
cnn,https://www.cnnbrasil.com.br/nacional/site-do-aeroporto-de-guarulhos-e-alvo-de-ataque-cibernetico/
cnn,https://www.cnnbrasil.com.br/politica/delegada-da-pf-que-prendeu-rocco-morabito-lider-da-mafia-italiana-sera-a-numero-2-da-seguranca-de-pernambuco/
cnn,https://www.cnnbrasil.com.br/internacional/esposa-de-el-chapo-emma-coronel-sera-libertada-da-prisao-nesta-quarta-feira/
cnn,https://www.cnnbrasil.com.br/entretenimento/ashton-kutcher-e-mila-kunis-afirmam-saber-que-causaram-dor-ao-defender-ator-condenado-por-estupro/
cnn,https://www.cnnbrasil.com.br/internacional/russia-esta-transformando-alimentos-em-armas-diz-presidente-do-conselho-da-ue/
cnn,https://www.cnnbrasil.com.br/internacional/cuba-prende-17-pessoas-ligadas-a-rede-de-trafico-humano-russa-para-a-guerra-na-ucrania/
cnn,https://www.cnnbrasil.com.br/internacional/venda-de-drogas-a-ceu-aberto-toma-distrito-inteiro-em-sao-francisco-na-california/
cnn,https://www.cnnbrasil.com.br/esportes/futebol/futebol-internacional/denuncias-contra-rubiales-se-acumulam-e-vao-alem-do-beijo-forcado-em-jenni-hermoso/
cnn,https://www.cnnbrasil.com.br/nacional/pf-apreende-3-avioes-em-operacao-contra-trafico-internacional-de-drogas/
cnn,https://www.cnnbrasil.com.br/internacional/exclusivo-contrabandista-ligado-ao-estado-islamico-ajudou-imigrantes-a-entrar-nos-eua/
cnn,https://www.cnnbrasil.com.br/nacional/conselho-nacional-de-direitos-humanos-recomenda-fim-da-operacao-escudo-em-sp/
cnn,https://www.cnnbrasil.com.br/economia/financas/brasil-deixa-de-arrecadar-r-40-bi-por-ano-com-paraisos-fiscais-e-offshores-aponta-estudo/
cnn,https://www.cnnbrasil.com.br/nacional/furtos-e-agressoes-crescem-no-entorno-da-cracolandia-em-2023/
cnn,https://www.cnnbrasil.com.br/internacional/contrabandista-ligado-ao-estado-islamico-ajudou-imigrantes-a-entrarem-nos-eua-pelo-mexico/
cnn,https://www.cnnbrasil.com.br/nacional/aliados-pela-infancia-operacao-internacional-contra-exploracao-sexual-infantil-prende-14-em-sp/
cnn,https://www.cnnbrasil.com.br/nacional/cupula-da-pf-visita-delegado-baleado-na-cabeca-em-sao-paulo/
cnn,https://www.cnnbrasil.com.br/politica/pedido-de-vista-de-mendonca-suspende-julgamento-da-descriminalizacao-da-maconha-placar-e-de-5-a-1/
cnn,https://www.cnnbrasil.com.br/politica/stf-retoma-julgamento-sobre-descriminalizacao-das-drogas-para-uso-pessoal/
cnn,https://www.cnnbrasil.com.br/nacional/apreensoes-de-drogas-k-quintuplicam-em-sp-em-2023/
cnn,https://www.cnnbrasil.com.br/politica/vereadora-monica-benicio-registra-queixa-crime-apos-receber-e-mail-com-proposta-de-estupro-corretivo/
cnn,https://www.cnnbrasil.com.br/nacional/justica-de-sp-condena-irmaos-acusados-de-matar-familia-no-abc-veja-penas/
cnn,https://www.cnnbrasil.com.br/nacional/policia-estoura-casa-bomba-que-alimentava-trafico-de-drogas-na-cracolandia/
cnn,https://www.cnnbrasil.com.br/nacional/guaruja-homem-e-morto-pela-policia-e-total-de-mortos-em-operacao-chega-a-19/
cnn,https://www.cnnbrasil.com.br/politica/stf-forma-maioria-para-tornar-reus-69-denunciados-por-8-de-janeiro-e-bolsonaristas/
cnn,https://www.cnnbrasil.com.br/nacional/pf-prende-pilotos-e-mecanicos-suspeitos-de-garimpo-ilegal-em-territorio-yanomami/
cnn,https://www.cnnbrasil.com.br/nacional/delegado-da-pf-e-baleado-na-cabeca-em-operacao-no-litoral-de-sao-paulo/
cnn,https://www.cnnbrasil.com.br/entretenimento/larissa-manoela-relembre-outros-famosos-que-tambem-tem-atritos-com-os-pais/
cnn,https://www.cnnbrasil.com.br/politica/moraes-vota-tornar-reus-mais-70-denunciados-por-atos-golpistas-do-8-de-janeiro/
cnn,https://www.cnnbrasil.com.br/nacional/advogado-e-assassinado-em-goias-em-emboscada-armada-por-cliente/
cnn,https://www.cnnbrasil.com.br/internacional/quem-e-patricia-bullrich-candidata-da-direita-que-vai-disputar-presidencia-da-argentina/
cnn,https://www.cnnbrasil.com.br/nacional/suspeito-em-fuga-rouba-moto-de-pm-bate-em-carro-e-e-preso-em-sao-paulo/
cnn,https://www.cnnbrasil.com.br/internacional/as-tres-propostas-de-patricia-bullrich-para-chegar-a-presidencia-da-argentina/
cnn,https://www.cnnbrasil.com.br/internacional/analise-como-foram-os-quatro-anos-de-governo-de-alberto-fernandez-na-argentina/
cnn,https://www.cnnbrasil.com.br/internacional/partido-nao-define-substituto-para-presidenciavel-equatoriano-assassinado/
cnn,https://www.cnnbrasil.com.br/internacional/candidato-a-presidente-no-equador-fez-discurso-premonitorio-antes-de-ser-assassinado/
cnn,https://www.cnnbrasil.com.br/internacional/carteis-de-cocaina-dominam-paraiso-do-reverendo-moon-no-paraguai/
cnn,https://www.cnnbrasil.com.br/internacional/nao-houve-seguranca-adequada-diz-advogado-da-familia-de-candidato-assassinado-no-equador/
cnn,https://www.cnnbrasil.com.br/internacional/fbi-ajudara-na-investigacao-do-assassinato-de-villavicencio-diz-presidente-do-equador/
cnn,https://www.cnnbrasil.com.br/politica/a-cnn-bolsonaro-confirma-doacao-de-r-100-mil-a-viuva-de-soldado-morto-em-sp/
cnn,https://www.cnnbrasil.com.br/internacional/o-que-se-sabe-sobre-a-morte-do-candidato-a-presidencia-do-equador/
cnn,https://www.cnnbrasil.com.br/internacional/candidato-morto-no-equador-havia-denunciado-ameacas-que-recebia-de-grupo-criminoso/
cnn,https://www.cnnbrasil.com.br/nacional/policia-prende-homem-com-mais-de-300-celulares-no-centro-de-sp-o-maior-receptador-do-pais/
cnn,https://www.cnnbrasil.com.br/politica/entenda-a-relacao-entre-a-visita-de-torres-a-pf-da-bahia-e-a-investigacao-sobre-interferencia-nas-eleicoes-de-2022/
cnn,https://www.cnnbrasil.com.br/politica/stf-julga-a-partir-de-2a-mais-70-denuncias-contra-serere-xavante-suspeitos-do-8-de-janeiro-e-bolsonaristas/
cnn,https://www.cnnbrasil.com.br/politica/declaracao-de-belem-e-divulgada-sem-meta-comum-para-desmatamento-zero/
cnn,https://www.cnnbrasil.com.br/nacional/gilmar-mendes-devolve-para-julgamento-caso-sobre-descriminalizacao-das-drogas-para-uso-pessoal/
cnn,https://www.cnnbrasil.com.br/politica/torres-diz-que-minuta-do-golpe-nao-foi-para-o-lixo-por-descuido-e-nega-ter-sido-informado-sobre-acoes-radicais-do-8-1-leia-integra/
cnn,https://www.cnnbrasil.com.br/nacional/big-brother-regiao-central-de-sp-tera-cameras-de-monitoramento-facial/
cnn,https://www.cnnbrasil.com.br/nacional/mp-de-sp-denuncia-3-pessoas-pelo-homicidio-de-soldado-da-rota-em-guaruja/
cnn,https://www.cnnbrasil.com.br/nacional/exclusivo-das-16-mortes-em-confronto-no-guaruja-7-possuem-imagens-e-9-nao-tem/
cnn,https://www.cnnbrasil.com.br/nacional/pm-confirma-que-enviou-ao-mp-imagens-de-cameras-corporais-de-operacao-na-baixada-santista/
cnn,https://www.cnnbrasil.com.br/nacional/mulher-morre-atropelada-durante-exame-de-direcao-em-goias/
cnn,https://www.cnnbrasil.com.br/nacional/mp-sp-diz-ter-recebido-imagens-das-cameras-dos-pms-envolvidos-em-operacao-para-prender-sniper-do-trafico/
cnn,https://www.cnnbrasil.com.br/nacional/operacao-para-prender-sniper-do-trafico-soma-181-presos-e-16-mortos-no-litoral-paulista/
cnn,https://www.cnnbrasil.com.br/noticias/operacao-escudo-pm-prende-mais-13-pessoas-e-total-de-detidos-chega-a-160/
cnn,https://www.cnnbrasil.com.br/nacional/prefeitura-de-sp-quer-isentar-iptu-de-imoveis-na-cracolandia-por-2-anos-ideia-e-mostrar-solidariedade-afirma-nunes/
cnn,https://www.cnnbrasil.com.br/internacional/governo-dos-eua-investiga-mercados-de-cripto-para-cacar-traficantes-de-drogas/
cnn,https://www.cnnbrasil.com.br/nacional/chefe-do-pcc-em-santos-e-ultimo-procurado-por-ataque-a-pms-diz-policia/
cnn,https://www.cnnbrasil.com.br/nacional/policia-encerra-investigacao-e-vai-indiciar-tres-por-morte-de-soldado-da-rota-em-guaruja/
cnn,https://www.cnnbrasil.com.br/politica/possibilidade-de-o-stf-descriminalizar-porte-de-maconha-para-uso-pessoal-e-um-equivoco-grave-diz-pacheco/
cnn,https://www.cnnbrasil.com.br/politica/samia-confronta-derrite-sobre-operacao-em-guaruja-durante-cpi-do-mst-assista/
cnn,https://www.cnnbrasil.com.br/politica/moraes-vota-para-descriminalizar-porte-de-maconha-para-uso-pessoal-stf-encerra-sessao-sem-data-para-retomada/
cnn,https://www.cnnbrasil.com.br/nacional/servico-de-inteligencia-de-sp-encontra-videos-que-ligariam-mortos-ao-trafico-veja/
cnn,https://www.cnnbrasil.com.br/nacional/operacao-pf-guaruja-mortos-e-presos/
cnn,https://www.cnnbrasil.com.br/politica/apos-oito-anos-stf-deve-retomar-julgamento-de-descriminalizacao-das-drogas-para-consumo/
cnn,https://www.cnnbrasil.com.br/nacional/se-houver-excesso-nos-vamos-investigar-diz-tarcisio-sobre-operacao-em-guaruja/
cnn,https://www.cnnbrasil.com.br/politica/importante-governo-federal-sair-do-discurso-e-ajudar-na-pratica-diz-ricardo-nunes-a-cnn-sobre-cracolandia/
cnn,https://www.cnnbrasil.com.br/nacional/policial-militar-e-baleada-durante-ataque-a-tiros-no-litoral-paulista/
cnn,https://www.cnnbrasil.com.br/nacional/sobe-numero-de-mortos-em-operacao-policial-no-litoral-de-sp/
cnn,https://www.cnnbrasil.com.br/noticias/grupo-lavou-r-50-milhoes-na-fronteira-do-brasil-com-paraguai-com-lojas-lavanderia-e-lava-a-jato-diz-pf/
cnn,https://www.cnnbrasil.com.br/nacional/letalidade-da-pm-paulista-cresce-11-nos-seis-primeiros-meses-da-gestao-tarcisio/
cnn,https://www.cnnbrasil.com.br/nacional/operacao-policial-no-litoral-de-sp-continuara-por-ao-menos-30-dias-diz-secretario-a-cnn/
cnn,https://www.cnnbrasil.com.br/nacional/tres-criancas-morrem-apos-carro-cair-em-lagoa-no-df-motorista-estava-bebado-diz-policia/
cnn,https://www.cnnbrasil.com.br/nacional/o-que-sabemos-sobre-a-operacao-no-guaruja-e-a-morte-do-policial-da-rota/
cnn,https://www.cnnbrasil.com.br/nacional/cracolandia-policia-prende-mais-15-suspeitos-de-trafico-de-drogas/
cnn,https://www.cnnbrasil.com.br/internacional/singapura-executa-primeira-mulher-por-trafico-de-drogas-em-quase-duas-decadas/
cnn,https://www.cnnbrasil.com.br/internacional/exclusivo-ex-detento-russo-conta-os-terrores-da-guerra-a-cnn/
cnn,https://www.cnnbrasil.com.br/internacional/filho-do-presidente-da-colombia-e-preso-em-investigacao-de-lavagem-de-dinheiro/
cnn,https://www.cnnbrasil.com.br/internacional/agricultores-de-maconha-querem-que-governo-da-colombia-legalize-droga-recreativa/
cnn,https://www.cnnbrasil.com.br/nacional/cacas-da-fab-interceptam-aviao-com-400-quilos-de-cocaina-no-interior-de-sao-paulo/
cnn,https://www.cnnbrasil.com.br/politica/o-que-sao-os-direitos-humanos/
cnn,https://www.cnnbrasil.com.br/nacional/policia-continua-investigando-acao-de-traficantes-na-cracolandia/
cnn,https://www.cnnbrasil.com.br/nacional/mutirao-carcerario-pode-conceder-progressao-de-pena-e-beneficiar-cerca-de-100-mil-presos-no-pais/
cnn,https://www.cnnbrasil.com.br/nacional/operacao-policial-contra-traficantes-na-cracolandia-termina-com-presos/
cnn,https://www.cnnbrasil.com.br/nacional/ricardo-nunes-diz-a-cnn-que-concorda-em-100-com-tarcisio-sobre-internacao-compulsoria-na-cracolandia/
cnn,https://www.cnnbrasil.com.br/politica/quem-e-diego-ventura-suposto-lider-de-ataques-golpistas-no-df-preso-pela-pf/
cnn,https://www.cnnbrasil.com.br/economia/macroeconomia/apos-acordo-profissionais-do-sexo-de-boate-em-sp-serao-primeiras-a-ter-registro-formal/
cnn,https://www.cnnbrasil.com.br/nacional/cracolandia-tarcisio-quer-levar-usuarios-de-drogas-para-o-bom-retiro/
cnn,https://www.cnnbrasil.com.br/internacional/tragica-jornada-de-menino-expoe-escolha-impossivel-enfrentada-por-imigrantes/
cnn,https://www.cnnbrasil.com.br/nacional/exploracao-sexual-faz-6-milhoes-de-vitimas-no-mundo/
cnn,https://www.cnnbrasil.com.br/nacional/saul-klein-e-condenado/
cnn,https://www.cnnbrasil.com.br/nacional/mais-de-43-milhoes-de-pessoas-deixam-linha-da-pobreza-em-junho-diz-governo-federal/
cnn,https://www.cnnbrasil.com.br/nacional/policia-federal-investiga-rede-de-trafico-de-pessoas-do-brasil-para-a-italia/
cnn,https://www.cnnbrasil.com.br/nacional/policia-do-rio-prende-quadrilha-que-vendia-laudos-para-cultivo-de-maconha/
cnn,https://www.cnnbrasil.com.br/internacional/exclusivo-soldados-russos-capturados-relatam-horrores-da-guerra/
cnn,https://www.cnnbrasil.com.br/nacional/pf-procura-megatraficante-que-fugiu-de-helicoptero-apos-descobrir-operacao/
cnn,https://www.cnnbrasil.com.br/nacional/policia-federal-prende-83-pessoas-que-nao-recadastraram-armas-no-prazo/
cnn,https://www.cnnbrasil.com.br/nacional/justica-determina-prisao-de-donos-de-escola-investigada-por-maus-tratos-em-sp/
cnn,https://www.cnnbrasil.com.br/nacional/mp-denuncia-policial-do-df-por-enviar-boletins-de-ocorrencia-em-troca-de-dinheiro/
cnn,https://www.cnnbrasil.com.br/internacional/mediterraneo-registra-maior-numero-de-imigrantes-mortos-desde-2017/
cnn,https://www.cnnbrasil.com.br/internacional/remota-aldeia-do-paquistao-esta-abalada-apos-tragedia-com-barco-que-deixou-81-mortos/
cnn,https://www.cnnbrasil.com.br/nacional/nao-ha-mais-alertas-de-garimpo-ilegal-no-territorio-yanomami-diz-pf/
cnn,https://www.cnnbrasil.com.br/internacional/influenciador-andrew-tate-e-acusado-formalmente-de-trafico-humano-e-estupro-na-romenia/
cnn,https://www.cnnbrasil.com.br/internacional/mais-de-300-morreram-em-naufragio-na-grecia-dizem-autoridades-do-paquistao/
cnn,https://www.cnnbrasil.com.br/internacional/maior-povo-apatrida-do-mundo-vive-situacao-de-lento-exterminio/
cnn,https://www.cnnbrasil.com.br/nacional/operacao-da-pf-no-rio-ja-apreendeu-mais-de-16-mil-armas-ilegais/
cnn,https://www.cnnbrasil.com.br/internacional/corredor-da-morte-640-pessoas-ja-morreram-tentando-chegar-a-europa-pela-libia-so-neste-ano/
cnn,https://www.cnnbrasil.com.br/internacional/ele-ficou-sem-paises-para-visitar-entao-criou-o-seu-conheca-o-dj-williams/
cnn,https://www.cnnbrasil.com.br/entretenimento/britney-spears-entenda-como-foi-o-drama-da-tutela-ate-seu-sumico-dos-palcos/
cnn,https://www.cnnbrasil.com.br/internacional/policia-prende-25-pessoas-na-italia-belgica-e-alemanha-em-operacao-contra-a-mafia/
cnn,https://www.cnnbrasil.com.br/nacional/viuva-de-indigenista-bruno-pereira-acredita-que-marido-foi-morto-pelo-crime-organizado/
cnn,https://www.cnnbrasil.com.br/nacional/golpe-dos-nudes-presos-tentam-jogar-celulares-pela-janela-apos-operacao-da-policia-no-rs/
cnn,https://www.cnnbrasil.com.br/politica/entenda-os-votos-dos-ministros-do-stf-no-julgamento-sobre-descriminalizacao-das-drogas-para-consumo/
cnn,https://www.cnnbrasil.com.br/internacional/policia-italiana-prende-mafiosos-aliados-ao-pcc/
cnn,https://www.cnnbrasil.com.br/nacional/como-funciona-o-golpe-dos-nudes/
cnn,https://www.cnnbrasil.com.br/nacional/policia-civil-prende-ao-menos-16-em-operacao-contra-organizacao-criminosa-em-sp/
cnn,https://www.cnnbrasil.com.br/nacional/golpe-dos-nudes-policia-prende-pessoas-em-operacao-em-sc-e-no-rs/
cnn,https://www.cnnbrasil.com.br/internacional/policia-da-guatemala-prende-ex-procurador-por-acusacao-de-abuso-de-autoridade/
cnn,https://www.cnnbrasil.com.br/nacional/cnn-freedom-project-com-carlos-tramontina-estreia-na-cnn-brasil-em-4-de-junho/
cnn,https://www.cnnbrasil.com.br/internacional/estes-sao-os-principais-projetos-de-lei-assinados-este-ano-por-desantis-candidato-nos-eua/
cnn,https://www.cnnbrasil.com.br/nacional/julgamento-no-stf-pode-atenuar-efeitos-de-guerra-as-drogas-dizem-especialistas/
cnn,https://www.cnnbrasil.com.br/internacional/mp-da-indonesia-descarta-pena-de-morte-e-pede-12-anos-de-prisao-a-brasileira-por-trafico-de-drogas/
cnn,https://www.cnnbrasil.com.br/internacional/escritor-britanico-martin-amis-morre-aos-73-anos-diz-editora/
cnn,https://www.cnnbrasil.com.br/politica/stf-retoma-julgamento-sobre-descriminalizacao-do-porte-de-drogas-para-consumo-proprio-na-quarta-24/
cnn,https://www.cnnbrasil.com.br/nacional/homem-e-encontrado-morto-dentro-de-casa-um-dia-apos-operacao-policial-na-zona-norte-do-rio/
cnn,https://www.cnnbrasil.com.br/nacional/pf-prende-dois-suspeitos-de-trocar-etiquetas-em-bagagens-no-aeroporto-de-guarulhos/
cnn,https://www.cnnbrasil.com.br/nacional/policia-resgata-jacare-e-outros-85-animais-silvestres-mantidos-em-cativeiro-em-casa-de-sp/
cnn,https://www.cnnbrasil.com.br/nacional/policia-federal-faz-busca-e-apreensao-na-usina-nuclear-de-angra-1/
cnn,https://www.cnnbrasil.com.br/nacional/avos-de-menino-desaparecido-em-santa-catarina-pedem-a-guarda-provisoria-da-crianca/
cnn,https://www.cnnbrasil.com.br/nacional/pf-apreende-helicoptero-e-carros-de-luxo-em-operacao-contra-trafico-de-drogas-do-paraguai/
cnn,https://www.cnnbrasil.com.br/nacional/pf-apreende-770-tabletes-de-maconha-escondida-em-pneus-de-caminhao-em-sao-paulo/
cnn,https://www.cnnbrasil.com.br/politica/senado-aprova-projeto-que-classifica-acoes-do-crime-organizado-e-de-milicias-como-terrorismo/
cnn,https://www.cnnbrasil.com.br/nacional/policia-prende-duas-pessoas-em-local-utilizado-para-producao-da-droga-k9-em-sp/
cnn,https://www.cnnbrasil.com.br/nacional/justica-decreta-prisao-preventiva-de-homem-e-mulher-que-estavam-com-crianca-desaparecida-de-sc/
cnn,https://www.cnnbrasil.com.br/nacional/crianca-desaparecida-em-sc-teria-sido-entregue-pela-mae-a-mulher-que-foi-presa/
cnn,https://www.cnnbrasil.com.br/nacional/caso-bruno-e-dom-justica-federal-finaliza-oitivas-dos-tres-acusados/
cnn,https://www.cnnbrasil.com.br/nacional/policia-de-sp-encontra-bebe-que-havia-desaparecido-em-sc-e-prende-casal-por-trafico-de-pessoas/
cnn,https://www.cnnbrasil.com.br/nacional/pf-desarticula-quadrilha-que-usava-mergulhadores-para-levar-drogas-para-o-exterior/
cnn,https://www.cnnbrasil.com.br/internacional/brasileira-presa-com-drogas-na-indonesia-tem-audiencia-adiada/
cnn,https://www.cnnbrasil.com.br/nacional/pf-prende-homem-com-30kg-de-maconha-no-aeroporto-do-galeao/
cnn,https://www.cnnbrasil.com.br/internacional/apos-pagamento-de-resgate-homens-armados-liberam-74-criancas-na-nigeria/
cnn,https://www.cnnbrasil.com.br/nacional/pf-manda-delegado-ameacado-pelo-pcc-voltar-ao-brasil-e-gera-discussoes-na-corporacao/
cnn,https://www.cnnbrasil.com.br/internacional/singapura-executa-homem-preso-por-traficar-um-quilo-de-maconha/
cnn,https://www.cnnbrasil.com.br/nacional/duas-pessoas-sao-presas-em-acao-da-pf-contra-trafico-de-drogas-em-caixas-de-acai/
cnn,https://www.cnnbrasil.com.br/nacional/governo-estuda-fotografia-de-malas-antes-de-embarque-em-voos-internacionais/
cnn,https://www.cnnbrasil.com.br/nacional/preso-pela-pf-por-trafico-internacional-de-drogas-ingeriu-65-capsulas-contendo-cocaina/
cnn,https://www.cnnbrasil.com.br/nacional/traficante-bibi-perigosa-deixa-presidio-em-bangu-1-e-e-transferida-para-o-rn/
cnn,https://www.cnnbrasil.com.br/internacional/execucoes-no-ira-sobem-75-para-incutir-medo-em-manifestantes-diz-relatorio/
cnn,https://www.cnnbrasil.com.br/nacional/pf-investiga-pagamentos-do-pcc-a-funcionarios-do-aeroporto-de-guarulhos-desde-2019/
cnn,https://www.cnnbrasil.com.br/internacional/homens-armados-invadem-resort-no-mexico-e-matam-sete-pessoas/
cnn,https://www.cnnbrasil.com.br/internacional/governador-da-florida-desantis-assina-proibicao-do-aborto-por-seis-semanas/
cnn,https://www.cnnbrasil.com.br/politica/abin-checou-passado-de-45-mil-pessoas-para-assumirem-cargos-no-governo-lula/
cnn,https://www.cnnbrasil.com.br/nacional/cnn-brasil-contrata-carlos-tramontina/
cnn,https://www.cnnbrasil.com.br/nacional/pf-identifica-outra-vitima-brasileira-de-troca-de-etiqueta-de-malas/
cnn,https://www.cnnbrasil.com.br/nacional/apos-arrastoes-na-cracolandia-lojas-aumentam-seguranca-e-restringem-acesso/
cnn,https://www.cnnbrasil.com.br/entretenimento/so-aceito-um-trabalho-se-tambem-for-um-legado-para-meus-filhos-diz-bruno-gagliasso/
cnn,https://www.cnnbrasil.com.br/tecnologia/hong-kong-da-pista-de-como-e-viver-sem-o-tiktok/
cnn,https://www.cnnbrasil.com.br/internacional/naufragio-deixa-quatro-mortos/
cnn,https://www.cnnbrasil.com.br/nacional/seguranca-presente-resgata-bebe-em-ponto-de-venda-de-drogas-em-volta-redonda-rj/
cnn,https://www.cnnbrasil.com.br/internacional/ataques-em-burkina-faso-deixam-44-mortos/
cnn,https://www.cnnbrasil.com.br/internacional/brasileiras-presas-na-alemanha-descrevem-ambiente-desesperador-diz-advogada/
cnn,https://www.cnnbrasil.com.br/internacional/justica-alema-comeca-tramite-para-liberar-brasileiras-presas-por-trafico-apos-terem-malas-trocadas/
cnn,https://www.cnnbrasil.com.br/nacional/bibi-perigosa-policia-prende-traficante-apontada-como-chefe-de-faccao-no-rn/
cnn,https://www.cnnbrasil.com.br/internacional/prisao-de-jornalista-americano-acirra-confronto-de-kremlin-e-washington/
cnn,https://www.cnnbrasil.com.br/nacional/paraguaia-procurada-por-trafico-de-drogas-e-presa-no-mato-grosso-do-sul/
cnn,https://www.cnnbrasil.com.br/politica/esquerda-utilizou-sexualidade-como-forma-pejorativa-e-janones-apenas-tumultuou-ccj-diz-nikolas-ferreira-a-cnn/
cnn,https://www.cnnbrasil.com.br/economia/negocios/apple-lanca-carteira-digital-com-funcao-de-pagamento-parcelado-nos-eua/
cnn,https://www.cnnbrasil.com.br/nacional/brasil-tem-272-animais-e-210-plantas-invasoras-que-ameacam-biodiversidade-alerta-instituto/
cnn,https://www.cnnbrasil.com.br/nacional/mst-invade-fazenda-da-uniao-no-interior-de-goias-2/
cnn,https://www.cnnbrasil.com.br/nacional/aulas-sao-suspensas-apos-operacao-que-deixou-13-mortos-no-rio-de-janeiro/
cnn,https://www.cnnbrasil.com.br/nacional/pf-destroi-balsas-utilizadas-no-garimpo-ilegal-em-terra-indigena-no-vale-do-javari/
cnn,https://www.cnnbrasil.com.br/nacional/homem-que-tramou-ataque-a-moro-e-lideranca-do-pcc-e-levava-vida-de-luxo-diz-pf/
cnn,https://www.cnnbrasil.com.br/nacional/acao-policial-deixa-11-mortos-no-rio-claudio-castro-elogia-atuacao-da-policia/
cnn,https://www.cnnbrasil.com.br/internacional/senador-nigeriano-e-culpado-por-trafico-de-orgaos-para-o-reino-unido/
cnn,https://www.cnnbrasil.com.br/tecnologia/zuckerberg-e-meta-sao-acusados-de-falta-de-medidas-contra-trafico-sexual-e-abuso-de-criancas/
cnn,https://www.cnnbrasil.com.br/nacional/apreensao-de-60-fuzis-no-galeao-resulta-em-operacao-contra-trafico-internacional-de-armas/
cnn,https://www.cnnbrasil.com.br/politica/dino-e-alvo-de-15-pedidos-de-convocacao-na-comissao-de-seguranca-na-camara/
cnn,https://www.cnnbrasil.com.br/esportes/futebol/santos/ex-presidente-do-santos-fc-e-solto-apos-justica-anular-provas/
cnn,https://www.cnnbrasil.com.br/politica/mpf-analisa-pedidos-de-investigacao-contra-bolsonaro-por-joias-e-arma/
cnn,https://www.cnnbrasil.com.br/nacional/no-rio-de-janeiro-pf-apreende-cerca-de-1-000-armas-em-lojas-irregulares/
cnn,https://www.cnnbrasil.com.br/nacional/policia-mata-chefe-de-faccao-apontado-como-mandante-de-ataques-no-rn/
cnn,https://www.cnnbrasil.com.br/nacional/pf-e-receita-interceptam-oito-pessoas-com-drogas-no-aeroporto-de-guarulhos-em-sp/
cnn,https://www.cnnbrasil.com.br/politica/stf-suspende-julgamento-de-validade-de-prova-policial-em-abordagem-pela-cor-da-pele-2/
cnn,https://www.cnnbrasil.com.br/nacional/quem-e-a-delegada-da-pf-que-investiga-crimes-ha-44-anos-no-brasil/
cnn,https://www.cnnbrasil.com.br/internacional/parem-os-traficantes-de-pessoas-diz-papa-francisco-apos-naufragio-de-migrantes-na-italia/
cnn,https://www.cnnbrasil.com.br/politica/stf-suspende-julgamento-de-validade-de-prova-policial-em-abordagem-pela-cor-da-pele/
cnn,https://www.cnnbrasil.com.br/nacional/stf-julga-se-provas-colhidas-com-base-na-cor-da-pessoa-podem-ser-consideradas-invalidas/
cnn,https://www.cnnbrasil.com.br/internacional/naufragio-imigrantes-italia/
cnn,https://www.cnnbrasil.com.br/internacional/cantor-r-kelly-e-condenado-a-20-anos-por-pornografia-infantil-ele-ja-cumpre-30-anos-por-trafico-sexual/
cnn,https://www.cnnbrasil.com.br/nacional/apos-titulo-interprete-da-imperatriz-alfineta-influenciadora-entenda/
cnn,https://www.cnnbrasil.com.br/nacional/tres-pessoas-sao-presas-com-450kg-de-substancia-semelhante-a-maconha/
cnn,https://www.cnnbrasil.com.br/nacional/operacao-contra-trafico-internacional-mira-empresario-que-comprou-rancho-e-cavalos-com-dinheiro-do-crime/
cnn,https://www.cnnbrasil.com.br/internacional/o-drama-dos-orfaos-deixados-pelo-terremoto-na-turquia-e-na-siria/
cnn,https://www.cnnbrasil.com.br/nacional/mandante-do-homicidio-do-promotor-paraguaio-marcelo-pecci-e-preso-pela-pf-e-pc-rj/
cnn,https://www.cnnbrasil.com.br/internacional/familia-de-brasileira-presa-na-indonesia-faz-vaquinha-online-para-contratar-advogado/
cnn,https://www.cnnbrasil.com.br/politica/extremismo-transformou-pessoas-em-zumbis-diz-moraes/
cnn,https://www.cnnbrasil.com.br/internacional/cemiterio-russo-abriga-mortos-do-exercito-de-mercenarios-do-grupo-wagner/
cnn,https://www.cnnbrasil.com.br/internacional/atraida-por-escola-de-surf-brasileira-de-19-anos-e-presa-com-3-kg-de-cocaina-em-bali/
cnn,https://www.cnnbrasil.com.br/noticias/duzentas-criancas-refugiadas-desaparecem-no-reino-unido-e-abrem-nova-crise-politica/
cnn,https://www.cnnbrasil.com.br/nacional/cinco-pessoas-morrem-em-chacina-no-interior-de-pernambuco/
cnn,https://www.cnnbrasil.com.br/politica/veja-quem-sao-os-presos-em-nova-fase-de-operacao-da-pf-por-atos-criminosos-em-brasilia/
cnn,https://www.cnnbrasil.com.br/nacional/policia-federal-faz-operacao-contra-abuso-sexual-infantil-e-prende/
cnn,https://www.cnnbrasil.com.br/nacional/pf-e-mp-prendem-em-operacao-contra-grupo-que-movimentou-r-100-milhoes-com-trafico-e-lavagem-de-dinheiro/
cnn,https://www.cnnbrasil.com.br/nacional/chacina-no-df-tres-corpos-sao-encontrados-dentro-de-uma-cisterna-diz-policia/
cnn,https://www.cnnbrasil.com.br/politica/aliado-de-bolsonaro-propos-no-ano-passado-anistia-a-manifestantes-que-pediam-golpe-nos-quarteis/
cnn,https://www.cnnbrasil.com.br/nacional/aviao-de-r-2-milhoes-e-roubado-por-criminosos-dentro-de-clube-no-piaui/
cnn,https://www.cnnbrasil.com.br/politica/terroristas-cometeram-crimes-e-agora-querem-que-prisao-seja-colonia-de-ferias-diz-moraes/
cnn,https://www.cnnbrasil.com.br/politica/nao-permitiremos-interferencias-na-acao-da-pf-diz-diretor-andrei-rodrigues-em-posse/
cnn,https://www.cnnbrasil.com.br/internacional/extradicao-do-filho-de-el-chapo-para-os-eua-e-interrompida/
cnn,https://www.cnnbrasil.com.br/esportes/futebol/anistia-pede-que-cristiano-ronaldo-se-posicione-sobre-direitos-humanos-na-arabia-saudita/
cnn,https://www.cnnbrasil.com.br/internacional/biden-perdoa-condenada-por-assassinato-e-mais-5-pessoas-por-crimes-envolvendo-drogas/
cnn,https://www.cnnbrasil.com.br/nacional/confira-as-condenacoes-e-prisoes-que-marcaram-o-brasil-e-o-mundo-em-2022/
cnn,https://www.cnnbrasil.com.br/nacional/pf-combate-operacao-de-trafico-internacional-que-utilizava-embalagem-de-agrotoxico/
cnn,https://www.cnnbrasil.com.br/lifestyle/veja-alertas-de-viagem-que-paises-fazem-para-seus-cidadaos-sobre-violencia-nos-eua/
cnn,https://www.cnnbrasil.com.br/internacional/russia-vai-proibir-estrangeiros-de-usar-maes-de-aluguel-do-pais-diz-parlamentar/
cnn,https://www.cnnbrasil.com.br/economia/macroeconomia/ministros-do-stj-e-do-tse-discutem-como-garantir-seguranca-juridica-no-brasil/
cnn,https://www.cnnbrasil.com.br/nacional/policia-civil-desestrutura-celula-do-pcc-no-distrito-federal/
cnn,https://www.cnnbrasil.com.br/nacional/policiais-apreendem-uma-tonelada-de-maconha-no-lago-de-itaipu/
cnn,https://www.cnnbrasil.com.br/nacional/stf-decide-manter-descontos-para-jovens-de-baixa-renda-em-onibus-interestaduais/
cnn,https://www.cnnbrasil.com.br/nacional/quatro-pessoas-sao-presas-em-operacao-contra-trafico-e-crimes-contra-administracao-publica/
cnn,https://www.cnnbrasil.com.br/nacional/flordelis-vai-de-estrela-gospel-a-ex-deputada-e-re-por-assassinato/
cnn,https://www.cnnbrasil.com.br/internacional/putin-assina-lei-para-recrutar-cidadaos-russos-condenados-por-crimes-graves/
cnn,https://www.cnnbrasil.com.br/internacional/pesquisa-presidente-do-chile-alcancou-a-maior-reprovacao-da-sua-administracao/
cnn,https://www.cnnbrasil.com.br/nacional/postagens-confundem-documento-com-plano-de-governo-de-lula/
cnn,https://www.cnnbrasil.com.br/politica/lula-e-bolsonaro-se-enfrentam-no-ultimo-debate-da-eleicao-para-presidente/
cnn,https://www.cnnbrasil.com.br/nacional/deputado-eleito-repete-alegacoes-ja-desmentidas-para-tentar-ligar-lula-a-farc/
cnn,https://www.cnnbrasil.com.br/internacional/organizacao-pede-que-a-colombia-ajude-venezuela-a-respeitar-direitos-humanos/
cnn,https://www.cnnbrasil.com.br/entretenimento/fhc-e-laurentino-gomes-disputam-premio-jabuti-veja-indicados/
cnn,https://www.cnnbrasil.com.br/nacional/pf-apreende-avioes-e-faz-prisoes-de-envolvidos-no-trafico-internacional-de-drogas/
cnn,https://www.cnnbrasil.com.br/nacional/operacoes-da-policia-federal-miram-armas-de-cacs-em-sete-estados/
cnn,https://www.cnnbrasil.com.br/politica/cnn-e-pool-de-veiculos-entrevistam-bolsonaro/
cnn,https://www.cnnbrasil.com.br/nacional/policia-federal-desmonta-esquema-de-lavagem-de-dinheiro-em-sete-estados/
cnn,https://www.cnnbrasil.com.br/nacional/marido-da-cantora-perlla-e-preso-em-operacao-da-pf-contra-esquema-de-piramide-financeira-que-gerou-prejuizo-de-r-41-bilhoes/
cnn,https://www.cnnbrasil.com.br/politica/policia-investiga-intimidacao-a-pm-em-tiroteio-durante-campanha-de-tarcisio/
cnn,https://www.cnnbrasil.com.br/politica/comissao-do-senado-convida-damares-para-explicar-supostos-crimes-contra-criancas/
cnn,https://www.cnnbrasil.com.br/nacional/cpx-em-bone-usado-por-lula-significa-complexo-e-nao-tem-relacao-com-faccao/
cnn,https://www.cnnbrasil.com.br/politica/pf-combate-fraudes-em-sistema-do-sus-para-recebimento-de-emendas-parlamentares/
cnn,https://www.cnnbrasil.com.br/internacional/nova-york-anuncia-maior-apreensao-de-fentanil-arco-iris-da-historia/
cnn,https://www.cnnbrasil.com.br/nacional/mpf-do-para-diz-que-nunca-recebeu-denuncia-sobre-trafico-de-criancas-no-marajo/
cnn,https://www.cnnbrasil.com.br/politica/lula-busca-virada-em-belo-horizonte-bolsonaro-mira-o-norte-de-mg/
cnn,https://www.cnnbrasil.com.br/nacional/pf-combate-trafico-de-drogas-alvo-da-operacao-estava-em-regime-semiaberto/
cnn,https://www.cnnbrasil.com.br/internacional/brasileiro-suspeito-de-agir-como-coiote-e-indiciado-em-massachusetts/
cnn,https://www.cnnbrasil.com.br/politica/eleicoes-2022-veja-o-desempenho-dos-envolvidos-na-cpi-da-covid/
cnn,https://www.cnnbrasil.com.br/politica/texto-viral-com-nove-propostas-de-lula-traz-informacoes-falsas-sobre-programa/
cnn,https://www.cnnbrasil.com.br/nacional/pf-cria-biblioteca-do-ouro-com-amostras-do-brasil-e-de-outros-paises-da-america/
cnn,https://www.cnnbrasil.com.br/politica/areas-de-milicias-e-trafico-no-rio-terao-seguranca-reforcada-nas-eleicoes/
cnn,https://www.cnnbrasil.com.br/nacional/policia-civil-analisa-imagens-e-ouve-testemunhas-de-desabamento-em-sp/
cnn,https://www.cnnbrasil.com.br/nacional/desabamento-em-itapecerica-da-serra-sp-deixa-feridos-segundo-bombeiros/
cnn,https://www.cnnbrasil.com.br/nacional/pf-desarticula-tres-organizacoes-ligadas-ao-trafico-internacional-de-cocaina/
cnn,https://www.cnnbrasil.com.br/internacional/americano-preso-por-2-anos-no-afeganistao-e-libertado-em-troca-de-prisioneiros/
cnn,https://www.cnnbrasil.com.br/nacional/evento-sobre-cannabis-debate-justica-social-sustentabilidade-e-geracao-de-renda/
cnn,https://www.cnnbrasil.com.br/politica/candidatos-nao-podem-ser-presos-a-partir-deste-sabado-a-nao-ser-em-flagrante/
cnn,https://www.cnnbrasil.com.br/internacional/conselho-do-texas-nega-perdao-postumo-a-george-floyd-por-trafico/
cnn,https://www.cnnbrasil.com.br/nacional/bandeiras-em-janelas-de-condominios-pode-ir-contra-a-legislacao-entenda/
cnn,https://www.cnnbrasil.com.br/nacional/o-que-se-sabe-sobre-a-morte-do-ganhador-da-mega-sena/
cnn,https://www.cnnbrasil.com.br/politica/ciro-promete-cortar-renuncias-fiscais-e-federalizar-combate-a-faccoes-criminosas/
cnn,https://www.cnnbrasil.com.br/nacional/pf-investiga-organizacao-criminosa-que-alicia-jovens-para-trafico-internacional/
cnn,https://www.cnnbrasil.com.br/nacional/pf-faz-operacao-contra-fraudes-em-beneficios-e-falsificacao-de-documentos/
cnn,https://www.cnnbrasil.com.br/internacional/policia-escocesa-detem-homem-que-importunou-principe-andrew-durante-procissao/
cnn,https://www.cnnbrasil.com.br/nacional/policia-federal-investiga-roubo-de-computadores-de-orgaos-publicos-federais/
cnn,https://www.cnnbrasil.com.br/nacional/pf-e-mpt-libertam-paraguaios-em-trabalho-analogo-a-escravidao-no-ms/
cnn,https://www.cnnbrasil.com.br/branded-content/nacional/aviao-solidario-da-latam-encurta-distancias-e-conecta-com-quem-mais-precisa/
cnn,https://www.cnnbrasil.com.br/nacional/pf-e-pm-apreendem-mais-de-uma-tonelada-de-drogas-em-rio-na-amazonia/
cnn,https://www.cnnbrasil.com.br/entretenimento/rock-in-rio-maneskin-fala-a-cnn-sobre-liberdade-fama-e-primeira-turne-mundial/
cnn,https://www.cnnbrasil.com.br/branded-content/entretenimento/marta-e-porta-voz-da-campanha-sustentabilidade-um-destino-necessario-da-latam/
cnn,https://www.cnnbrasil.com.br/internacional/oito-policiais-morrem-em-ataque-mais-letal-na-colombia-desde-posse-de-petro/
cnn,https://www.cnnbrasil.com.br/nacional/pf-conclui-inquerito-e-aponta-associacao-criminosa-sobre-drogas-em-aviao-da-fab/
cnn,https://www.cnnbrasil.com.br/nacional/operacao-da-pf-combate-traficantes-que-escondiam-drogas-em-tripas-de-animais/
cnn,https://www.cnnbrasil.com.br/politica/armar-a-populacao-nao-tem-nada-a-ver-com-armar-bandidos-diz-castro/
cnn,https://www.cnnbrasil.com.br/nacional/oito-milicianos-sao-presos-em-operacao-da-pf-e-do-mp-no-rio/
cnn,https://www.cnnbrasil.com.br/nacional/contra-estereotipos-racistas-autor-destaca-qualidades-de-negros-na-historia/
cnn,https://www.cnnbrasil.com.br/nacional/pf-prende-integrante-da-mafia-italiana-ndrangheta-em-goias/
cnn,https://www.cnnbrasil.com.br/politica/ministro-diz-que-acao-contra-empresarios-mostra-desequilibrio-do-judiciario/
cnn,https://www.cnnbrasil.com.br/nacional/policia-federal-faz-operacao-contra-trafico-de-mulheres-brasileiras-para-europa/
cnn,https://www.cnnbrasil.com.br/entretenimento/autor-de-bom-dia-veronica-da-netflix-o-problema-do-machismo-e-de-todos-nos/
cnn,https://www.cnnbrasil.com.br/internacional/colombia-quer-fim-da-guerra-as-drogas/
cnn,https://www.cnnbrasil.com.br/nacional/pf-apreende-mais-de-2-toneladas-de-drogas-em-operacoes-neste-sabado-20/
cnn,https://www.cnnbrasil.com.br/internacional/congresso-do-chile-realizara-teste-de-drogas-em-deputados-selecionados-entenda/
cnn,https://www.cnnbrasil.com.br/nacional/com-137-anos-liceu-coracao-de-jesus-anuncia-fim-das-atividades-de-ensino/
cnn,https://www.cnnbrasil.com.br/politica/lula-diz-que-modelo-atual-da-ficha-limpa-e-bobagem-e-defende-mudancas-na-lei/
cnn,https://www.cnnbrasil.com.br/nacional/pf-e-receita-fazem-operacao-contra-contrabando-corrupcao-e-trafico-de-drogas/
cnn,https://www.cnnbrasil.com.br/internacional/equador-diz-que-explosao-mortal-em-guayaquil-esta-ligada-a-faccoes-criminosas/
cnn,https://www.cnnbrasil.com.br/politica/boris-casoy-e-a-violencia/
cnn,https://www.cnnbrasil.com.br/internacional/criminosos-ganham-vantagem-na-guerra-com-a-policia-haitiana/
cnn,https://www.cnnbrasil.com.br/entretenimento/novidade-nas-telonas-confira-as-estreias-desta-semana-nos-cinemas/
cnn,https://www.cnnbrasil.com.br/politica/candidato-ficha-suja-pode-disputar-as-eleicoes-entenda-as-regras/
cnn,https://www.cnnbrasil.com.br/politica/bolsonaro-chama-barroso-de-criminoso-e-critica-moraes-por-perseguicao-implacavel/
cnn,https://www.cnnbrasil.com.br/tecnologia/santuario-na-liberia-resgata-pangolins-mamiferos-mais-traficados-do-mundo/
cnn,https://www.cnnbrasil.com.br/internacional/governo-biden-oferece-traficante-de-armas-russo-condenado-em-troca-de-jogadora-de-basquete/
cnn,https://www.cnnbrasil.com.br/internacional/traficantes-de-pessoas-dao-informacoes-erradas-a-imigrantes-ilegais-diz-orgao-dos-eua/
cnn,https://www.cnnbrasil.com.br/nacional/brasil-soma-mais-de-13-mil-resgatados-por-trabalho-analogo-a-escravidao-em-10-anos/
cnn,https://www.cnnbrasil.com.br/nacional/em-15-anos-15-de-operacoes-policiais-no-rj-foram-eficientes-aponta-pesquisa/
cnn,https://www.cnnbrasil.com.br/nacional/perdemos-o-pilar-da-familia-diz-filha-de-mulher-morta-em-operacao-no-rio/
cnn,https://www.cnnbrasil.com.br/internacional/espanha-tem-tres-mortos-menos-de-24-horas-apos-festivais-de-touros/
cnn,https://www.cnnbrasil.com.br/internacional/cidade-japonesa-caca-macaco-selvagem-apos-serie-de-ataques/
cnn,https://www.cnnbrasil.com.br/nacional/pf-realiza-operacao-que-investiga-lavagem-de-dinheiro-em-licitacoes-da-codevasf/
cnn,https://www.cnnbrasil.com.br/internacional/putin-forja-lacos-com-lider-supremo-do-ira-nas-negociacoes-em-teera/
cnn,https://www.cnnbrasil.com.br/internacional/eua-colocam-russia-em-lista-de-paises-envolvidos-com-trafico-humano-e-criancas-soldado/
cnn,https://www.cnnbrasil.com.br/entretenimento/colocamos-foco-em-uma-coisa-que-ja-existe-diz-ator-de-serie-brasileira-sintonia/
cnn,https://www.cnnbrasil.com.br/internacional/veja-quem-sao-os-10-fugitivos-mais-procurados-pelo-fbi-nos-estados-unidos/
cnn,https://www.cnnbrasil.com.br/esportes/olimpiadas/policia-abre-inquerito-apos-atleta-dizer-que-foi-vitima-de-trafico-de-criancas/
cnn,https://www.cnnbrasil.com.br/nacional/policia-apreende-102-mil-papelotes-de-cocaina-14-mil-de-maconha-e-prende-4-homens-em-sp/
cnn,https://www.cnnbrasil.com.br/nacional/policia-federal-deflagra-operacao-contra-trafico-internacional-de-drogas/
cnn,https://www.cnnbrasil.com.br/esportes/outros-esportes/mo-farah-revela-que-foi-traficado-ilegalmente-para-o-reino-unido-quando-crianca/
cnn,https://www.cnnbrasil.com.br/nacional/justica-federal-decreta-prisao-preventiva-de-suspeitos-nas-mortes-de-dom-e-bruno/
cnn,https://www.cnnbrasil.com.br/internacional/singapura-executa-dois-traficantes-de-drogas-ignorando-criticas-de-ativistas/
cnn,https://www.cnnbrasil.com.br/politica/pre-candidatos-a-presidencia-falam-sobre-a-reducao-da-maioridade-penal/
cnn,https://www.cnnbrasil.com.br/politica/comissao-do-senado-defende-presenca-do-governo-e-seguranca-a-forca-tarefa-no-vale-do-javari/
cnn,https://www.cnnbrasil.com.br/politica/defesa-de-milton-ribeiro-pede-que-stf-arquive-inquerito-que-investiga-ex-gestor/
cnn,https://www.cnnbrasil.com.br/internacional/motorista-de-caminhao-suspeito-por-mortes-no-texas-usou-metanfetamina-diz-parlamentar/
cnn,https://www.cnnbrasil.com.br/politica/oposicao-e-governo-se-articulam-por-cpi-do-mec-veja-proximos-passos/
cnn,https://www.cnnbrasil.com.br/internacional/suposto-motorista-do-caminhao-se-passou-por-vitima-apos-morte-de-imigrantes-no-texas/
cnn,https://www.cnnbrasil.com.br/saude/desmatamento-e-caca-ilegal-podem-causar-novas-epidemias-no-brasil-diz-estudo-da-fiocruz/
cnn,https://www.cnnbrasil.com.br/internacional/ghislaine-maxwell-ex-de-epstein-e-condenada-a-20-anos-de-prisao-por-trafico-sexual/
cnn,https://www.cnnbrasil.com.br/politica/deputados-debatem-possiveis-impactos-da-cpi-do-mec-em-ano-de-eleicoes/
cnn,https://www.cnnbrasil.com.br/internacional/aumenta-numero-de-migrantes-mortos-no-texas-biden-e-lopez-obrador-se-reunirao/
cnn,https://www.cnnbrasil.com.br/politica/veja-o-que-se-sabe-sobre-o-caso-do-ex-ministro-da-educacao-milton-ribeiro/
cnn,https://www.cnnbrasil.com.br/politica/defesa-de-milton-ribeiro-reafirma-que-ex-ministro-nao-cometeu-qualquer-ilicitude/
cnn,https://www.cnnbrasil.com.br/politica/assessores-de-ribeiro-pediram-demissao-por-atuacao-de-pastores-no-mec-revela-cgu/
cnn,https://www.cnnbrasil.com.br/internacional/senador-nigeriano-e-acusado-de-planejar-extracao-de-orgaos-de-adolescente/
cnn,https://www.cnnbrasil.com.br/politica/justica-envia-ao-stf-investigacao-sobre-milton-ribeiro-por-possivel-interferencia-na-pf/
cnn,https://www.cnnbrasil.com.br/politica/pre-candidatos-a-presidencia-falam-sobre-as-regras-para-liberacao-de-recursos-da-educacao-via-fnde/
cnn,https://www.cnnbrasil.com.br/politica/mpf-se-manifestou-contra-prisao-de-ribeiro-mas-diz-que-supostos-crimes-tiveram-seu-respaldo/
cnn,https://www.cnnbrasil.com.br/politica/defesa-de-milton-ribeiro-pede-revogacao-de-prisao-ataque-em-mg-e-mais-de-23-de-junho/
cnn,https://www.cnnbrasil.com.br/politica/impacto-da-prisao-de-milton-ribeiro-no-governo-e-tema-do-debate-cnn/
cnn,https://www.cnnbrasil.com.br/politica/pre-candidatos-reagem-a-prisao-de-milton-ribeiro-e-citam-corrupcao/
cnn,https://www.cnnbrasil.com.br/politica/cpi-podera-quebrar-sigilo-fiscal-de-pastores-diz-presidente-da-comissao-de-educacao-no-senado/
cnn,https://www.cnnbrasil.com.br/politica/victor-godoy-diz-que-pediu-apuracao-de-supostas-irregularidades-e-que-deu-suporte-a-pf/
cnn,https://www.cnnbrasil.com.br/politica/julgo-que-a-verdade-ira-triunfar-diz-mourao-sobre-milton-ribeiro/
cnn,https://www.cnnbrasil.com.br/politica/se-for-culpado-vai-pagar-diz-bolsonaro-sobre-prisao-de-milton-ribeiro/
cnn,https://www.cnnbrasil.com.br/politica/leia-na-integra-a-versao-final-das-diretrizes-do-programa-de-governo-de-lula/
cnn,https://www.cnnbrasil.com.br/internacional/ator-ben-stiller-visita-ucrania-e-pede-apoio-para-refugiados/
cnn,https://www.cnnbrasil.com.br/internacional/quatro-pessoas-sao-condenadas-por-assassinato-de-promotor-paraguaio-na-colombia/
cnn,https://www.cnnbrasil.com.br/nacional/ausencia-do-estado-nas-fronteiras-gera-ambiente-propicio-a-criminalidade-diz-especialista/
cnn,https://www.cnnbrasil.com.br/politica/pesquisa-realtime-big-data-para-governo-do-ms-trad-tem-22-pucinelli-21-rose-15/
cnn,https://www.cnnbrasil.com.br/nacional/ameacas-na-area-de-desaparecimento-tem-crescido-diz-porta-voz-da-univaja/
cnn,https://www.cnnbrasil.com.br/internacional/como-a-memoria-negra-e-lembrada-na-capital-dos-estados-unidos/
cnn,https://www.cnnbrasil.com.br/politica/pre-candidatos-a-presidente-falam-sobre-a-atuacao-da-funai-na-amazonia/
cnn,https://www.cnnbrasil.com.br/nacional/pf-faz-operacao-para-investigar-desvios-de-produtos-quimicos-para-narcotrafico/
cnn,https://www.cnnbrasil.com.br/nacional/equipes-de-buscas-por-dupla-no-amazonas-prendem-um-suspeito/
cnn,https://www.cnnbrasil.com.br/internacional/menina-de-dez-anos-e-presa-apos-matar-mulher-que-discutia-com-sua-mae-nos-eua/
cnn,https://www.cnnbrasil.com.br/internacional/mais-de-7-milhoes-de-pessoas-deixaram-a-ucrania-diz-agencia-da-onu/
cnn,https://www.cnnbrasil.com.br/internacional/policia-da-colombia-prende-seis-suspeitos-por-morte-de-promotor-um-e-brasileiro/
cnn,https://www.cnnbrasil.com.br/nacional/buscas-por-jornalista-e-indigenista-desaparecidos-sao-retomadas-no-amazonas/
cnn,https://www.cnnbrasil.com.br/internacional/zelensky-diz-que-reino-unido-fornece-a-kiev-exatamente-as-armas-que-precisa/
cnn,https://www.cnnbrasil.com.br/internacional/ministro-do-meio-ambiente-da-republica-dominicana-morre-apos-ser-baleado-em-seu-gabinete/
cnn,https://www.cnnbrasil.com.br/internacional/ataques-aereos-e-com-misseis-russos-aumentam-em-varias-frentes-diz-defesa-da-ucrania/
cnn,https://www.cnnbrasil.com.br/internacional/enviada-da-onu-na-ucrania-aponta-para-possivel-crise-de-trafico-de-pessoas/
cnn,https://www.cnnbrasil.com.br/politica/pre-candidatos-a-presidente-falam-sobre-a-atuacao-das-forcas-federais-de-seguranca/
cnn,https://www.cnnbrasil.com.br/internacional/agentes-federais-descobrem-tunel-que-liga-mexico-e-estados-unidos/
cnn,https://www.cnnbrasil.com.br/nacional/justica-nega-prisao-preventiva-de-saul-klein-por-crimes-sexuais/
cnn,https://www.cnnbrasil.com.br/politica/pre-candidatos-a-presidencia-falam-sobre-a-liberacao-da-maconha-no-brasil/
cnn,https://www.cnnbrasil.com.br/entretenimento/cineasta-breno-silveira-morre-aos-58-anos-em-pernambuco/
cnn,https://www.cnnbrasil.com.br/nacional/homem-e-baleado-e-morto-na-regiao-da-cracolandia-em-sao-paulo/
cnn,https://www.cnnbrasil.com.br/nacional/policia-destroi-memorial-feito-para-vitimas-de-operacao-que-matou-28-pessoas-no-rio/
cnn,https://www.cnnbrasil.com.br/nacional/policia-de-sao-paulo-faz-operacao-na-regiao-da-nova-cracolandia/
cnn,https://www.cnnbrasil.com.br/internacional/promotor-paraguaio-que-combate-crime-organizado-e-morto-na-colombia/
cnn,https://www.cnnbrasil.com.br/nacional/um-ano-apos-operacao-com-28-mortos-quatro-policiais-foram-denunciados-no-rio/
cnn,https://www.cnnbrasil.com.br/nacional/policia-federal-encontra-tres-mortos-em-reserva-indigena-no-para/
cnn,https://www.cnnbrasil.com.br/internacional/maes-que-fugiram-da-ucrania-para-proteger-os-filhos-estao-voltando-para-casa/
cnn,https://www.cnnbrasil.com.br/nacional/policia-indicia-e-pede-prisao-preventiva-de-saul-klein-por-crimes-sexuais/
cnn,https://www.cnnbrasil.com.br/nacional/policia-do-rio-prende-chefe-do-trafico-do-mato-grosso-do-sul-em-copacabana/
cnn,https://www.cnnbrasil.com.br/internacional/camara-de-lisboa-aprova-gratuidade-para-jovens-e-idosos-no-transporte-municipal/
cnn,https://www.cnnbrasil.com.br/entretenimento/comovente-e-imersiva-a-animacao-flee-chega-ao-brasil/
cnn,https://www.cnnbrasil.com.br/nacional/policia-do-rj-faz-operacao-contra-sites-que-pirateiam-tv-por-assinatura/
cnn,https://www.cnnbrasil.com.br/nacional/cresce-300-o-uso-de-nome-social-nas-escolas-publicas-na-ultima-decada/
cnn,https://www.cnnbrasil.com.br/internacional/onu-alerta-para-estupro-e-violencia-sexual-contra-mulheres-e-criancas-ucranianas/
cnn,https://www.cnnbrasil.com.br/economia/macroeconomia/veja-quem-viajara-na-primeira-missao-de-turismo-espacial-da-spacex/
cnn,https://www.cnnbrasil.com.br/politica/presidente-do-fnde-relata-presenca-de-pastores-em-eventos-no-mec/
cnn,https://www.cnnbrasil.com.br/nacional/redes-sociais-demonstram-aumento-da-consciencia-sobre-violencia-domestica-diz-pesquisadora/
cnn,https://www.cnnbrasil.com.br/noticias/apreensao-de-droga-atribuida-a-bruna-maranhao-ocorreu-quatro-anos-apos-sua-morte/
cnn,https://www.cnnbrasil.com.br/nacional/canadense-presa-com-cocaina-no-aeroporto-de-guarulhos-diz-ser-vitima-do-golpe-da-heranca/
cnn,https://www.cnnbrasil.com.br/internacional/mais-de-150-criancas-morreram-desde-o-inicio-da-invasao-russa-diz-ucrania/
cnn,https://www.cnnbrasil.com.br/politica/ex-ministro-milton-ribeiro-confirma-a-pf-que-atendeu-pastores-a-pedido-de-bolsonaro/
cnn,https://www.cnnbrasil.com.br/nacional/a-comunidade-esta-no-front/
cnn,https://www.cnnbrasil.com.br/internacional/mais-de-10-milhoes-de-ucranianos-fugiram-de-casa-desde-o-inicio-da-guerra-diz-onu/
cnn,https://www.cnnbrasil.com.br/internacional/conheca-historias-de-pessoas-que-estao-oferecendo-abrigo-a-refugiados-da-ucrania/
cnn,https://www.cnnbrasil.com.br/internacional/guerra-esta-causando-danos-a-seguranca-alimentar-diz-embaixadora-dos-eua-na-onu/
cnn,https://www.cnnbrasil.com.br/internacional/oms-relata-64-ataques-a-unidades-de-saude-na-ucrania/
cnn,https://www.cnnbrasil.com.br/internacional/acnur-criancas-fugindo-desacompanhadas-da-ucrania-sao-alvos-de-trafico-humano/
cnn,https://www.cnnbrasil.com.br/nacional/policia-federal-prende-contrabandista-de-migrantes-em-minas-gerais/
cnn,https://www.cnnbrasil.com.br/internacional/russo-vencedor-do-nobel-da-paz-leiloara-medalha-para-ajudar-refugiados-ucranianos/
cnn,https://www.cnnbrasil.com.br/internacional/ucrania-anuncia-sete-corredores-humanitarios-abertos-neste-domingo-20/
cnn,https://www.cnnbrasil.com.br/internacional/refugiados-ucranianos-fogem-do-conflito-e-encontram-abrigo-no-brasil/
cnn,https://www.cnnbrasil.com.br/internacional/mais-de-6-600-pessoas-passaram-por-corredores-humanitarios-neste-sabado-diz-ucrania/
cnn,https://www.cnnbrasil.com.br/internacional/unicef-diz-que-15-milhao-de-criancas-fugiu-da-ucrania-desde-inicio-da-guerra/
cnn,https://www.cnnbrasil.com.br/internacional/profissionais-de-saude-lutam-para-levar-insulina-a-diabeticos-na-ucrania/
cnn,https://www.cnnbrasil.com.br/nacional/policia-civil-de-sp-resgata-oito-imigrantes-bolivianos-de-trabalho-analogo-ao-escravo/
cnn,https://www.cnnbrasil.com.br/internacional/mais-de-2-milhoes-de-refugiados-entraram-na-polonia-vindos-da-ucrania/
cnn,https://www.cnnbrasil.com.br/internacional/zelensky-adverte-quem-se-unir-a-russia-esta-sera-a-pior-decisao-de-sua-vida/
cnn,https://www.cnnbrasil.com.br/internacional/reporter-da-cnn-mostra-que-trafico-de-pessoas-gera-temor-entre-refugiados-na-ucrania/
cnn,https://www.cnnbrasil.com.br/nacional/pf-tem-novo-diretor-de-investigacao-e-combate-ao-crime-organizado/
cnn,https://www.cnnbrasil.com.br/nacional/policia-federal-deflagra-operacao-sobre-fraude-bilionaria-no-seguro-defeso/
cnn,https://www.cnnbrasil.com.br/nacional/ministerio-da-justica-muda-para-18-anos-classificacao-etaria-de-filme-de-gentili/
cnn,https://www.cnnbrasil.com.br/nacional/ministerio-da-justica-determina-remocao-do-filme-como-se-tornar-o-pior-aluno-da-escola/
cnn,https://www.cnnbrasil.com.br/nacional/ronnie-lessa-e-um-dos-alvos-da-pf-em-operacao-contra-trafico-internacional-de-armas/
cnn,https://www.cnnbrasil.com.br/nacional/caio-pellim-assume-a-diretoria-de-investigacao-contra-corrupcao-da-pf/
cnn,https://www.cnnbrasil.com.br/internacional/filipinas-aumentam-idade-de-consentimento-sexual-de-12-para-16-anos/
cnn,https://www.cnnbrasil.com.br/nacional/justica-manda-arquivar-inquerito-contra-rapaz-que-foi-preso-ao-comprar-pao-no-rj/
cnn,https://www.cnnbrasil.com.br/internacional/o-que-putin-pode-estar-planejando-para-a-ucrania/
cnn,https://www.cnnbrasil.com.br/internacional/defesa-de-brasileiro-preso-por-trafico-reune-documentos-para-enviar-a-tailandia/
cnn,https://www.cnnbrasil.com.br/nacional/mp-do-rio-recebe-95-laudos-de-pericia-feitos-em-sao-paulo-sobre-operacao-no-jacarezinho/
cnn,https://www.cnnbrasil.com.br/politica/pf-indicia-primo-de-davi-alcolumbre-por-trafico-e-organizacao-criminosa/
cnn,https://www.cnnbrasil.com.br/tecnologia/facebook-esta-reformulando-toda-sua-marca-mas-enfrenta-mesmos-velhos-problemas/
cnn,https://www.cnnbrasil.com.br/politica/sem-excludente-de-ilicitude-camara-aprova-atualizacao-do-codigo-penal-militar/
cnn,https://www.cnnbrasil.com.br/nacional/negros-correspondem-a-63-das-pessoas-abordadas-por-policiais-no-rio-de-janeiro/
cnn,https://www.cnnbrasil.com.br/internacional/russia-diz-que-ajuda-militar-a-venezuela-nao-sera-usada-para-atacar-colombia/
cnn,https://www.cnnbrasil.com.br/nacional/estudo-mostra-que-operacoes-policiais-afetaram-diretamente-74-das-escolas-do-rio/
cnn,https://www.cnnbrasil.com.br/politica/em-carta-moro-defende-reabilitacao-de-presos-e-usuarios-de-drogas-por-igrejas/
cnn,https://www.cnnbrasil.com.br/internacional/operacao-mata-lider-do-estado-islamico-tensao-militar-com-a-russia-se-acirra/
cnn,https://www.cnnbrasil.com.br/internacional/lider-do-estado-islamico-morto-era-figura-chave-no-trafico-de-mulheres-diz-ong/
cnn,https://www.cnnbrasil.com.br/saude/cientistas-avancam-na-busca-por-anticorpos-monoclonais-contra-a-febre-amarela/
cnn,https://www.cnnbrasil.com.br/nacional/operacoes-da-pf-contra-trabalho-escravo-crescem-470-em-2021/
cnn,https://www.cnnbrasil.com.br/nacional/pf-faz-operacao-contra-esquema-de-trafico-de-drogas-no-porto-do-paranagua-pr/
cnn,https://www.cnnbrasil.com.br/internacional/equipes-fazem-buscas-desaparecidos-apos-acidente-na-costa-da-florida/
cnn,https://www.cnnbrasil.com.br/nacional/ministerio-publico-do-rj-vai-analisar-95-laudos-de-mortos-no-jacarezinho/
cnn,https://www.cnnbrasil.com.br/nacional/rio-r-48-milhoes-do-vale-gas-podem-ir-parar-nas-maos-de-milicianos/
cnn,https://www.cnnbrasil.com.br/noticias/conheca-o-escultor-de-lego-que-esta-construindo-um-universo-negro/
cnn,https://www.cnnbrasil.com.br/internacional/juiza-dos-eua-arquiva-acusacoes-contra-guardas-citados-no-caso-epstein/
cnn,https://www.cnnbrasil.com.br/internacional/acordo-entre-jeffrey-epstein-e-mulher-que-acusou-principe-andrew-de-abuso-e-revelado/
cnn,https://www.cnnbrasil.com.br/internacional/justica-dos-eua-culpa-socialite-britanica-por-casos-de-abuso-sexual-de-menores/
cnn,https://www.cnnbrasil.com.br/internacional/policia-colombiana-captura-cinco-suspeitos-de-bombardeio-em-aeroporto/
cnn,https://www.cnnbrasil.com.br/internacional/pessoas-sem-patria-e-terra-a-crise-mundial-de-migrantes-e-refugiados-em-2021/
cnn,https://www.cnnbrasil.com.br/internacional/conflitos-etnicos-e-hostilidade-com-o-ocidente-marcam-30-anos-do-fim-da-urss/
cnn,https://www.cnnbrasil.com.br/nacional/policia-civil-prende-nove-pessoas-por-trafico-de-drogas-dentro-de-presidio-do-rj/
cnn,https://www.cnnbrasil.com.br/internacional/julgamento-de-ghislaine-maxwell-enfoca-seu-relacionamento-com-jeffrey-epstein/
cnn,https://www.cnnbrasil.com.br/internacional/fomos-incriminados-e-enganados-dizem-suspeitos-de-matar-presidente-do-haiti/
cnn,https://www.cnnbrasil.com.br/politica/dallagnol-nega-ter-procurado-bolsonaro-para-discutir-nomeacao-de-pgr/
cnn,https://www.cnnbrasil.com.br/nacional/assaltos-em-aracatuba-pf-cumpre-mandados-de-prisao-de-mais-16-suspeitos/
cnn,https://www.cnnbrasil.com.br/internacional/nove-pessoas-morrem-em-acidente-com-aviao-particular-na-republica-dominicana/
cnn,https://www.cnnbrasil.com.br/internacional/departamento-de-tesouro-dos-eua-inclui-pcc-em-lista-de-bloqueio-de-bens/
cnn,https://www.cnnbrasil.com.br/internacional/caminhao-de-gasolina-explode-no-haiti/
cnn,https://www.cnnbrasil.com.br/internacional/presidente-do-haiti-investigava-autoridades-ligadas-ao-trafico-quando-foi-morto-diz-nyt/
cnn,https://www.cnnbrasil.com.br/nacional/policia-do-rj-deflagra-operacao-sobre-morte-de-meninos-de-belford-roxo/
cnn,https://www.cnnbrasil.com.br/internacional/casal-chines-reecontra-filho-sequestrado-apos-14-anos/
cnn,https://www.cnnbrasil.com.br/nacional/quadrilha-encarcerava-e-extorquia-imigrantes-ilegais-trazidos-ao-brasil/
cnn,https://www.cnnbrasil.com.br/nacional/video-mostra-homem-algemado-a-moto-da-policia/
cnn,https://www.cnnbrasil.com.br/nacional/resultados-do-enem-serao-divulgados-em-11-de-fevereiro-afirma-mec/
cnn,https://www.cnnbrasil.com.br/internacional/honduras-caminha-para-eleger-1a-presidente-mulher-em-vitoria-de-xiomara-castro/
cnn,https://www.cnnbrasil.com.br/internacional/como-a-cultura-de-armas-de-fogo-nos-estados-unidos-se-compara-com-o-resto-do-mundo/
cnn,https://www.cnnbrasil.com.br/nacional/coisa-boa-nao-estavam-fazendo-diz-castro-sobre-mortos-camuflados-no-salgueiro/
cnn,https://www.cnnbrasil.com.br/nacional/policia-nao-apreendeu-armas-em-mangue-onde-8-corpos-foram-encontrados-no-rio/
cnn,https://www.cnnbrasil.com.br/nacional/lider-de-faccao-criminosa-e-preso-no-rio-de-janeiro/
cnn,https://www.cnnbrasil.com.br/nacional/pms-que-participaram-de-acao-no-morro-do-salgueiro-devem-ser-ouvidos-nesta-semana/
cnn,https://www.cnnbrasil.com.br/internacional/belarus-tira-barracas-da-fronteira-com-polonia-430-imigrantes-voltam-ao-iraque/
cnn,https://www.cnnbrasil.com.br/nacional/interpol-no-brasil-bate-marca-de-60-prisoes-em-2021/
cnn,https://www.cnnbrasil.com.br/internacional/ue-aplicara-novas-sancoes-a-belarus-e-companhias-aereas-por-crise-na-fronteira/
cnn,https://www.cnnbrasil.com.br/internacional/o-que-voce-precisa-saber-sobre-a-tensao-na-fronteira-entre-polonia-e-belarus/
cnn,https://www.cnnbrasil.com.br/internacional/juiz-da-italia-condena-70-pessoas-em-um-grande-julgamento-da-mafia/
cnn,https://www.cnnbrasil.com.br/internacional/mae-acusa-companhia-aerea-de-racismo-por-denuncia-de-que-traficava-filha-negra/
cnn,https://www.cnnbrasil.com.br/nacional/policia-apreende-600-kg-de-cocaina-em-favelas-da-zona-norte-do-rio/
cnn,https://www.cnnbrasil.com.br/tecnologia/facebook-papers-veja-o-que-os-documentos-vazados-revelam-ate-agora/
cnn,https://www.cnnbrasil.com.br/tecnologia/facebook-virou-meta-entenda-por-que-as-empresas-decidem-trocar-de-nome/
cnn,https://www.cnnbrasil.com.br/tecnologia/australia-quer-exigir-consentimento-dos-pais-para-que-menores-usem-redes-sociais/
cnn,https://www.cnnbrasil.com.br/tecnologia/facebook-tem-falhas-de-linguagem-que-deixam-brechas-para-discursos-de-odio/
cnn,https://www.cnnbrasil.com.br/politica/cpi-da-pandemia-relatorio-final-pede-indiciamento-de-76-pessoas-e-duas-empresas/
cnn,https://www.cnnbrasil.com.br/economia/investimentos/facebook-supera-projecoes-com-lucro-de-mais-de-us-9-bi-no-3o-trimestre/
cnn,https://www.cnnbrasil.com.br/tecnologia/facebook-sabia-que-incentivava-violencia-na-etiopia-e-mianmar-diz-denunciante/
cnn,https://www.cnnbrasil.com.br/tecnologia/engajamento-nao-e-sinonimo-de-saude-mental-diz-especialista-sobre-facebook/
cnn,https://www.cnnbrasil.com.br/nacional/moradores-de-favelas-do-rj-vivem-ate-29-anos-menos-que-habitantes-de-areas-nobres-diz-estudo/
cnn,https://www.cnnbrasil.com.br/tecnologia/documentos-revelam-que-facebook-sabia-sobre-trafico-de-pessoas-em-anuncios-de-trabalho/
cnn,https://www.cnnbrasil.com.br/politica/allan-dos-santos-e-citado-16-vezes-em-relatorio-final-da-cpi-da-pandemia/
cnn,https://www.cnnbrasil.com.br/nacional/policia-federal-deflagra-operacao-que-investiga-crimes-contra-a-petrobras/
cnn,https://www.cnnbrasil.com.br/agro/relatorio-da-cpi-da-pandemia-primo-de-alcolumbre-preso-e-mais-de-20-de-outubro/
cnn,https://www.cnnbrasil.com.br/internacional/justica-espanhola-concorda-em-extraditar-general-venezuelano-carvajal-para-os-eua/
cnn,https://www.cnnbrasil.com.br/politica/primo-de-davi-alcolumbre-e-preso-em-operacao-da-pf-contra-trafico-de-drogas/
cnn,https://www.cnnbrasil.com.br/nacional/pf-incinera-toneladas-de-cocaina-apreendidas-em-caixas-de-sabao-em-po-no-rio/
cnn,https://www.cnnbrasil.com.br/nacional/rj-37-milhoes-vivem-em-areas-controladas-por-criminosos-e-pagam-mais-caro-no-gas/
cnn,https://www.cnnbrasil.com.br/internacional/texas-concede-perdao-postumo-para-george-floyd/
cnn,https://www.cnnbrasil.com.br/internacional/taliba-ainda-nao-definiu-como-lidara-com-a-rica-producao-de-opio-do-afeganistao/
cnn,https://www.cnnbrasil.com.br/nacional/mais-de-86-milhoes-de-brasileiros-nao-tem-acesso-a-dpu-diz-levantamento/
cnn,https://www.cnnbrasil.com.br/internacional/migracao-de-brasileiros-para-eua-via-mexico-aumenta-65-vezes-em-um-ano/
cnn,https://www.cnnbrasil.com.br/internacional/cantor-norte-americano-r-kelly-e-condenado-por-extorsao-e-trafico-sexual/
cnn,https://www.cnnbrasil.com.br/tecnologia/facebook-diz-que-investiu-mais-de-us-13-bi-em-seguranca-desde-2016/
cnn,https://www.cnnbrasil.com.br/politica/lula-tem-56-no-2o-turno-bolsonaro-31-aponta-datafolha/
cnn,https://www.cnnbrasil.com.br/nacional/medo-e-transtornos-mentais-estudo-inedito-mapeia-efeitos-de-violencia-na-mare/
cnn,https://www.cnnbrasil.com.br/nacional/confronto-entre-milicianos-tem-dois-mortos-e-sete-vans-queimadas/
cnn,https://www.cnnbrasil.com.br/politica/cpi-da-covid-ao-vivo-marconny-faria/
cnn,https://www.cnnbrasil.com.br/politica/leo-pinheiro-teria-recuado-de-acusacoes-contra-lula-na-lava-jato/
cnn,https://www.cnnbrasil.com.br/politica/acao-da-pgr-facilita-rejeicao-da-mp-do-marco-civil-da-internet-no-senado/
cnn,https://www.cnnbrasil.com.br/economia/macroeconomia/caso-joao-alberto-mpf-homologa-acordo-com-carrefour-no-valor-de-r-115-milhoes/
cnn,https://www.cnnbrasil.com.br/politica/roberto-jefferson-e-condenado-por-homofobia-apos-ofender-eduardo-leite/
cnn,https://www.cnnbrasil.com.br/nacional/pm-apreende-cobras-e-onca-pintada-com-suspeitos-de-trafico-de-animais/
cnn,https://www.cnnbrasil.com.br/politica/moraes-devolve-acao-e-decretos-de-bolsonaro-sobre-armas-voltam-a-plenario/
cnn,https://www.cnnbrasil.com.br/internacional/navios-da-marinha-real-deixam-gra-bretanha-para-missao-historica-no-pacifico/
cnn,https://www.cnnbrasil.com.br/nacional/suspeito-de-financiar-ataque-em-aracatuba-e-preso-em-sao-paulo/
cnn,https://www.cnnbrasil.com.br/internacional/qanon-shaman-se-declara-culpado-por-crime-em-invasao-no-capitolio-dos-eua/
cnn,https://www.cnnbrasil.com.br/nacional/morte-de-sergio-mamberti-operacao-de-doria-e-mais-da-tarde-de-3-de-setembro/
cnn,https://www.cnnbrasil.com.br/politica/lobista-que-fala-a-cpi-hoje-pediu-favores-politicos-a-ex-mulher-de-bolsonaro/
cnn,https://www.cnnbrasil.com.br/politica/pgr-denuncia-roberto-jefferson-por/
cnn,https://www.cnnbrasil.com.br/nacional/pf-realiza-operacao-em-sao-paulo-contra-o-trafico-de-drogas/
cnn,https://www.cnnbrasil.com.br/politica/castro-nomeia-ex-vereador-condenado-por-improbidade-para-presidir-fundacao/
cnn,https://www.cnnbrasil.com.br/nacional/operacao-da-pf-no-rio-de-janeiro-mira-esquema-de-trafico-internacional-de-drogas/
cnn,https://www.cnnbrasil.com.br/economia/macroeconomia/entenda-por-que-o-onlyfans-decidiu-banir-conteudos-sexualmente-explicitos/
cnn,https://www.cnnbrasil.com.br/nacional/duas-pessoas-ficam-feridas-apos-estrutura-desabar-em-obra-do-metro-de-sao-paulo/
cnn,https://www.cnnbrasil.com.br/internacional/quem-e-o-taliba-e-como-ele-assumiu-o-controle-do-afeganistao-tao-rapidamente/
cnn,https://www.cnnbrasil.com.br/internacional/linha-do-tempo-da-insurgencia-ao-poder-a-historia-do-taliba-no-afeganistao/
cnn,https://www.cnnbrasil.com.br/internacional/video-afegaos-invadem-pista-de-aeroporto-para-tentar-embarcar-em-aviao-dos-eua/
cnn,https://www.cnnbrasil.com.br/internacional/para-a-china-volta-do-taliba-representa-mais-riscos-do-que-oportunidades/
cnn,https://www.cnnbrasil.com.br/internacional/molica-e-preciso-ficar-alerta-para-quando-religiao-mascara-interesses-politicos/
cnn,https://www.cnnbrasil.com.br/internacional/trafico-de-drogas-rende-milhoes-e-impulsiona-acoes-do-taliba-no-afeganistao/
cnn,https://www.cnnbrasil.com.br/internacional/empresario-canadense-e-condenado-a-11-anos-de-prisao-na-china-por-espionagem/
cnn,https://www.cnnbrasil.com.br/internacional/quem-e-o-principe-andrew-o-herdeiro-que-enfrenta-acusacao-de-abuso-sexual/
cnn,https://www.cnnbrasil.com.br/economia/macroeconomia/pf-prende-tres-acusados-por-5-mil-fraudes-envolvendo-o-auxilio-emergencial/
cnn,https://www.cnnbrasil.com.br/nacional/jacarezinho-governo-brasileiro-diz-a-onu-que-promove-cultura-de-paz/
cnn,https://www.cnnbrasil.com.br/internacional/fbi-usa-fotos-provocativas-de-funcionarias-para-atrair-predadores-sexuais/
cnn,https://www.cnnbrasil.com.br/entretenimento/idolo-pop-na-china-kris-wu-e-preso-apos-acusacoes-de-estupro/
cnn,https://www.cnnbrasil.com.br/nacional/cerca-de-37-das-vitimas-de-trafico-de-pessoas-confiavam-no-aliciador/
cnn,https://www.cnnbrasil.com.br/nacional/pandemia-impoe-retrocesso-ao-enfrentamento-do-trafico-de-pessoas-no-brasil/
cnn,https://www.cnnbrasil.com.br/internacional/pegasus-filha-de-homem-detido-por-tras-do-hotel-ruanda-diz-que-foi-espionada/
cnn,https://www.cnnbrasil.com.br/internacional/investigacao-aponta-que-spyware-espionou-jornalistas-e-ativistas-em-todo-o-mundo/
cnn,https://www.cnnbrasil.com.br/internacional/familia-chinesa-reencontra-filho-sequestrado-apos-24-anos-de-buscas/
cnn,https://www.cnnbrasil.com.br/saude/pesquisadores-da-fiocruz-criam-projeto-para-prever-novas-epidemias/
cnn,https://www.cnnbrasil.com.br/politica/depoimentos-desta-semana-podem-revelar-esquema-que-nao-se-imaginava-diz-senador/
cnn,https://www.cnnbrasil.com.br/nacional/defesa-de-jairinho-pede-absolvicao-em-processo-na-camara-do-rio/
cnn,https://www.cnnbrasil.com.br/politica/pazuello-tera-de-voltar-a-cpi-e-falar-sobre-covaxin-diz-senador-otto-alencar/
cnn,https://www.cnnbrasil.com.br/nacional/os-numeros-a-violencia-e-a-complexidade-da-escravidao-me-surpreendem/
cnn,https://www.cnnbrasil.com.br/nacional/moradores-da-regiao-onde-foi-feito-cerco-a-serial-killer-do-df-relatam-terror/
cnn,https://www.cnnbrasil.com.br/nacional/alerj-realiza-primeira-audiencia-da-cpi-das-criancas-desaparecidas/
cnn,https://www.cnnbrasil.com.br/politica/rogerio-carvalho-preve-prorrogacao-da-cpi-da-pandemia/
cnn,https://www.cnnbrasil.com.br/nacional/pf-mira-esquema-internacional-para-adocao-ilegal-de-criancas/
cnn,https://www.cnnbrasil.com.br/nacional/pf-faz-operacao-contra-trafico-internacional-de-drogas-em-cinco-estados/
cnn,https://www.cnnbrasil.com.br/nacional/pf-faz-operacao-contra-o-trafico-de-drogas-em-sao-paulo-amazonas-e-ceara/
cnn,https://www.cnnbrasil.com.br/nacional/entenda-o-que-e-a-forca-nacional-que-pode-ser-solicitada-pelos-governadores/
cnn,https://www.cnnbrasil.com.br/politica/ministro-marcelo-queiroga-e-ouvido-pela-segunda-vez-na-cpi-da-pandemia/
cnn,https://www.cnnbrasil.com.br/nacional/governo-publica-portaria-que-autoriza-envio-da-forca-nacional-ao-amazonas/
cnn,https://www.cnnbrasil.com.br/politica/pf-pede-para-stf-abrir-inquerito-sobre-caixa-2-de-supostos-atos-antidemocraticos/
cnn,https://www.cnnbrasil.com.br/nacional/14-pessoas-sao-presas-por-onda-de-ataques-no-amazonas-afirma-governador/
cnn,https://www.cnnbrasil.com.br/nacional/operacao-no-jacarezinho-completa-um-mes-neste-domingo-6/
cnn,https://www.cnnbrasil.com.br/nacional/sidney-rezende-milicia-atua-totalmente-na-comunidade-rio-das-pedras/
cnn,https://www.cnnbrasil.com.br/internacional/lockdown-contribuiu-para-queda-de-criminalidade-em-nivel-mundial-diz-estudo/
cnn,https://www.cnnbrasil.com.br/nacional/pf-faz-operacao-no-rj-e-em-sp-para-combater-trafico-internacional-de-armas/
cnn,https://www.cnnbrasil.com.br/nacional/nao-tenho-coragem-de-olhar-para-elas-diz-mulher-que-aliciava-meninas-para-klein/
cnn,https://www.cnnbrasil.com.br/nacional/pf-prende-rei-da-cocaina-de-milao-em-hotel-na-paraiba/
cnn,https://www.cnnbrasil.com.br/nacional/policia-do-rio-investiga-se-desaparecidos-foram-vitimas-do-tribunal-do-trafico/
cnn,https://www.cnnbrasil.com.br/nacional/variante-indiana-no-brasil-a-tregua-entre-israel-e-hamas-e-mais-de-21-de-maio/
cnn,https://www.cnnbrasil.com.br/nacional/rj-policia-prende-suspeitos-por-desaparecimento-de-garotos-de-belford-roxo/
cnn,https://www.cnnbrasil.com.br/nacional/denuncia-dos-eua-motivou-abertura-de-investigacao-contra-salles/
cnn,https://www.cnnbrasil.com.br/entretenimento/e-preciso-tirar-o-consumidor-da-esfera-criminal-das-drogas-diz-ilona-szabo/
cnn,https://www.cnnbrasil.com.br/politica/stf-garantiu-direito-ao-silencio-em-10-cpis-nos-ultimos-20-anos/
cnn,https://www.cnnbrasil.com.br/entretenimento/cnn-nosso-mundo-entrevista-a-especialista-em-politicas-de-drogas-ilona-szabo/
cnn,https://www.cnnbrasil.com.br/nacional/oitavo-suspeito-e-preso-por-envolvimento-nas-mortes-de-tio-e-sobrinho-na-bahia/
cnn,https://www.cnnbrasil.com.br/nacional/mortos-no-jacarezinho-exibiam-feirao-das-drogas-na-internet-aponta-relatorio/
cnn,https://www.cnnbrasil.com.br/nacional/rj-relatorio-policial-aponta-que-25-suspeitos-mortos-tinham-anotacoes-criminais/
cnn,https://www.cnnbrasil.com.br/nacional/conselho-de-corregedores-divulga-nota-de-repudio-a-operacao-no-jacarezinho/
cnn,https://www.cnnbrasil.com.br/nacional/oab-rj-cobra-respostas-sobre-operacao-no-jacarezinho-que-deixou-28-mortos/
cnn,https://www.cnnbrasil.com.br/nacional/mp-vai-requisitar-detalhes-do-planejamento-policial-para-operacao-no-jacarezinho/
cnn,https://www.cnnbrasil.com.br/nacional/quem-nao-quis-enfrentar-a-policia-foi-preso-diz-delegado-sobre-jacarezinho/
cnn,https://www.cnnbrasil.com.br/nacional/um-terco-dos-mortos-no-jacarezinho-nao-tem-acao-criminal-no-tj-do-ri/
cnn,https://www.cnnbrasil.com.br/nacional/criminosos-expulsam-refugiados-de-comunidades-por-dividas-no-rio-e-sp/
cnn,https://www.cnnbrasil.com.br/nacional/operacao-no-jacarezinho-tem-15-pessoas-foragidas-diz-delegado/
cnn,https://www.cnnbrasil.com.br/nacional/em-nenhum-lugar-do-mundo-a-policia-e-recebida-por-fuzis-e-granadas-diz-castro/
cnn,https://www.cnnbrasil.com.br/politica/desde-2007-operacoes-no-jacarezinho-tem-mais-mortes-que-apreensoes/
cnn,https://www.cnnbrasil.com.br/nacional/onu-pede-investigacao-no-rj-capitais-sem-vacina-e-mais-da-tarde-de-7-de-maio/
cnn,https://www.cnnbrasil.com.br/nacional/onu-pede-investigacao-independente-sobre-acao-policial-na-favela-do-jacarezinho/
cnn,https://www.cnnbrasil.com.br/nacional/operacao-policial-deixa-25-mortes-e-e-acao-mais-letal-da-historia-do-rj/
cnn,https://www.cnnbrasil.com.br/nacional/queiroga-depoe-na-cpi-violencia-no-rio-e-mais-da-tarde-de-6-de-maio/
cnn,https://www.cnnbrasil.com.br/saude/na-india-covid-19-deixa-criancas-sem-cuidadores-e-pedidos-de-ajuda-aumentam/
cnn,https://www.cnnbrasil.com.br/nacional/rj-tem-dia-de-violencia-com-tiroteio-duas-pessoas-sao-atingidas-dentro-do-metro/
cnn,https://www.cnnbrasil.com.br/nacional/alerj-aprova-lei-henry-borel-priorizando-investigacao-de-crimes-contra-criancas/
cnn,https://www.cnnbrasil.com.br/esportes/outros-esportes/bolsonaro-recebe-ex-motorista-do-jogador-fernando-que-estava-preso-na-russia/
cnn,https://www.cnnbrasil.com.br/politica/alexandre-de-moraes-pede-vista-de-julgamento-dos-decretos-das-armas/
cnn,https://www.cnnbrasil.com.br/politica/entenda-os-decretos-sobre-armas-em-julgamento-no-supremo/
cnn,https://www.cnnbrasil.com.br/internacional/a-historia-do-diplomata-que-ajudou-a-prender-o-mais-famoso-serial-killer-da-asia/
cnn,https://www.cnnbrasil.com.br/politica/stf-estabelece-pena-para-importacao-de-remedio-sem-registro/
cnn,https://www.cnnbrasil.com.br/nacional/pf-cumpre-mandados-contra-suspeitos-de-participacao-em-esquema-de-alvaras-falsos/
cnn,https://www.cnnbrasil.com.br/internacional/papa-pede-luta-contra-o-crime-organizado-enquanto-a-mafia-age-na-pandemia/
cnn,https://www.cnnbrasil.com.br/internacional/pandemia-e-crise-economica-colocam-cubanos-em-viagens-mortais-pelo-mar-do-caribe/
cnn,https://www.cnnbrasil.com.br/internacional/opiniao-entrevista-de-harry-e-meghan-expoe-hipocrisia-da-realeza-britanica/
cnn,https://www.cnnbrasil.com.br/nacional/pf-investiga-morte-de-600-animais-silvestres-em-centro-de-tratamento-do-ibama/
cnn,https://www.cnnbrasil.com.br/nacional/barrados-no-acre-450-imigrantes-acampam-em-ponte-que-liga-brasil-e-peru/
cnn,https://www.cnnbrasil.com.br/nacional/caso-belo-policia-apreende-r-40-mil-em-especie-e-armas-com-registro-vencido/
cnn,https://www.cnnbrasil.com.br/nacional/pf-investiga-possivel-rota-de-trafico-de-drogas-partindo-de-fernando-de-noronha/
cnn,https://www.cnnbrasil.com.br/politica/atos-antidemocraticos-relatorio-da-pf-e-inconclusivo-mas-sugere-investigacoes/
cnn,https://www.cnnbrasil.com.br/nacional/mpf-investiga-como-traficante-de-armas-deixou-cadeia-no-rio-com-alvara-falso/
cnn,https://www.cnnbrasil.com.br/nacional/preso-em-sp-apontado-como-o-maior-traficante-de-pessoas-do-mundo-fala-a-cnn/
cnn,https://www.cnnbrasil.com.br/politica/inquerito-sobre-atos-antidemocraticos-indica-rachadinha-e-trafico-de-influencia/
cnn,https://www.cnnbrasil.com.br/tecnologia/entenda-o-que-e-deep-web-e-o-tipo-de-atividade-realizada-na-internet-oculta/
cnn,https://www.cnnbrasil.com.br/nacional/eficacia-da-sputnik-v-queda-da-producao-industrial-e-mais-de-2-de-fevereiro/
cnn,https://www.cnnbrasil.com.br/economia/macroeconomia/concessionarias-de-rodovias-em-sp-vao-a-justica-contra-greve-dos-caminhoneiros/
cnn,https://www.cnnbrasil.com.br/nacional/mais-de-cem-trabalhadores-em-condicao-analoga-a-escravidao-sao-resgatados/
cnn,https://www.cnnbrasil.com.br/nacional/series-originais-mostra-desafios-no-combate-ao-garimpo-ilegal-no-brasil/
cnn,https://www.cnnbrasil.com.br/internacional/com-posse-de-biden-qanon-perde-seguidores-mas-tambem-cria-novas-conspiracoes/
cnn,https://www.cnnbrasil.com.br/internacional/policia-espanhola-apreende-mais-de-2-toneladas-de-cocaina-escondida-em-carvao/
cnn,https://www.cnnbrasil.com.br/internacional/corredor-da-morte-corte-dos-eua-permite-execucao-de-condenados-com-covid-19/
cnn,https://www.cnnbrasil.com.br/internacional/o-que-e-qanon-e-como-surgiu-o-grupo-ligado-a-invasao-no-capitolio/
cnn,https://www.cnnbrasil.com.br/politica/apos-liminar-de-kassio-fichas-sujas-vao-ao-tse/
cnn,https://www.cnnbrasil.com.br/internacional/lockdown-e-fechamento-de-fronteiras-dificultam-fuga-de-criminosos-procurados/
cnn,https://www.cnnbrasil.com.br/lifestyle/e-book-traz-receitas-de-refugiados-que-vivem-no-brasil-saiba-como-acessar/
cnn,https://www.cnnbrasil.com.br/nacional/dinheiro-com-cheiro-de-maconha-no-rj-desencadeia-acao-policial-contra-trafico/
cnn,https://www.cnnbrasil.com.br/nacional/najas-visons-morcegos-pangolins-os-bichos-que-foram-noticia-em-2020/
cnn,https://www.cnnbrasil.com.br/tecnologia/com-gps-ovos-falsos-de-tartaruga-desvendam-rotas-do-comercio-ilegal-de-animais/
cnn,https://www.cnnbrasil.com.br/nacional/policia-federal-encontra-drogas-dentro-de-caixoes-com-vitimas-de-covid-19/
cnn,https://www.cnnbrasil.com.br/internacional/com-saida-do-libano-brasil-ficara-sem-missoes-de-paz-pela-1-vez-em-21-anos/
cnn,https://www.cnnbrasil.com.br/nacional/coiotes-presos-em-mg-cobravam-r-90-mil-por-entrada-ilegal-nos-eua/
cnn,https://www.cnnbrasil.com.br/nacional/moraes-pede-vista-e-stf-suspende-decisao-sobre-prescricao-de-injuria-racial/
cnn,https://www.cnnbrasil.com.br/internacional/florida-deve-soltar-homem-preso-por-31-anos-por-crime-nao-violento-com-maconha/
cnn,https://www.cnnbrasil.com.br/saude/pandemia-impacta-mais-mulheres-do-que-homens-diz-onu/
cnn,https://www.cnnbrasil.com.br/tecnologia/reconhecimento-facial-agora-tambem-identifica-gado-e-ursos/
cnn,https://www.cnnbrasil.com.br/nacional/eficacia-da-vacina-de-oxford-operacao-da-pf-e-mais-da-tarde-de-23-de-novembro/
cnn,https://www.cnnbrasil.com.br/internacional/mulheres-fugindo-da-venezuela-sao-alvos-de-abuso-em-meio-a-fronteiras-fechadas/
cnn,https://www.cnnbrasil.com.br/internacional/g20-pode-suspender-a-divida-de-paises-pobres-por-mais-seis-meses-se-necessario/
cnn,https://www.cnnbrasil.com.br/nacional/pf-investiga-grupo-no-distrito-federal-suspeito-de-fraudar-o-auxilio-emergencial/
cnn,https://www.cnnbrasil.com.br/nacional/justica-da-24-h-para-facebook-e-twitter-removerem-ofensas-contra-marielle/
cnn,https://www.cnnbrasil.com.br/nacional/mpf-apreende-joias-escondidas-no-teto-de-endereco-de-doleiro/
cnn,https://www.cnnbrasil.com.br/internacional/eleicoes-nos-estados-unidos-sao-marcadas-por-feitos-historicos/
cnn,https://www.cnnbrasil.com.br/politica/marcelo-crivella-destaca-combate-a-pandemia-promete-manter-reabertura-no-rj/
cnn,https://www.cnnbrasil.com.br/nacional/apenas-6-5-das-operacoes-policiais-no-rio-foram-em-area-de-milicia-diz-estudo/
cnn,https://www.cnnbrasil.com.br/politica/stf-suspende-julgamento-que-pode-proibir-revistas-intimas-em-presidios/
cnn,https://www.cnnbrasil.com.br/politica/fachin-diz-que-revista-intima-em-presidios-viola-principios-constitucionais/
cnn,https://www.cnnbrasil.com.br/politica/joao-vitor-xavier-promete-congelar-iptu-e-rever-plano-diretor-em-belo-horizonte/
cnn,https://www.cnnbrasil.com.br/entretenimento/adele-e-rihanna-facam-novas-musicas-para-nos-salvar-de-2020/
cnn,https://www.cnnbrasil.com.br/nacional/acao-do-mpf-contra-andre-do-rap-e-extinguida-por-unanimidade-no-trf-3/
cnn,https://www.cnnbrasil.com.br/economia/macroeconomia/pf-faz-operacao-no-rj-contra-fraudes-e-desvios-em-contas-de-fgts-e-pis/
cnn,https://www.cnnbrasil.com.br/politica/pastor-sargento-isidorio-promete-manter-auxilio-as-familias-carentes-de-salvador/
cnn,https://www.cnnbrasil.com.br/nacional/stf-concede-prisao-domiciliar-a-responsaveis-por-menores-de-12-anos/
cnn,https://www.cnnbrasil.com.br/politica/pobre-merece-ficar-preso-soltar-sob-fianca-nao-e-justica-diz-sidney-rezende/
cnn,https://www.cnnbrasil.com.br/nacional/decisao-sobre-andre-do-rap-deveria-ter-sido-de-instancia-inferior-diz-advogado/
cnn,https://www.cnnbrasil.com.br/nacional/policia-busca-acusado-de-chefiar-pcc-apos-fux-suspender-decisao-de-marco-aurelio/
cnn,https://www.cnnbrasil.com.br/economia/macroeconomia/defensores-publicos-reagem-contra-acao-que-acusa-magazine-luiza-de-racismo/
cnn,https://www.cnnbrasil.com.br/nacional/dois-suspeitos-morrem-em-operacao-da-pf-contra-trafico-no-aeroporto-de-viracopos/
cnn,https://www.cnnbrasil.com.br/politica/gilmar-suspende-acao-da-lava-jato-sobre-sistema-s/
cnn,https://www.cnnbrasil.com.br/nacional/lavagem-no-setor-farmaceutico-policia-encontra-r-5-milhoes-dentro-de-gaveteiro/
cnn,https://www.cnnbrasil.com.br/nacional/pf-cumpre-mandados-em-sp-pr-e-sc-em-operacao-contra-lavagem-de-dinheiro/
cnn,https://www.cnnbrasil.com.br/internacional/caso-breonna-taylor-o-que-se-sabe-ate-agora-sobre-a-mulher-negra-morta-nos-eua/
cnn,https://www.cnnbrasil.com.br/internacional/trump-ataca-china-e-diz-que-onu-precisa-focar-nos-problemas-reais-do-mundo/
cnn,https://www.cnnbrasil.com.br/politica/objetivo-de-tentar-me-enfraquecer-diz-advogado-de-lula-sobre-bloqueio-de-bens/
cnn,https://www.cnnbrasil.com.br/internacional/grupo-qanon-espalha-teorias-para-ajudar-na-reeleicao-de-donald-trump/
cnn,https://www.cnnbrasil.com.br/politica/oab-pede-ao-supremo-anulacao-de-acao-da-lava-jato-sobre-sistema-s/
cnn,https://www.cnnbrasil.com.br/nacional/zequinha-um-dos-criminosos-mais-procurados-do-brasil-e-preso-no-interior-de-sp/
cnn,https://www.cnnbrasil.com.br/nacional/mp-e-policia-civil-cumprem-mandados-contra-faccao-criminosa-do-rio/
cnn,https://www.cnnbrasil.com.br/nacional/pf-realiza-operacao-contra-o-trafico-de-marfim-extraido-de-dentes-de-elefantes/
cnn,https://www.cnnbrasil.com.br/politica/ministro-do-stj-aciona-stf-e-acao-da-lava-jato-sobre-sistema-s-pode-ser-anulada/
cnn,https://www.cnnbrasil.com.br/nacional/dez-anos-apos-tomada-pela-pm-complexo-do-alemao-ainda-espera-servicos-basicos/
cnn,https://www.cnnbrasil.com.br/nacional/dono-de-cao-que-teve-patas-decepadas-ve-justica-em-nova-pena-para-maus-tratos/
cnn,https://www.cnnbrasil.com.br/internacional/ex-vice-presidente-do-paraguai-oscar-denis-e-sequestrado/
cnn,https://www.cnnbrasil.com.br/politica/auditor-do-tcu-e-investigado-em-operacao-que-mira-desvios-do-sistema-s/
cnn,https://www.cnnbrasil.com.br/politica/lava-jato-operacao-da-pf-mira-desvio-de-r-150-mi-no-sesc-e-senac-no-rio/
cnn,https://www.cnnbrasil.com.br/nacional/stj-manda-libertar-condenados-a-penas-leves-por-trafico-em-sao-paulo/
cnn,https://www.cnnbrasil.com.br/politica/stj-nega-novo-pedido-de-soltura-de-sergio-cabral/
cnn,https://www.cnnbrasil.com.br/nacional/arrecadacao-com-leilao-de-bens-do-crime-bate-recorde-e-chega-a-r-101-milhoes/
cnn,https://www.cnnbrasil.com.br/nacional/mp-denuncia-estudante-picado-por-naja-e-mais-3-por-comercio-ilegal-de-serpentes/
cnn,https://www.cnnbrasil.com.br/nacional/pf-cumpre-mais-de-600-mandados-contra-faccao-criminosa-em-19-estados-e-df/
cnn,https://www.cnnbrasil.com.br/politica/witzel-diz-que-nao-existe-prova-contra-ele-e-ataca-subprocuradora/
cnn,https://www.cnnbrasil.com.br/nacional/diretora-do-forum-de-seguranca-publica-politicas-publicas-nao-chegam-a-todos/
cnn,https://www.cnnbrasil.com.br/nacional/pf-faz-operacao-em-4-estados-e-df-contra-lavagem-de-dinheiro-e-trafico-de-drogas/
cnn,https://www.cnnbrasil.com.br/nacional/policia-cumpre-103-mandados-em-operacao-contra-milicia-da-baixada-fluminense/
cnn,https://www.cnnbrasil.com.br/nacional/operacao-da-policia-civil-mira-autores-de-roubo-latrocinio-e-receptacao-no-rj/
cnn,https://www.cnnbrasil.com.br/nacional/aviao-supermotos-caminhoes-tanque-os-bens-de-traficantes-apreendidos-pela-pf/
cnn,https://www.cnnbrasil.com.br/nacional/autorizacao-da-anvisa-para-testes-de-4-vacina-e-mais-da-tarde-de-18-de-agosto/
cnn,https://www.cnnbrasil.com.br/nacional/pf-cumpre-mais-de-100-mandados-em-13-estados-contra-trafico-internacional/
cnn,https://www.cnnbrasil.com.br/nacional/numero-de-homicidios-dolosos-cresceu-pelo-3-mes-seguido-em-abril-aponta-mjsp/
cnn,https://www.cnnbrasil.com.br/economia/macroeconomia/o-que-kamala-harris-significaria-para-o-vale-do-silicio-como-vice-presidente/
cnn,https://www.cnnbrasil.com.br/nacional/aves-e-repteis-choram-lagrimas-semelhantes-as-dos-humanos-diz-estudo-brasileiro/
cnn,https://www.cnnbrasil.com.br/internacional/cientista-encontra-um-parasita-comedor-de-lingua-em-peixe/
cnn,https://www.cnnbrasil.com.br/nacional/estudante-picado-por-naja-familiares-e-mais-9-sao-indiciados-no-df/
cnn,https://www.cnnbrasil.com.br/internacional/bolsonaro-promulga-acordo-com-paises-do-mercosul-para-investigacoes-conjuntas/
cnn,https://www.cnnbrasil.com.br/nacional/policia-quer-mais-depoimentos-para-confirmar-se-jovem-sofreu-racismo-em-shopping/
cnn,https://www.cnnbrasil.com.br/nacional/chacina-em-pernambuco-deixa-cinco-mortos-e-doze-feridos/
cnn,https://www.cnnbrasil.com.br/nacional/disque-denuncia-do-rio-completa-25-anos-com-3-milhoes-de-alertas-a-policia/
cnn,https://www.cnnbrasil.com.br/nacional/vice-prefeito-de-aruja-sp-e-preso-por-suspeita-de-ligacao-com-o-narcotrafico/
cnn,https://www.cnnbrasil.com.br/nacional/policia-civil-realiza-operacao-contra-faccao-criminosa-em-sp/
cnn,https://www.cnnbrasil.com.br/nacional/estudante-picado-por-cobra-naja-e-preso-no-df/
cnn,https://www.cnnbrasil.com.br/nacional/brasil-e-o-3-em-mortes-de-ativistas-ambientais-e-dos-direitos-humanos-diz-ong/
cnn,https://www.cnnbrasil.com.br/saude/visao-responde-vacina-bcg-protege-contra-a-covid-19/
cnn,https://www.cnnbrasil.com.br/nacional/rj-delegado-diz-que-era-inevitavel-a-interrupcao-de-live-que-registrou-tiroteio/
cnn,https://www.cnnbrasil.com.br/entretenimento/tiroteio-interrompe-live-de-grupo-de-pagode-em-angra-dos-reis/
cnn,https://www.cnnbrasil.com.br/nacional/justica-do-df-prorroga-prisao-temporaria-de-amigo-de-estudante-picado-por-naja/
cnn,https://www.cnnbrasil.com.br/internacional/minas-ouro-venezuela-onu/
cnn,https://www.cnnbrasil.com.br/saude/estudo-combater-desmate-e-trafico-de-animais-seria-meio-eficaz-contra-pandemias/
cnn,https://www.cnnbrasil.com.br/politica/toffoli-concede-domiciliar-a-presa-de-sc-por-ser-grupo-de-risco-para-a-covid-19/
cnn,https://www.cnnbrasil.com.br/saude/eutanasia-de-animais-em-caso-de-covid-19-e-desproporcional-diz-veterinario/
cnn,https://www.cnnbrasil.com.br/nacional/com-penas-brandas-cacadores-ignoram-leis-no-brasil/
cnn,https://www.cnnbrasil.com.br/nacional/em-5-meses-pf-descobre-mais-de-300-toneladas-de-maconha-em-pernambuco/
cnn,https://www.cnnbrasil.com.br/nacional/mesmo-com-criminalidade-menor-policia-de-sp-matou-mais-durante-quarentena/
cnn,https://www.cnnbrasil.com.br/nacional/mp-rj-desenvolve-app-para-monitorar-saude-de-servidores/
cnn,https://www.cnnbrasil.com.br/nacional/gilmar-pgr-ir-ao-stf-para-acessar-dados-da-lava-jato-e-rabo-abanando-cachorro/
cnn,https://www.cnnbrasil.com.br/nacional/lider-de-milicia-pagou-r-6-mil-a-pms-para-livrar-criminoso-de-ser-preso/
cnn,https://www.cnnbrasil.com.br/nacional/policia-civil-faz-operacao-contra-milicias-no-rio-de-janeiro/
cnn,https://www.cnnbrasil.com.br/internacional/quem-e-ghislaine-maxwell-a-mulher-no-centro-do-escandalo-de-jeffrey-epstein/
cnn,https://www.cnnbrasil.com.br/nacional/apreensao-de-drogas-em-rodovias-de-sp-cresce-140-durante-quarentena/
cnn,https://www.cnnbrasil.com.br/nacional/tiroteio-em-festa-junina-deixa-quatro-mortos-e-oito-feridos-no-rj/
cnn,https://www.cnnbrasil.com.br/nacional/idosa-e-resgatada-em-situacao-de-escravidao-em-bairro-nobre-de-sao-paulo/
cnn,https://www.cnnbrasil.com.br/nacional/coronel-telhada-e-advogado-divergem-sobre-uso-da-forca-em-acoes-da-pm/
cnn,https://www.cnnbrasil.com.br/nacional/pf-busca-quadrilha-que-traficava-drogas-para-alemanha-em-quatro-estados/
cnn,https://www.cnnbrasil.com.br/nacional/pm-precisa-rever-acao-na-periferia-e-ser-mais-acolhedora-diz-ex-comandante/
cnn,https://www.cnnbrasil.com.br/nacional/traficantes-do-rio-distribuem-medicamentos-nas-favelas/
cnn,https://www.cnnbrasil.com.br/internacional/jornalista-filipina-e-condenada-por-difamacao-cibernetica/
cnn,https://www.cnnbrasil.com.br/nacional/marielle-policia-prende-bombeiro-suspeito-de-esconder-arma-do-crime/
cnn,https://www.cnnbrasil.com.br/entretenimento/banksy-propoe-nova-versao-de-estatua-de-comerciante-de-escravos-derrubada/
cnn,https://www.cnnbrasil.com.br/politica/stf-condena-paulinho-da-forca-a-10-anos-de-prisao/
cnn,https://www.cnnbrasil.com.br/nacional/depoimento-de-weintraub-analise-das-mensagens-de-zambelli-e-mais-de-4-de-junho/
cnn,https://www.cnnbrasil.com.br/politica/inquerito-sobre-fake-news-no-stf-e-inconstitucional-diz-bolsonaro/
cnn,https://www.cnnbrasil.com.br/internacional/eua-preparam-indiciamento-de-esposa-de-maduro-por-trafico-de-drogas-e-corrupcao/
cnn,https://www.cnnbrasil.com.br/nacional/apos-reuniao-ministerial-governo-federal-facilitou-compra-de-municoes/
cnn,https://www.cnnbrasil.com.br/politica/leia-a-integra-da-transcricao-da-reuniao-ministerial-com-bolsonaro/
cnn,https://www.cnnbrasil.com.br/nacional/favelas-do-rio-tem-mais-mortes-por-covid-19-do-que-14-estados-brasileiros/
cnn,https://www.cnnbrasil.com.br/nacional/onu-recebe-pedido-para-investigar-morte-de-garoto-de-14-anos-no-rio/
cnn,https://www.cnnbrasil.com.br/nacional/organizacoes-indigenas-do-amazonas-enviam-carta-de-socorro-a-onu/
cnn,https://www.cnnbrasil.com.br/nacional/pm-do-rio-apreende-pistola-em-operacao-no-morro-do-vidigal/
cnn,https://www.cnnbrasil.com.br/nacional/recorde-de-mortes-por-policiais-no-rio-e-destaque-no-new-york-times/
cnn,https://www.cnnbrasil.com.br/nacional/operacao-policial-no-complexo-do-alemao-termina-com-ao-menos-10-mortes/
cnn,https://www.cnnbrasil.com.br/politica/ministro-da-justica-troca-diretores-da-policia-federal-ligados-a-lava-jato/
cnn,https://www.cnnbrasil.com.br/nacional/pdt-pede-que-stf-anule-portaria-que-revogou-o-sistema-de-rastreamento-de-armas/
cnn,https://www.cnnbrasil.com.br/internacional/contrabando-na-fronteira-com-o-paraguai-cresce-232-dizem-receita-e-pf/
cnn,https://www.cnnbrasil.com.br/politica/moro-corre-risco-de-autoincriminacao-ao-depor-contra-bolsonaro-analisa-nabuco/
cnn,https://www.cnnbrasil.com.br/nacional/witzel-convida-moro-para-governo-do-rj-e-pede-que-stf-investigue-bolsonaro/
cnn,https://www.cnnbrasil.com.br/tecnologia/os-cacadores-de-virus-que-estudam-morcegos-para-prever-a-proxima-pandemia/
cnn,https://www.cnnbrasil.com.br/nacional/stj-concede-prisao-domiciliar-a-mulher-de-23-anos-mae-de-crianca-menor-de-12/
cnn,https://www.cnnbrasil.com.br/nacional/coronavirus-causa-queda-no-numero-de-operacoes-policiais-no-rio-de-janeiro/
cnn,https://www.cnnbrasil.com.br/nacional/gilmar-mendes-nega-liberdade-a-mafioso-italiano-nicola-assisi/
cnn,https://www.cnnbrasil.com.br/politica/eua-nao-interceptaram-equipamentos-medicos-destinados-ao-brasil-diz-embaixador/
cnn,https://www.cnnbrasil.com.br/internacional/pandemia-de-coronavirus-e-oportunidade-para-crime-organizado-na-asia/
cnn,https://www.cnnbrasil.com.br/politica/moro-diz-nao-ver-sequer-remota-hipotese-de-risco-a-democracia-pela-covid-19/
cnn,https://www.cnnbrasil.com.br/saude/pangolim-pode-ser-a-especie-de-origem-do-coronavirus-aponta-estudo/
cnn,https://www.cnnbrasil.com.br/nacional/o-grande-debate-prioli-e-abduch-discutem-a-prisao-domiciliar-de-eduardo-cunha/
cnn,https://www.cnnbrasil.com.br/internacional/brasil-fechara-fronteira-com-venezuela-mas-mantera-circulacao-de-mercadorias/
cnn,https://www.cnnbrasil.com.br/internacional/escandalos-e-megxit-o-momento-polemico-da-familia-real-britanica/
cnn,https://www.cnnbrasil.com.br/politica/seis-anos-da-lava-jato-relembre-todas-as-fases-da-operacao/
cnn,https://www.cnnbrasil.com.br/internacional/acusado-de-exploracao-sexual-militar-brasileiro-e-retirado-do-libano/
cnn,https://www.cnnbrasil.com.br/nacional/pf-faz-operacao-contra-trafico-de-armas-enviadas-por-encomendas-nos-correios/
cnn,https://www.cnnbrasil.com.br/nacional/operacao-fake-money-da-pf-ataca-trafico-de-drogas-e-dinheiro-falso-na-paraiba/
cnn,https://www.cnnbrasil.com.br/blogs/elijonasmaia/politica/policias-elogiam-plano-de-lula-mas-veem-desafios-para-implementar-100/
cnn,https://www.cnnbrasil.com.br/blogs/elijonasmaia/nacional/nordeste/ma/desaparecimento-de-criancas-completa-4-meses-sem-respostas/
cnn,https://www.cnnbrasil.com.br/entretenimento/pulitzer-2026-veja-lista-de-vencedores-do-premio-de-jornalismo/
cnn,https://www.cnnbrasil.com.br/internacional/governo-trump-toma-medidas-para-acelerar-deportacoes-de-criancas-imigrantes/
cnn,https://www.cnnbrasil.com.br/internacional/colombia-e-venezuela-concordam-em-trocar-inteligencia-para-combater-crimes/
cnn,https://www.cnnbrasil.com.br/internacional/el-salvador-julga-mais-de-400-supostos-lideres-de-gangues-por-47-mil-crimes/
cnn,https://www.cnnbrasil.com.br/nacional/nordeste/ba/juri-de-reus-pela-morte-de-mae-bernadete-acontece-em-salvador-nesta-segunda/
cnn,https://www.cnnbrasil.com.br/nacional/sudeste/mg/mg-tem-mais-de-9-mil-denuncias-de-violencia-infantil-em-menos-de-4-meses/
cnn,https://www.cnnbrasil.com.br/nacional/sudeste/rj/cao-hulk-ajudou-a-encontrar-48-toneladas-de-drogas-no-complexo-da-mare-rj/
cnn,https://www.cnnbrasil.com.br/nacional/sudeste/rj/brasileiro-desaparece-apos-viajar-a-trabalho-para-mocambique/
cnn,https://www.cnnbrasil.com.br/entretenimento/sam-kieth-artista-de-quadrinhos-de-sandman-morre-aos-63-anos/
cnn,https://www.cnnbrasil.com.br/internacional/venezuela-delcy-rodriguez-substitui-ministro-da-defesa-aliado-de-maduro/
cnn,https://www.cnnbrasil.com.br/internacional/nao-manifestei-preferencia-diz-kast-a-cnn-sobre-flavio-bolsonaro-em-posse/
cnn,https://www.cnnbrasil.com.br/nacional/sudeste/rj/red-pill-popularizou-frase-usada-por-acusado-de-estupro-coletivo-entenda/
cnn,https://www.cnnbrasil.com.br/nacional/sudeste/rj/preso-por-estupro-coletivo-usa-camisa-com-frase-nao-me-arrependo-de-nada/
cnn,https://www.cnnbrasil.com.br/nacional/sul/sc/carro-em-chamas-com-cabeca-decapitada-e-ossos-humanos-sao-encontrados-em-sc/
cnn,https://www.cnnbrasil.com.br/internacional/procurador-geral-da-venezuela-apresenta-pedido-de-renuncia/
cnn,https://www.cnnbrasil.com.br/internacional/morte-de-el-mencho-gera-quase-uma-guerra-civil-no-mexico-diz-caneparo/
cnn,https://www.cnnbrasil.com.br/internacional/franca-abre-investigacoes-sobre-epstein-por-trafico-de-pessoas-e-fraude/
cnn,https://www.cnnbrasil.com.br/blogs/teo-cury/politica/pgr-decidira-neste-semestre-sobre-abin-paralela-joias-e-silvio-almeida/
cnn,https://www.cnnbrasil.com.br/internacional/ataque-dos-eua-a-embarcacao-no-pacifico-deixa-mortos/
cnn,https://www.cnnbrasil.com.br/internacional/lei-de-anistia-da-venezuela-e-aprovada-em-votacao-inicial-na-assembleia/
cnn,https://www.cnnbrasil.com.br/nacional/brasil/brasil-precisa-de-novas-estrategias-para-combater-crime-organizado-diz-ong/
cnn,https://www.cnnbrasil.com.br/internacional/venezuela-anuncia-lei-de-anistia-para-centenas-de-presos-politicos/
cnn,https://www.cnnbrasil.com.br/nacional/sudeste/sp/pf-prende-suspeito-de-integrar-grupo-terrorista-islamico-em-sao-paulo/
cnn,https://www.cnnbrasil.com.br/esportes/olimpiadas/jogos-olimpicos-de-inverno-ida-de-agentes-do-ice-causa-tensao-na-italia/
cnn,https://www.cnnbrasil.com.br/internacional/delcy-rodriguez-diz-que-a-venezuela-nao-esta-subordinada-aos-eua/
cnn,https://www.cnnbrasil.com.br/esportes/futebol/futebol-internacional/fora-da-fifa-selecao-da-groenlandia-segue-ativa-contra-times-amadores/
cnn,https://www.cnnbrasil.com.br/esportes/futebol/futebol-internacional/em-dois-jogos-no-lyon-endrick-bate-recordes-e-supera-marca-do-real-madrid/
cnn,https://www.cnnbrasil.com.br/esportes/futebol/futebol-internacional/jogadores-de-senegal-ganharao-bonus-e-terrenos-por-titulo-da-copa-africana/
cnn,https://www.cnnbrasil.com.br/esportes/futebol/gato-questionado-destaque-na-copinha-confirma-idade-20-anos/
cnn,https://www.cnnbrasil.com.br/esportes/futebol/sao-paulo/em-reacao-sao-paulo-recebe-a-portuguesa-pelo-paulistao/
cnn,https://www.cnnbrasil.com.br/esportes/futebol/futebol-internacional/destaque-do-psg-e-acusado-de-trafico-humano-e-trabalho-ilegal-na-franca/
cnn,https://www.cnnbrasil.com.br/internacional/fontes-contato-dos-eua-com-aliado-de-maduro-comecou-meses-antes-do-ataque/
cnn,https://www.cnnbrasil.com.br/entretenimento/julio-iglesias-nega-acusacoes-de-abuso-sexual-de-ex-empregadas-domesticas/
cnn,https://www.cnnbrasil.com.br/entretenimento/astro-de-atlanta-celebra-wagner-moura-no-globo-de-ouro-e-uma-lenda/
cnn,https://www.cnnbrasil.com.br/internacional/colombia-vai-enviar-nota-de-protesto-aos-eua-contra-ameacas-de-trump/
cnn,https://www.cnnbrasil.com.br/internacional/governo-trump-recua-de-acusacao-sobre-maduro-chefiar-cartel-de-los-soles/
cnn,https://www.cnnbrasil.com.br/economia/macroeconomia/governo-maduro-exportou-ouro-no-valor-de-mais-de-us-5-bi-a-suica/
cnn,https://www.cnnbrasil.com.br/internacional/onu-diz-que-acao-dos-eua-na-venezuela-viola-direito-internacional/
cnn,https://www.cnnbrasil.com.br/internacional/papa-leao-xiv-diz-que-venezuela-deve-ser-pais-independente/
cnn,https://www.cnnbrasil.com.br/internacional/venezuela-detem-americanos-a-medida-que-as-tensoes-com-os-eua-aumentam/
cnn,https://www.cnnbrasil.com.br/politica/intervencao-armada-na-venezuela-seria-catastrofe-diz-lula/
cnn,https://www.cnnbrasil.com.br/internacional/eua-nao-divulgarao-video-completo-do-ataque-duplo-contra-barco-no-caribe/
cnn,https://www.cnnbrasil.com.br/internacional/venezuela-ja-foi-invadida-diz-corina-sobre-possivel-intervencao-dos-eua/
cnn,https://www.cnnbrasil.com.br/internacional/venezuela-acusa-eua-de-roubo-e-pirataria-apos-apreensao-de-petroleiro/
cnn,https://www.cnnbrasil.com.br/internacional/quem-e-nicolas-maduro-venezuela/
cnn,https://www.cnnbrasil.com.br/internacional/onu-manifesta-preocupacao-com-ataques-dos-eua-no-caribe/
cnn,https://www.cnnbrasil.com.br/internacional/maduro-descumpriu-ultimato-de-trump-para-deixar-poder-dizem-fontes/
cnn,https://www.cnnbrasil.com.br/nacional/nordeste/pb/pb-tj-nega-habeas-corpus-e-mantem-prisao-de-hytalo-santos-e-israel-vicente/
cnn,https://www.cnnbrasil.com.br/internacional/apoiado-por-trump-asfura-lidera-eleicao-presidencial-em-honduras/
cnn,https://www.cnnbrasil.com.br/internacional/venezuela-acusa-eua-de-assassinato-apos-reconhecer-mortes-no-caribe/
cnn,https://www.cnnbrasil.com.br/internacional/pesquisas-apontam-impopularidade-de-ataques-de-trump-a-barcos-no-caribe/
cnn,https://www.cnnbrasil.com.br/internacional/petro-diz-que-operacoes-da-cia-na-venezuela-podem-afetar-colombia/
cnn,https://www.cnnbrasil.com.br/internacional/ataque-dos-eua-a-barco-da-venezuela-foi-legal/
cnn,https://www.cnnbrasil.com.br/internacional/america-latina-apenas-um-pais-nao-tem-ex-presidentes-com-problemas-legais/
cnn,https://www.cnnbrasil.com.br/nacional/sudeste/sp/hytalo-santos-influenciador-enfrenta-acao-de-cobranca-de-condominio/
