title,collected_date,published_date,tags,image_urls,urls,article_url
Segup apreende drogas escondidas em embarcação no rio Amazonas,2026-05-18 16:35:57,"domingo, 17/05/2026, 08:39-  Autor: Lana Oliveira - Fonte: Agência Pará",tagsAMAZÔNIA base fluvial candiru Segurança Pública TRÁfico de drogas,"['https://cdn.dol.com.br/img/Artigo-Destaque/940000/640x335/90009419060-3.webp?fallback=https%3A%2F%2Fcdn.dol.com.br%2Fimg%2FArtigo-Destaque%2F940000%2F90009419060.jpg%3Fxid%3D3243731&xid=3243731', '/themes/DOL/assets/img/camera-solid.svg', '/themes/DOL/assets/img/envelope.svg', '/themes/DOL/assets/img/plus.svg']","['https://dol.com.br/noticias/para/941791/para-mobiliza-1800-policiais-em-megaoperacao-contra-criminalidade?d=1', 'https://dol.com.br/noticias/para/941800/arraias-transportadas-em-sacos-plasticos-sao-resgatadas-em-castanhal-no-para?d=1', 'https://www.whatsapp.com/channel/0029Va9IlAw2v1J02cbfQ31H', 'https://whatsapp.com/channel/0029Va9IlAw2v1J02cbfQ31H', 'https://t.me/dolnoticias', '/n/828815', '/tags/amazonia', '/tags/base-fluvial-candiru', '/tags/seguranca-publica', '/tags/trafico-de-drogas', '#modal_5', '#', '#', '/noticias/para/941906/segup-apreende-drogas-escondidas-em-embarcacao-no-rio-amazonas', '/noticias/para/941905/operacao-desativa-sete-areas-de-garimpo-ilegal-na-divisa-do-para', '/noticias/para/941904/mangal-das-garcas-promove-oficina-para-criancas-neste-domingo-17', '/concursos/municipais/941903/pss-hemopa-penultimo-dia-para-se-inscrever-com-salarios-de-r-44-mil', '/esporte/mundo/941902/ufc-confirma-retorno-de-conor-mcgregor-com-luta-marcada-contra-ex-rival']",https://dol.com.br/noticias/para/941906/segup-apreende-drogas-escondidas-em-embarcacao-no-rio-amazonas
"UFPA publica edital com mais de 1,7 mil vagas em processos seletivos",2026-05-18 16:35:58,"sábado, 16/05/2026, 20:46-  Autor: Alexandre Nascimento - Fonte: Ascom UFPA",tagsacesso à educação superior CURSOS GRATUITOS INCLUSÃO SOCIAL licenciaturas e formação docente mobilidade acadêmica Políticas Afirmativas,"['https://cdn.dol.com.br/img/Artigo-Destaque/940000/640x335/crop251778974921009418850-3.webp?fallback=https%3A%2F%2Fcdn.dol.com.br%2Fimg%2FArtigo-Destaque%2F940000%2Fcrop251778974921009418850.jpg%3Fxid%3D3243623&xid=3243623', '/themes/DOL/assets/img/camera-solid.svg', 'https://cdn.dol.com.br/img/inline/940000/767x0/crop331778973009009418850.webp?fallback=https%3A%2F%2Fcdn.dol.com.br%2Fimg%2Finline%2F940000%2Fcrop331778973009009418850.jpg%3Fxid%3D3243625%26resize%3D380%252C200%26t%3D1778975235&xid=3243625', '/themes/DOL/assets/img/envelope.svg', '/themes/DOL/assets/img/plus.svg']","['https://dol.com.br/tags/universidade-federal-do-para', 'https://dol.com.br/tags/indigenas', 'https://dol.com.br/noticias/cursos--empregos/941822/fundacao-oferece-88-cursos-gratuitos-online-e-com-certificado?d=1', 'https://dol.com.br/noticias/cursos--empregos/941714/sest-senat-abre-vagas-na-saude-e-administracao-no-para?d=1', 'https://www.whatsapp.com/channel/0029Va9F8PnATRSuM3q3Py31', 'https://whatsapp.com/channel/0029Va9IlAw2v1J02cbfQ31H', 'https://t.me/dolnoticias', '/n/828815', '/tags/acesso-a-educacao-superior', '/tags/cursos-gratuitos', '/tags/inclusao-social', '/tags/licenciaturas-e-formacao-docente', '/tags/mobilidade-academica', '/tags/politicas-afirmativas', '#modal_5', '#', '#', '/noticias/cursos--empregos/941885/ufpa-publica-edital-com-mais-de-17-mil-vagas-em-processos-seletivos', '/noticias/para/941884/piloto-de-aeronave-que-caiu-em-benevides-e-encontrado-vivo', '/esporte/remo/941883/remo-supera-gigantes-da-serie-a-entre-as-maiores-rendas-do-brasil', '/esporte/esporte-brasil/941882/convocacao-de-ancelotti-pela-selecao-tera-700-jornalistas-credenciados', '/esporte/esporte-brasil/941881/cbf-adia-uso-do-var-semiautomatico-na-serie-a-apos-impasse-entre-clubes']",https://dol.com.br/noticias/cursos--empregos/941885/ufpa-publica-edital-com-mais-de-17-mil-vagas-em-processos-seletivos
"Brandon Clarke, pivô do Memphis Grizzlies, morre aos 29 anos",2026-05-18 16:35:59,"terça-feira, 12/05/2026, 22:34- Atualizado 12/05/2026, 23:21-  Autor: Tarik Duarte - Fonte: Itatiaia",tagsBASQUETE Brandon Clarke ESPORTE Legado Memphis Grizzlies NBA,"['https://cdn.dol.com.br/img/Artigo-Destaque/940000/640x335/crop261778634400-1200x628-grayscale-2026-05-12-220009415040-3.webp?fallback=https%3A%2F%2Fcdn.dol.com.br%2Fimg%2FArtigo-Destaque%2F940000%2Fcrop261778634400-1200x628-grayscale-2026-05-12-220009415040.jpg%3Fxid%3D3241396&xid=3241396', '/themes/DOL/assets/img/camera-solid.svg', '/themes/DOL/assets/img/envelope.svg', '/themes/DOL/assets/img/plus.svg']","['https://dol.com.br/esporte/mundo/941489/ex-paysandu-bergson-marca-seis-gols-em-goleada-historica?d=1', 'https://dol.com.br/esporte/mundo/941480/falha-de-bento-nos-acrescimos-adia-titulo-do-al-nassr-e-revolta-cr7?d=1', 'https://whatsapp.com/channel/0029Va9HEvbKGGGKe8qNfd3d', 'https://whatsapp.com/channel/0029Va9IlAw2v1J02cbfQ31H', 'https://t.me/dolnoticias', '/n/828815', '/tags/basquete', '/tags/brandon-clarke', '/tags/esporte', '/tags/legado', '/tags/memphis-grizzlies', '/tags/nba', '#modal_5', '#', '#', '/entretenimento/fama/941768/post-de-ze-felipe-causa-burburinho-na-web-apos-termino-de-virginia-e-vini-jr', '/noticias/para/941767/moradores-de-ananindeua-denunciam-aumento-abusivo-do-iptu', '/noticias/para/941766/homens-invadem-propriedade-no-moju-para-executar-funcionario', '/esporte/mundo/941765/paraenses-melquizael-e-polyana-lideram-brasil-no-ufc-vegas-117', '/noticias/para/941764/supermercado-lider-registra-carne-moida-de-r-4-mil-e-causa-indignacao-em-belem']",https://dol.com.br/esporte/mundo/941504/brandon-clarke-jogador-do-memphis-grizzlies-morre-aos-29-anos
Justiça do Rio de Janeiro inicia julgamento do rapper Oruam nesta segunda (11),2026-05-18 16:36:00,"segunda-feira, 11/05/2026, 17:38-  Autor: Laura Vasconcelos - Fonte: Carta Capital",tagsENTRETENIMENTO JUSTIÇA Oruam Polícia RIO DE JANEIRO tentativa de homicídio,"['https://cdn.dol.com.br/img/Artigo-Destaque/940000/640x335/crop341778528339009413750-3.webp?fallback=https%3A%2F%2Fcdn.dol.com.br%2Fimg%2FArtigo-Destaque%2F940000%2Fcrop341778528339009413750.jpg%3Fxid%3D3240688&xid=3240688', '/themes/DOL/assets/img/camera-solid.svg', '/themes/DOL/assets/img/envelope.svg', '/themes/DOL/assets/img/plus.svg']","['https://dol.com.br/entretenimento/fama/933899/oruam-vai-preso-novamente-por-descumprir-de-medidas-cautelares?d=1', 'https://dol.com.br/entretenimento/fama/933876/oruam-e-considerado-foragido-apos-66-violacoes-a-tornozeleira?d=1', 'https://www.whatsapp.com/channel/0029Va4xYGk1dAw9LjYD7B2k', 'https://whatsapp.com/channel/0029Va9IlAw2v1J02cbfQ31H', 'https://t.me/dolnoticias', '/n/828815', '/tags/entretenimento', '/tags/justica', '/tags/oruam', '/tags/policia', '/tags/rio-de-janeiro', '/tags/tentativa-de-homicidio', '#modal_5', '#', '#', '/esporte/paysandu/941802/paysandu-x-nacional-horario-alterado-e-lote-inicial-de-ingressos-esgotado', '/noticias/para/941801/prefeitura-prorroga-inscricao-para-editais-da-lei-aldir-blanc', '/noticias/para/941800/arraias-transportadas-em-sacos-plasticos-sao-resgatadas-em-castanhal-no-para', '/esporte/remo/941799/victor-bueno-projeta-evolucao-e-ve-remo-mais-cascudo-na-temporada', '/entretenimento/941798/modelo-revela-conversa-antes-do-termino-de-virginia-e-vini-jr']",https://dol.com.br/entretenimento/fama/941375/justica-do-rio-de-janeiro-inicia-julgamento-do-rapper-oruam-nesta-segunda-11
PF deflagra operação para investigar esquema de imigração ilegal para os EUA,2026-05-18 16:36:01,"sábado, 09/05/2026, 18:24-  Autor: Laura Vasconcelos - Fonte: Metrópoles",tagsDIREITOS HUMANOS IMIGRAÇÃO JUSTIÇA migrantes POLÍCIA FEDERAL,"['https://cdn.dol.com.br/img/Artigo-Destaque/940000/640x335/crop341778361586009412430-3.webp?fallback=https%3A%2F%2Fcdn.dol.com.br%2Fimg%2FArtigo-Destaque%2F940000%2Fcrop341778361586009412430.jpg%3Fxid%3D3239892&xid=3239892', '/themes/DOL/assets/img/camera-solid.svg', '/themes/DOL/assets/img/envelope.svg', '/themes/DOL/assets/img/plus.svg']","['https://dol.com.br/noticias/para/928952/pf-deflagra-operacao-de-combate-ao-abuso-sexual-infantojuvenil-em-belem?d=1', 'https://dol.com.br/noticias/policia/940736/para-pf-prende-condenado-por-trafico-de-drogas-e-apreende-ouro?d=1', 'https://www.whatsapp.com/channel/0029Va9IlAw2v1J02cbfQ31H', 'https://whatsapp.com/channel/0029Va9IlAw2v1J02cbfQ31H', 'https://t.me/dolnoticias', '/n/828815', '/tags/direitos-humanos', '/tags/imigracao', '/tags/justica', '/tags/migrantes', '/tags/policia-federal', '#modal_5', '#', '#', '/entretenimento/941778/leo-dias-expoe-suposta-traicao-de-vini-jr-e-revela-conversa-com-virginia', '/esporte/esporte-brasil/941777/dorival-junior-retorna-ao-sao-paulo-apos-saida-do-corinthians', '/tuedoide/curiosidades/941776/saiba-como-lavar-cortina-na-maquina-de-lavar-sem-causar-danos', '/noticias/brasil/941775/burger-king-deixa-pepsi-e-fecha-parceria-com-coca-cola', '/entretenimento/fama/941774/leo-dias-mostra-mulheres-que-vini-jr-teria-escondido-de-virginia']",https://dol.com.br/noticias/brasil/941243/pf-deflagra-operacao-para-investigar-esquema-de-imigracao-ilegal-para-os-eua
Quadrilha é presa ao tentar roubar avião em Itaituba,2026-05-18 16:36:02,"sexta-feira, 08/05/2026, 23:06-  Autor: Alexandre Nascimento - Fonte: André Farias/RBATV Itaituba",tagsação preventiva Crime em Itaituba POLICIA MILITAR PARÁ Quadrilha criminosa Roubo de avião TRÁfico de drogas,"['https://cdn.dol.com.br/img/Artigo-Destaque/940000/640x335/crop331778292210009411950-3.webp?fallback=https%3A%2F%2Fcdn.dol.com.br%2Fimg%2FArtigo-Destaque%2F940000%2Fcrop331778292210009411950.jpg%3Fxid%3D3239581&xid=3239581', '/themes/DOL/assets/img/camera-solid.svg', '/themes/DOL/assets/img/envelope.svg', '/themes/DOL/assets/img/plus.svg']","['https://dol.com.br/tags/itaituba', 'https://dol.com.br/noticias/policia/941137/trio-e-preso-suspeito-de-estupro-coletivo-contra-adolescente-em-outeiro?d=1', 'https://dol.com.br/noticias/policia/941133/suspeito-de-crimes-morre-em-intervencao-policial-em-belem?d=1', 'https://www.whatsapp.com/channel/0029Va9IlAw2v1J02cbfQ31H', 'https://whatsapp.com/channel/0029Va9IlAw2v1J02cbfQ31H', 'https://t.me/dolnoticias', '/n/828815', '/tags/acao-preventiva', '/tags/crime-em-itaituba', '/tags/policia-militar-para', '/tags/quadrilha-criminosa', '/tags/roubo-de-aviao', '/tags/trafico-de-drogas', '#modal_5', '#', '#', '/entretenimento/fama/941774/leo-dias-mostra-mulheres-que-vini-jr-teria-escondido-de-virginia', '/esporte/941773/ronda-rousey-x-gina-carano-luta-historica-de-mma-neste-sabado-16', '/noticias/mundo-noticias/941772/pescador-e-mordido-ao-tentar-retirar-anzol-preso-em-tubarao', '/noticias/para/941771/prefeitura-de-belem-assina-servicos-para-pavimento-e-agua-em-cotijuba', '/entretenimento/fama/941770/termino-de-virginia-e-vini-jr-suposta-pivo-da-separacao-posta-meu-dia-comecou']",https://dol.com.br/noticias/policia/941195/quadrilha-e-presa-ao-tentar-roubar-aviao-em-itaituba
Suspeito troca tiros com a polícia durante operação no Pará,2026-05-18 16:36:03,"quinta-feira, 07/05/2026, 21:53- Atualizado 07/05/2026, 22:06-  Autor: Alexandre Nascimento",tagsCRIME ORGANIZADO Facções Criminosas Operação Hemostasia polícia civil Segurança Pública TRÁfico de drogas,"['https://cdn.dol.com.br/img/Artigo-Destaque/940000/640x335/crop251778201441009410840-3.webp?fallback=https%3A%2F%2Fcdn.dol.com.br%2Fimg%2FArtigo-Destaque%2F940000%2Fcrop251778201441009410840.jpg%3Fxid%3D3238858&xid=3238858', '/themes/DOL/assets/img/camera-solid.svg', '/themes/DOL/assets/img/envelope.svg', '/themes/DOL/assets/img/plus.svg']","['https://dol.com.br/tags/crime-organizado?d=1', 'https://www.whatsapp.com/channel/0029Va9IlAw2v1J02cbfQ31H', 'https://whatsapp.com/channel/0029Va9IlAw2v1J02cbfQ31H', 'https://t.me/dolnoticias', '/n/828815', '/tags/crime-organizado', '/tags/faccoes-criminosas', '/tags/operacao-hemostasia', '/tags/policia-civil', '/tags/seguranca-publica', '/tags/trafico-de-drogas', '#modal_5', '#', '#', '/noticias/policia/941810/video-homem-e-morto-apos-tentativa-de-latrocinio-no-para', '/noticias/servico/941809/veja-como-ter-direito-a-50-de-desconto-na-conta-de-agua', '/noticias/para/941808/semana-s-inicia-em-belem-com-qualificacao-profissional-e-inovacao', '/noticias/para/941807/tradicional-sorvete-de-acai-do-para-esta-entre-os-100-melhores-do-mundo', '/noticias/para/941806/governadora-hana-se-pronuncia-sobre-disputa-territorial-com-o-mt-o-para-nao-se-divide']",https://dol.com.br/noticias/policia/941084/suspeito-troca-tiros-com-a-policia-durante-operacao-no-para
Homem é executado no meio da rua no interior do Pará,2026-05-18 16:36:04,"terça-feira, 05/05/2026, 21:24-  Autor: Alexandre Nascimento - Fonte: Nilvan Ferreira/RBATV Parauapebas",tagsCanaã dos Carajás criminalidade Homicídio investigação policial Segurança Pública violência urbana,"['https://cdn.dol.com.br/img/Artigo-Destaque/940000/640x335/crop331778022030009408820-3.webp?fallback=https%3A%2F%2Fcdn.dol.com.br%2Fimg%2FArtigo-Destaque%2F940000%2Fcrop331778022030009408820.jpg%3Fxid%3D3237644&xid=3237644', '/themes/DOL/assets/img/camera-solid.svg', '/themes/DOL/assets/img/envelope.svg', '/themes/DOL/assets/img/plus.svg']","['https://dol.com.br/tags/canaa-dos-carajas?d=1', 'https://dol.com.br/noticias/policia/940797/jovem-desapareceu-ha-7-dias-em-marituba-apos-sair-em-carro-de-aplicativo?d=1', 'https://dol.com.br/noticias/policia/940792/policial-e-preso-apos-matar-homem-a-tiros-em-bar-no-para?d=1', 'https://www.whatsapp.com/channel/0029Va9IlAw2v1J02cbfQ31H', 'https://whatsapp.com/channel/0029Va9IlAw2v1J02cbfQ31H', 'https://t.me/dolnoticias', '/n/828815', '/tags/canaa-dos-carajas', '/tags/criminalidade', '/tags/homicidio', '/tags/investigacao-policial', '/tags/seguranca-publica', '/tags/violencia-urbana', '#modal_5', '#', '#', '/esporte/paysandu/941829/sem-caio-mello-confira-os-relacionados-do-paysandu-contra-o-caxias', '/noticias/tecnologia/941828/whatsapp-aprimora-recurso-de-mensagens-temporarias', '/noticias/brasil/941827/governo-libera-saque-do-fgts-para-10-milhoes-veja-quem-recebe', '/entretenimento/cinema/941826/professor-volta-em-novo-teaser-da-continuacao-de-la-casa-de-papel', '/noticias/brasil/941825/samsung-busca-projetos-criativos-de-estudantes-da-rede-publica']",https://dol.com.br/noticias/policia/940882/homem-e-executado-no-meio-da-rua-no-interior-do-para
Professora de Marabá começa a cumprir 14 anos de prisão por atos golpistas,2026-05-18 16:36:06,"segunda-feira, 04/05/2026, 17:23- Atualizado 04/05/2026, 18:04-  Autor: Lana Oliveira",tagsatos golpistas condenação JUSTIÇA MARABÁ política brasileira,"['https://cdn.dol.com.br/img/Artigo-Destaque/940000/640x335/27009407810-3.webp?fallback=https%3A%2F%2Fcdn.dol.com.br%2Fimg%2FArtigo-Destaque%2F940000%2F27009407810.jpg%3Fxid%3D3237018&xid=3237018', '/themes/DOL/assets/img/camera-solid.svg', '/themes/DOL/assets/img/envelope.svg', '/themes/DOL/assets/img/plus.svg']","['https://dol.com.br/noticias/policia/940736/para-pf-prende-condenado-por-trafico-de-drogas-e-apreende-ouro?d=1', 'https://dol.com.br/noticias/brasil/940774/relator-quer-votar-fim-da-escala-6x1-ainda-em-maio-na-camara?d=1', 'https://www.whatsapp.com/channel/0029Va9IlAw2v1J02cbfQ31H', 'https://whatsapp.com/channel/0029Va9IlAw2v1J02cbfQ31H', 'https://t.me/dolnoticias', '/n/828815', '/tags/atos-golpistas', '/tags/condenacao', '/tags/justica', '/tags/maraba', '/tags/politica-brasileira', '#modal_5', '#', '#', '/noticias/brasil/941804/jose-dirceu-e-diagnosticado-com-linfoma-e-inicia-tratamento-em-sp', '/carajas/cidades/maraba/941803/23-brigada-de-infantaria-de-selva-comanda-operacao-no-para', '/esporte/paysandu/941802/paysandu-x-nacional-horario-alterado-e-lote-inicial-de-ingressos-esgotado', '/noticias/para/941801/prefeitura-prorroga-inscricao-para-editais-da-lei-aldir-blanc', '/noticias/para/941800/arraias-transportadas-em-sacos-plasticos-sao-resgatadas-em-castanhal-no-para']",https://dol.com.br/noticias/para/940781/professora-de-maraba-comeca-a-cumprir-14-anos-de-prisao-por-atos-golpistas
"Ministério Público denuncia Marcinho VP, a esposa e o filho Oruam",2026-05-18 16:36:07,"sábado, 02/05/2026, 12:40-  Autor: Brenda Hayashi - Fonte: Douglas Corrêa / Agência Brasil",tagsCRIME ORGANIZADO marcinho vp notícias do Rio Segurança Pública tráfico,"['https://cdn.dol.com.br/img/Artigo-Destaque/940000/640x335/---2026-05-02t121401358009406080-3.webp?fallback=https%3A%2F%2Fcdn.dol.com.br%2Fimg%2FArtigo-Destaque%2F940000%2F---2026-05-02t121401358009406080.png%3Fxid%3D3235845&xid=3235845', '/themes/DOL/assets/img/camera-solid.svg', '/themes/DOL/assets/img/envelope.svg', '/themes/DOL/assets/img/plus.svg']","['https://dol.com.br/entretenimento/fama/933876/oruam-e-considerado-foragido-apos-66-violacoes-a-tornozeleira?d=1', 'https://dol.com.br/colunistas/leandro-mazzini/927213/oruam-filho-de-marcinho-vp-planeja-candidatura-em-2026?d=1', 'https://www.whatsapp.com/channel/0029Va4xYGk1dAw9LjYD7B2k', 'https://whatsapp.com/channel/0029Va9IlAw2v1J02cbfQ31H', 'https://t.me/dolnoticias', '/n/828815', '/tags/crime-organizado', '/tags/marcinho-vp', '/tags/noticias-do-rio', '/tags/seguranca-publica', '/tags/trafico', '#modal_5', '#', '#', '/noticias/para/942008/oleos-da-amazonia-despontam-como-alternativa-no-combate-ao-cancer', '/entretenimento/fama/942007/video-chay-suede-ameaca-deixar-palco-apos-huck-relembrar-inicio-na-record', '/entretenimento/games/942006/novo-007-desafia-formulas-e-promete-mudar-o-stealth-nos-games', '/entretenimento/games/942005/varejistas-inflam-rumores-da-pre-venda-e-hype-de-gta-6-dispara', '/esporte/esporte-brasil/942004/como-neymar-se-tornou-alvo-de-lobby-inedito-na-historia-da-selecao']",https://dol.com.br/entretenimento/fama/940608/ministerio-publico-denuncia-marcinho-vp-a-esposa-e-o-filho-oruam
"""Fim de linha"" realiza mais de 50 prisões em menos de 24 horas no Pará",2026-05-18 16:36:08,"quinta-feira, 30/04/2026, 18:38-  Autor: Lana Oliveira",tagsOperação Fim de Linha pará Polícia SEGURANÇA TRÁfico de drogas violência de gênero,"['https://cdn.dol.com.br/img/Artigo-Destaque/940000/640x335/7009404880-3.webp?fallback=https%3A%2F%2Fcdn.dol.com.br%2Fimg%2FArtigo-Destaque%2F940000%2F7009404880.jpg%3Fxid%3D3235231&xid=3235231', '/themes/DOL/assets/img/camera-solid.svg', '/themes/DOL/assets/img/envelope.svg', '/themes/DOL/assets/img/plus.svg']","['https://dol.com.br/noticias/servico/940475/feriadao-belem-tera-50-onibus-extras-para-ilha-de-mosqueiro?d=1', 'https://dol.com.br/noticias/para/940432/transito-veja-como-esta-a-saida-de-belem-na-vespera-do-feriadao?d=1', 'https://www.whatsapp.com/channel/0029Va9IlAw2v1J02cbfQ31H', 'https://whatsapp.com/channel/0029Va9IlAw2v1J02cbfQ31H', 'https://t.me/dolnoticias', '/n/828815', '/tags/operacao-fim-de-linha', '/tags/para', '/tags/policia', '/tags/seguranca', '/tags/trafico-de-drogas', '/tags/violencia-de-genero', '#modal_5', '#', '#', '/esporte/paysandu/941829/sem-caio-mello-confira-os-relacionados-do-paysandu-contra-o-caxias', '/noticias/tecnologia/941828/whatsapp-aprimora-recurso-de-mensagens-temporarias', '/noticias/brasil/941827/governo-libera-saque-do-fgts-para-10-milhoes-veja-quem-recebe', '/entretenimento/cinema/941826/professor-volta-em-novo-teaser-da-continuacao-de-la-casa-de-papel', '/noticias/brasil/941825/samsung-busca-projetos-criativos-de-estudantes-da-rede-publica']",https://dol.com.br/noticias/para/940488/fim-de-linha-realiza-mais-de-50-prisoes-em-menos-de-24-horas-no-para
Skunk vindo de Manaus é apreendido por Base Fluvial no Pará,2026-05-18 16:36:09,"domingo, 26/04/2026, 20:21-  Autor: Alexandre Nascimento - Fonte: Agência Pará",tagsAMAZÔNIA CRIME ORGANIZADO OPERAÇÕES POLICIAIS rios do pará Segurança Pública TRÁfico de drogas,"['https://cdn.dol.com.br/img/Artigo-Destaque/940000/640x335/crop331777242704009401410-3.webp?fallback=https%3A%2F%2Fcdn.dol.com.br%2Fimg%2FArtigo-Destaque%2F940000%2Fcrop331777242704009401410.jpg%3Fxid%3D3233033&xid=3233033', '/themes/DOL/assets/img/camera-solid.svg', '/themes/DOL/assets/img/envelope.svg', '/themes/DOL/assets/img/plus.svg']","['https://dol.com.br/tags/organizacoes-criminosas?d=1', 'https://dol.com.br/tags/base-fluvial-antonio-lemos?d=1', 'https://dol.com.br/noticias/para/940112/pe-na-cova-cai-no-rio-e-e-resgatado-com-vida-em-barcarena?d=1', 'https://dol.com.br/noticias/para/940122/onibus-pega-fogo-na-avenida-presidente-vargas-em-belem?d=1', 'https://dol.com.br/noticias/para/880210/jay-z-ajuda-batalhao-e-apreende-mais-de-330kg-de-drogas?d=1', 'https://dol.com.br/tags/combate-ao-trafico-de-drogas?d=1', 'https://dol.com.br/tags/segup?d=1', 'https://dol.com.br/noticias/policia/938913/para-tem-alta-de-425-na-apreensao-de-drogas-no-primeiro-trimestre-de-2026?d=1', 'https://www.whatsapp.com/channel/0029Va9IlAw2v1J02cbfQ31H', 'https://whatsapp.com/channel/0029Va9IlAw2v1J02cbfQ31H', 'https://t.me/dolnoticias', '/n/828815', '/tags/amazonia', '/tags/crime-organizado', '/tags/operacoes-policiais', '/tags/rios-do-para', '/tags/seguranca-publica', '/tags/trafico-de-drogas', '#modal_5', '#', '#', '/esporte/paysandu/941829/sem-caio-mello-confira-os-relacionados-do-paysandu-contra-o-caxias', '/noticias/tecnologia/941828/whatsapp-aprimora-recurso-de-mensagens-temporarias', '/noticias/brasil/941827/governo-libera-saque-do-fgts-para-10-milhoes-veja-quem-recebe', '/entretenimento/cinema/941826/professor-volta-em-novo-teaser-da-continuacao-de-la-casa-de-papel', '/noticias/brasil/941825/samsung-busca-projetos-criativos-de-estudantes-da-rede-publica']",https://dol.com.br/noticias/para/940141/skunk-vindo-de-manaus-e-apreendido-por-base-fluvial-no-para
Rota dos Milagres: o que se sabe sobre os 21 desaparecimentos em Alagoas,2026-05-18 16:36:10,"domingo, 26/04/2026, 10:45-  Autor: Laura Vasconcelos - Fonte: Metrópoles",tagsalagoas CRIME ORGANIZADO desaparecimentos Segurança Pública,"['https://cdn.dol.com.br/img/Artigo-Destaque/940000/640x335/crop341777210779009401050-3.webp?fallback=https%3A%2F%2Fcdn.dol.com.br%2Fimg%2FArtigo-Destaque%2F940000%2Fcrop341777210779009401050.jpg%3Fxid%3D3232838&xid=3232838', '/themes/DOL/assets/img/camera-solid.svg', '/themes/DOL/assets/img/envelope.svg', '/themes/DOL/assets/img/plus.svg']","['https://dol.com.br/noticias/brasil/939799/inquerito-sobre-desaparecimento-de-familia-aponta-indiciados?d=1', 'https://dol.com.br/noticias/para/938133/desespero-buscas-por-crianca-desaparecida-chegam-ao-5-dia?d=1', 'https://www.whatsapp.com/channel/0029Va9IlAw2v1J02cbfQ31H', 'https://whatsapp.com/channel/0029Va9IlAw2v1J02cbfQ31H', 'https://t.me/dolnoticias', '/n/828815', '/tags/alagoas', '/tags/crime-organizado', '/tags/desaparecimentos', '/tags/seguranca-publica', '#modal_5', '#', '#', '/esporte/esporte-brasil/941881/cbf-adia-uso-do-var-semiautomatico-na-serie-a-apos-impasse-entre-clubes', '/esporte/mundo/941880/manchester-city-vence-chelsea-com-golaco-e-conquista-a-copa-da-inglaterra', '/esporte/paysandu/941879/paysandu-repatria-kaue-azevedo-para-fortalecer-projeto-esportivo', '/noticias/para/941878/prefeitura-de-belem-entrega-obra-que-beneficia-200-mil-moradores-na-pratinha', '/carajas/noticias/941877/correr-antes-ou-depois-da-musculacao-veja-a-ordem-ideal']",https://dol.com.br/noticias/brasil/940105/rota-dos-milagres-o-que-se-sabe-sobre-os-21-desaparecimentos-em-alagoas
"Justiça decreta prisão de MC Ryan, MC Poze e dono da Choquei",2026-05-18 16:36:11,"quinta-feira, 23/04/2026, 21:45-  Autor: Tarik Duarte - Fonte: Veja",tagsCelebridades JUSTIÇA Operação Narco Fluxo prisão TRÁfico de drogas,"['https://cdn.dol.com.br/img/Artigo-Destaque/930000/640x335/fotojet-4009399320-3.webp?fallback=https%3A%2F%2Fcdn.dol.com.br%2Fimg%2FArtigo-Destaque%2F930000%2Ffotojet-4009399320.jpg%3Fxid%3D3231705&xid=3231705', '/themes/DOL/assets/img/camera-solid.svg', 'https://cdn.dol.com.br/img/inline/930000/767x0/crop261776987890009399320.webp?fallback=https%3A%2F%2Fcdn.dol.com.br%2Fimg%2Finline%2F930000%2Fcrop261776987890009399320.jpg%3Fxid%3D3231707%26resize%3D380%252C200%26t%3D1778961733&xid=3231707', '/themes/DOL/assets/img/envelope.svg', '/themes/DOL/assets/img/plus.svg']","['https://dol.com.br/noticias/brasil/939649/mc-gui-e-citado-pela-pf-por-receber-dinheiro-de-operador-ligado-a-mc-ryan-sp?d=1', 'https://dol.com.br/entretenimento/fama/939909/acusados-de-ameacar-felca-sao-julgados-em-olinda?d=1', 'https://whatsapp.com/channel/0029Va9IlAw2v1J02cbfQ31H', 'https://whatsapp.com/channel/0029Va9IlAw2v1J02cbfQ31H', 'https://t.me/dolnoticias', '/n/828815', '/tags/celebridades', '/tags/justica', '/tags/operacao-narco-fluxo', '/tags/prisao', '/tags/trafico-de-drogas', '#modal_5', '#', '#', '/esporte/remo/941874/patrick-marca-primeiro-gol-pelo-remo-e-projeta-seguir-na-serie-a', '/noticias/gastronomia/941873/aprenda-a-fazer-pudim-de-pao-sem-leite-condensado', '/tuedoide/curiosidades/941872/descubra-para-que-seve-borra-usada-de-cafe-no-vaso-sanitario', '/esporte/paysandu/941871/cbf-veta-paysandu-x-floresta-em-castanhal-e-tuma-explica-motivo', '/noticias/brasil/941870/inss-realiza-mutirao-de-atendimento-neste-fim-de-semana']",https://dol.com.br/noticias/brasil/939932/justica-decreta-prisao-de-mc-ryan-mc-poze-e-dono-da-choquei
Emboscada em casa abandonada deixa irmãos mortos em Igarapé-Miri,2026-05-18 16:36:12,"quinta-feira, 23/04/2026, 11:54-  Autor: Sales Coimbra",tagscasa abandonada Duplo Homicídio Emboscada IGARAPÉ-MIRI investigação mortos TRÁfico de drogas,"['https://cdn.dol.com.br/img/Artigo-Destaque/930000/640x335/captura-de-tela-118009398850-3.webp?fallback=https%3A%2F%2Fcdn.dol.com.br%2Fimg%2FArtigo-Destaque%2F930000%2Fcaptura-de-tela-118009398850.png%3Fxid%3D3231437&xid=3231437', '/themes/DOL/assets/img/camera-solid.svg', '/themes/DOL/assets/img/envelope.svg', '/themes/DOL/assets/img/plus.svg']","['https://dol.com.br/noticias/policia/939829/pc-apreende-carro-de-criminosos-que-se-passaram-por-policiais-para-assaltar-joalheria?d=1', 'https://dol.com.br/noticias/policia/939818/homem-se-passa-por-entregador-e-assalta-jovem-em-belem?d=1', 'https://dol.com.br/noticias/policia/939807/video-adolescente-e-resgatada-apos-encontro-clandestino-em-soure?d=1', 'https://www.whatsapp.com/channel/0029Va9IlAw2v1J02cbfQ31H', 'https://whatsapp.com/channel/0029Va9IlAw2v1J02cbfQ31H', 'https://t.me/dolnoticias', '/n/828815', '/tags/casa-abandonada', '/tags/duplo-homicidio', '/tags/emboscada', '/tags/igarape-miri', '/tags/investigacao', '/tags/mortos', '/tags/trafico-de-drogas', '#modal_5', '#', '#', '/entretenimento/941798/modelo-revela-conversa-antes-do-termino-de-virginia-e-vini-jr', '/noticias/espiritualidade/941796/quatro-signos-chegarao-em-nova-e-boa-fase-ate-o-fim-de-maio', '/noticias/para/941797/tjpa-tira-de-pauta-julgamento-de-recurso-do-cantor-bruno-mafra', '/esporte/paysandu/941795/bruno-bispo-retorna-ao-time-para-recompor-defesa-do-paysandu', '/noticias/para/941794/pf-cumpre-mandado-contra-homem-abuso-sexual-infantil-em-barcarena-no-para']",https://dol.com.br/noticias/policia/939885/emboscada-em-casa-abandonada-deixa-irmaos-mortos-em-igarape-miri
"Mais de 700 kg de maconha, skunk e cocaína são incinerados em Santarém",2026-05-18 16:36:14,"domingo, 19/04/2026, 17:25- Atualizado 19/04/2026, 17:26-  Autor: Giordanna Pinheiro - Fonte: Agência Pará",tagsbase integrada fluvial candiru combatimento ao tráfico de drogas incineração de entorpecentes Operação Policial pará Segurança Pública,"['https://cdn.dol.com.br/img/Artigo-Destaque/930000/640x335/crop421776629036009396440-3.webp?fallback=https%3A%2F%2Fcdn.dol.com.br%2Fimg%2FArtigo-Destaque%2F930000%2Fcrop421776629036009396440.jpg%3Fxid%3D3229989&xid=3229989', '/themes/DOL/assets/img/camera-solid.svg', 'https://cdn.dol.com.br/img/inline/930000/767x0/crop421776629055009396440.webp?fallback=https%3A%2F%2Fcdn.dol.com.br%2Fimg%2Finline%2F930000%2Fcrop421776629055009396440.jpg%3Fxid%3D3229991%26resize%3D380%252C200%26t%3D1779009619&xid=3229991', 'https://cdn.dol.com.br/img/inline/930000/767x0/20260419120005-gc00076549-f00300993009396441.webp?fallback=https%3A%2F%2Fcdn.dol.com.br%2Fimg%2Finline%2F930000%2F20260419120005-gc00076549-f00300993009396441.webp%3Fxid%3D3229992%26resize%3D380%252C200%26t%3D1779009619&xid=3229992', '/themes/DOL/assets/img/envelope.svg', '/themes/DOL/assets/img/plus.svg']","['https://dol.com.br/noticias/para/939595/governadora-hana-anuncia-promocao-de-1600-policiais-civis-no-para?d=1', 'https://dol.com.br/noticias/policia/938913/para-tem-alta-de-425-na-apreensao-de-drogas-no-primeiro-trimestre-de-2026?d=1', 'https://whatsapp.com/channel/0029Va9IlAw2v1J02cbfQ31H', 'https://t.me/dolnoticias', '/n/828815', '/tags/base-integrada-fluvial-candiru', '/tags/combatimento-ao-trafico-de-drogas', '/tags/incineracao-de-entorpecentes', '/tags/operacao-policial', '/tags/para', '/tags/seguranca-publica', '#modal_5', '#', '#', '/esporte/mundo/941902/ufc-confirma-retorno-de-conor-mcgregor-com-luta-marcada-contra-ex-rival', '/noticias/para/941901/idosa-morre-apos-ataque-de-jararaca-na-ilha-do-marajo', '/entretenimento/fama/941900/shakira-revela-pela-1-vez-drama-sobre-o-pai-antes-de-show-no-rio', '/entretenimento/fama/941899/morte-faz-atriz-de-o-diabo-veste-prada-se-afastar-do-namorado', '/esporte/esporte-brasil/941898/fluminense-vence-o-sao-paulo-por-2-a-1-pela-serie-a-do-brasileirao']",https://dol.com.br/noticias/para/939644/mais-de-700-kg-de-maconha-skunk-e-cocaina-sao-incinerados-em-santarem
Jovem é encontrada morta em área de mata em Ananindeua,2026-05-18 16:36:15,"quinta-feira, 16/04/2026, 13:21-  Autor: Sales Coimbra - Fonte: RBATV",tagsananindeua ÁREA DE MATA CRIME Desaparecimento encontrada morta EX-COMPANHEIRO feminicídio SUSPEITO,"['https://cdn.dol.com.br/img/Artigo-Destaque/930000/640x335/mg6472009394060-3.webp?fallback=https%3A%2F%2Fcdn.dol.com.br%2Fimg%2FArtigo-Destaque%2F930000%2Fmg6472009394060.png%3Fxid%3D3228518&xid=3228518', '/themes/DOL/assets/img/camera-solid.svg', '/themes/DOL/assets/img/envelope.svg', '/themes/DOL/assets/img/plus.svg']","['https://dol.com.br/noticias/policia/939356/mae-e-presa-por-filmar-violencia-contra-filho-de-2-anos-no-para?d=1', 'https://dol.com.br/noticias/policia/939336/ex-secretario-de-cultura-de-vigia-e-preso-suspeito-de-estupro-contra-sobrinho-autista?d=1', 'https://dol.com.br/noticias/policia/939328/presos-suspeitos-de-estupro-responsaveis-por-casa-de-acolhimento?d=1', 'https://www.whatsapp.com/channel/0029Va9IlAw2v1J02cbfQ31H', 'https://whatsapp.com/channel/0029Va9IlAw2v1J02cbfQ31H', 'https://t.me/dolnoticias', '/n/828815', '/tags/ananindeua', '/tags/area-de-mata', '/tags/crime', '/tags/desaparecimento', '/tags/encontrada-morta', '/tags/ex-companheiro', '/tags/feminicidio', '/tags/suspeito', '#modal_5', '#', '#', '/noticias/cursos--empregos/941885/ufpa-publica-edital-com-mais-de-17-mil-vagas-em-processos-seletivos', '/noticias/para/941884/piloto-de-aeronave-que-caiu-em-benevides-e-encontrado-vivo', '/esporte/remo/941883/remo-supera-gigantes-da-serie-a-entre-as-maiores-rendas-do-brasil', '/esporte/esporte-brasil/941882/convocacao-de-ancelotti-pela-selecao-tera-700-jornalistas-credenciados', '/esporte/esporte-brasil/941881/cbf-adia-uso-do-var-semiautomatico-na-serie-a-apos-impasse-entre-clubes']",https://dol.com.br/noticias/policia/939406/jovem-e-encontrada-morta-em-area-de-mata-em-ananindeua
Delegado detalha perfis dos suspeitos de envolvimento no caso Arthur José,2026-05-18 16:36:16,"sábado, 11/04/2026, 14:27- Atualizado 11/04/2026, 16:54-  Autor: Júlia Marques - Fonte: RBA TV",tagscrimes na infância denúncias anônimas desaparecimento de bebê Eldorado dos Carajás investigações policiais SEQUESTRO,"['https://cdn.dol.com.br/img/Artigo-Destaque/930000/640x335/foque-63009390160-3.webp?fallback=https%3A%2F%2Fcdn.dol.com.br%2Fimg%2FArtigo-Destaque%2F930000%2Ffoque-63009390160.png%3Fxid%3D3226066&xid=3226066', '/themes/DOL/assets/img/camera-solid.svg', '/themes/DOL/assets/img/envelope.svg', '/themes/DOL/assets/img/plus.svg']","['https://dol.com.br/noticias/para/938972/caso-arthur-dois-suspeitos-de-participacao-no-desaparecimento-sao-presos?d=1', 'https://dol.com.br/noticias/para/938870/pistas-apontam-para-sequestro-ou-trafico-humano-no-caso-do-menino-arthur?d=1', 'https://dol.com.br/noticias/policia/938661/policia-mantem-buscas-por-bebe-desaparecido-no-para-e-amplia-investigacao?d=1', 'https://www.whatsapp.com/channel/0029Va9IlAw2v1J02cbfQ31H', 'https://whatsapp.com/channel/0029Va9IlAw2v1J02cbfQ31H', 'https://t.me/dolnoticias', '/n/828815', '/tags/crimes-na-infancia', '/tags/denuncias-anonimas', '/tags/desaparecimento-de-bebe', '/tags/eldorado-dos-carajas', '/tags/investigacoes-policiais', '/tags/sequestro', '#modal_5', '#', '#', '/noticias/para/942012/apreensao-de-357-quilos-de-drogas-em-operacao-fluvial-no-amazonas', '/noticias/brasil/942011/cadela-e-resgatada-de-dentro-de-parede-em-obra-no-parana', '/noticias/policia/942010/pericia-audiovisual-e-ia-ampliam-desafios-da-ciencia-forense-no-para', '/noticias/policia/942009/idoso-denuncia-mulher-por-furto-de-joias-e-cartoes-em-ananindeua', '/noticias/para/942008/oleos-da-amazonia-despontam-como-alternativa-no-combate-ao-cancer']",https://dol.com.br/noticias/para/939016/delegado-detalha-perfis-dos-suspeitos-de-envolvimento-no-caso-arthur-jose
Caso Arthur: dois suspeitos de participação no desaparecimento são presos,2026-05-18 16:36:17,"sexta-feira, 10/04/2026, 20:10- Atualizado 10/04/2026, 21:02-  Autor: Alexandre Nascimento",tagscriancas desaparecidas Desaparecimento Eldorado dos Carajás investigações policiais JUSTIÇA Segurança Pública,"['https://cdn.dol.com.br/img/Artigo-Destaque/930000/640x335/whatsapp-image-2026-04-10-at-204936009389720-3.webp?fallback=https%3A%2F%2Fcdn.dol.com.br%2Fimg%2FArtigo-Destaque%2F930000%2Fwhatsapp-image-2026-04-10-at-204936009389720.jpg%3Fxid%3D3225777&xid=3225777', '/themes/DOL/assets/img/camera-solid.svg', '/themes/DOL/assets/img/envelope.svg', '/themes/DOL/assets/img/plus.svg']","['https://dol.com.br/noticias/para/938870/pistas-apontam-para-sequestro-ou-trafico-humano-no-caso-do-menino-arthur?d=1', 'https://dol.com.br/noticias/para/938870/pistas-apontam-para-sequestro-ou-trafico-humano-no-caso-do-menino-arthur?d=1', 'https://dol.com.br/noticias/para/938857/protocolo-alice-reforca-combate-ao-feminicidio-no-para?d=1', 'https://dol.com.br/tags/jose-arthur?d=1', 'https://dol.com.br/tags/mppa?d=1', 'https://www.whatsapp.com/channel/0029Va9IlAw2v1J02cbfQ31H', 'https://whatsapp.com/channel/0029Va9IlAw2v1J02cbfQ31H', 'https://t.me/dolnoticias', '/n/828815', '/tags/criancas-desaparecidas', '/tags/desaparecimento', '/tags/eldorado-dos-carajas', '/tags/investigacoes-policiais', '/tags/justica', '/tags/seguranca-publica', '#modal_5', '#', '#', '/esporte/paysandu/941802/paysandu-x-nacional-horario-alterado-e-lote-inicial-de-ingressos-esgotado', '/noticias/para/941801/prefeitura-prorroga-inscricao-para-editais-da-lei-aldir-blanc', '/noticias/para/941800/arraias-transportadas-em-sacos-plasticos-sao-resgatadas-em-castanhal-no-para', '/esporte/remo/941799/victor-bueno-projeta-evolucao-e-ve-remo-mais-cascudo-na-temporada', '/entretenimento/941798/modelo-revela-conversa-antes-do-termino-de-virginia-e-vini-jr']",https://dol.com.br/noticias/para/938972/caso-arthur-dois-suspeitos-de-participacao-no-desaparecimento-sao-presos
Troca de tiros em perseguição policial termina com suspeitos presos no Guamá,2026-05-18 16:36:18,"quinta-feira, 09/04/2026, 19:54- Atualizado 09/04/2026, 21:34-  Autor: Lana Oliveira",tagsASSALTO belém guamá MOTORISTA DE APLICATIVO Reféns SEGURANÇA,"['https://cdn.dol.com.br/img/Artigo-Destaque/930000/640x335/crop251775776223009388910-3.webp?fallback=https%3A%2F%2Fcdn.dol.com.br%2Fimg%2FArtigo-Destaque%2F930000%2Fcrop251775776223009388910.jpg%3Fxid%3D3225311&xid=3225311', '/themes/DOL/assets/img/camera-solid.svg', '/themes/DOL/assets/img/envelope.svg', '/themes/DOL/assets/img/plus.svg']","['https://dol.com.br/noticias/para/938870/pistam-apontam-para-sequestro-ou-trafico-humano-no-caso-do-menino-arthur?d=1', 'https://dol.com.br/noticias/para/938879/motociclista-morre-ao-ser-atingido-por-caminhao-na-mario-covas?d=1', 'https://www.whatsapp.com/channel/0029Va9IlAw2v1J02cbfQ31H', 'https://whatsapp.com/channel/0029Va9IlAw2v1J02cbfQ31H', 'https://t.me/dolnoticias', '/n/828815', '/tags/assalto', '/tags/belem', '/tags/guama', '/tags/motorista-de-aplicativo', '/tags/refens', '/tags/seguranca', '#modal_5', '#', '#', '/entretenimento/cinema/941967/roteiro-de-dark-horse-expoe-polemicas-politicas-de-bolsonaro', '/tuedoide/curiosidades/941966/foto-de-alien-de-taiwan-aparece-em-arquivos-dos-eua', '/tuedoide/curiosidades/941965/nova-especie-de-dinossauro-maior-que-o-t-rex-e-descoberta', '/noticias/te-cuida/941964/cardiologista-revela-8-frutas-que-baixam-a-pressao-arterial', '/noticias/brasil/941963/video-homem-e-arremessado-apos-ataque-de-boi-solto-em-rua']",https://dol.com.br/noticias/para/938891/troca-de-tiros-em-perseguicao-policial-termina-com-suspeitos-presos-no-guama
Operação Semana Santa resulta em 36 prisões e 382 boletins de ocorrência,2026-05-18 16:36:19,"segunda-feira, 06/04/2026, 18:44-  Autor: Letícia Corrêa - Fonte: Agência Pará",tagscombate ao tráfico Fiscalização de Estabelecimentos Operação Semana Santa polícia civil prevenção à violência Segurança Pública,"['https://cdn.dol.com.br/img/Artigo-Destaque/930000/640x335/pc-pa009386020-3.webp?fallback=https%3A%2F%2Fcdn.dol.com.br%2Fimg%2FArtigo-Destaque%2F930000%2Fpc-pa009386020.jpg%3Fxid%3D3223701&xid=3223701', '/themes/DOL/assets/img/camera-solid.svg', '/themes/DOL/assets/img/envelope.svg', '/themes/DOL/assets/img/plus.svg']","['https://dol.com.br/noticias/para/938093/operacao-semana-santa-reforca-seguranca-em-17-localidades-do-para?d=1', 'https://dol.com.br/noticias/para/938365/operacao-reforca-seguranca-em-rios-do-para-na-semana-santa?d=1', 'https://www.whatsapp.com/channel/0029Va9IlAw2v1J02cbfQ31H', 'https://dol.com.br/noticias/para/938435/feriado-seguro-detran-intensifica-acoes-por-seguranca-nas-estradas?d=1', 'https://whatsapp.com/channel/0029Va9IlAw2v1J02cbfQ31H', 'https://t.me/dolnoticias', '/n/828815', '/tags/combate-ao-trafico', '/tags/fiscalizacao-de-estabelecimentos', '/tags/operacao-semana-santa', '/tags/policia-civil', '/tags/prevencao-a-violencia', '/tags/seguranca-publica', '#modal_5', '#', '#', '/esporte/paysandu/941795/bruno-bispo-retorna-ao-time-para-recompor-defesa-do-paysandu', '/noticias/para/941794/pf-cumpre-mandado-contra-homem-abuso-sexual-infantil-em-barcarena-no-para', '/esporte/paysandu/941793/executivo-avalia-paysandu-na-copa-do-brasil-orgulho-dos-atletas', '/entretenimento/941792/grupo-cena-aberta-homenageia-zelia-amador-em-peca-teatral', '/noticias/para/941791/para-mobiliza-1800-policiais-em-megaoperacao-contra-criminalidade']",https://dol.com.br/noticias/policia/938602/operacao-semana-santa-resulta-em-36-prisoes-e-382-boletins-de-ocorrencia
Portugal debate proibição de idosos ao volante após petição,2026-05-18 16:36:23,"segunda-feira, 06/04/2026, 14:15-  Autor: Sales Coimbra - Fonte: Veja",tagsIdade idosos Motoristas petição PORTUGAL Proibição volante,"['https://cdn.dol.com.br/img/Artigo-Destaque/930000/640x335/elegant-old-couple-car-salon009385740-3.webp?fallback=https%3A%2F%2Fcdn.dol.com.br%2Fimg%2FArtigo-Destaque%2F930000%2Felegant-old-couple-car-salon009385740.png%3Fxid%3D3223551&xid=3223551', '/themes/DOL/assets/img/camera-solid.svg', '/themes/DOL/assets/img/envelope.svg', '/themes/DOL/assets/img/plus.svg']","['https://dol.com.br/noticias/mundo-noticias/938546/lider-da-guarda-do-ira-e-morto-em-ataque-de-israel?d=1', 'https://dol.com.br/noticias/mundo-noticias/938540/china-executa-frances-condenado-por-trafico-de-drogas?d=1', 'https://dol.com.br/noticias/mundo-noticias/938472/imprensa-argentina-reage-apos-pai-repetir-gesto-racista-de-filha?d=1', 'https://www.whatsapp.com/channel/0029Va9IlAw2v1J02cbfQ31H', 'https://whatsapp.com/channel/0029Va9IlAw2v1J02cbfQ31H', 'https://t.me/dolnoticias', '/n/828815', '/tags/idade', '/tags/idosos', '/tags/motoristas', '/tags/peticao', '/tags/portugal', '/tags/proibicao', '/tags/volante', '#modal_5', '#', '#', '/esporte/esporte-brasil/942036/acompanhe-ao-vivo-a-transmissao-da-convocacao-da-selecao-brasileira', '/noticias/para/942035/simulado-orienta-comunidades-de-barcarena-sobre-acidente-com-barragem', '/noticias/servico/942034/governo-do-para-anuncia-datas-dos-pagamentos-dos-servidores-publicos', '/entretenimento/942033/novo-visual-de-gusttavo-lima-vira-alvo-de-piadas-e-polemicas', '/noticias/brasil/942032/casa-propria-veja-renda-ideal-e-condicoes-para-financiar-imovel']",https://dol.com.br/noticias/mundo-noticias/938574/portugal-debate-proibicao-de-idosos-ao-volante-apos-peticao
Mais de 40 são presos em ação contra tráfico de drogas no Pará e Amapá,2026-05-18 16:36:25,"terça-feira, 31/03/2026, 14:44-  Autor: Sales Coimbra",tagsforncedor de drogas GUARDA MUNICIPAL MEGAOPERAÇÃO Operação Abadom Pará e Amapá TRÁfico de drogas,"['https://cdn.dol.com.br/img/Artigo-Destaque/930000/640x335/whatsapp-image-2026-03-31-at-125653009380910-3.webp?fallback=https%3A%2F%2Fcdn.dol.com.br%2Fimg%2FArtigo-Destaque%2F930000%2Fwhatsapp-image-2026-03-31-at-125653009380910.jpg%3Fxid%3D3220621&xid=3220621', '/themes/DOL/assets/img/camera-solid.svg', '/themes/DOL/assets/img/envelope.svg', '/themes/DOL/assets/img/plus.svg']","['https://dol.com.br/noticias/policia/938081/duas-carretas-explodem-em-colisao-e-deixam-mortos-em-moju?d=1', 'https://dol.com.br/noticias/policia/938080/videos-torcidas-de-remo-e-paysandu-entram-em-confronto?d=1', 'https://dol.com.br/noticias/para/938054/homem-e-preso-por-estupro-e-roubo-em-santa-izabel-do-para?d=1', 'https://whatsapp.com/channel/0029Va9IlAw2v1J02cbfQ31H', 'https://t.me/dolnoticias', '/n/828815', '/tags/forncedor-de-drogas', '/tags/guarda-municipal', '/tags/megaoperacao', '/tags/operacao-abadom', '/tags/para-e-amapa', '/tags/trafico-de-drogas', '#modal_5', '#', '#', '/esporte/paysandu/941829/sem-caio-mello-confira-os-relacionados-do-paysandu-contra-o-caxias', '/noticias/tecnologia/941828/whatsapp-aprimora-recurso-de-mensagens-temporarias', '/noticias/brasil/941827/governo-libera-saque-do-fgts-para-10-milhoes-veja-quem-recebe', '/entretenimento/cinema/941826/professor-volta-em-novo-teaser-da-continuacao-de-la-casa-de-papel', '/noticias/brasil/941825/samsung-busca-projetos-criativos-de-estudantes-da-rede-publica']",https://dol.com.br/noticias/policia/938091/mais-de-40-sao-presos-em-acao-contra-trafico-de-drogas-no-para-e-amapa
Operação “Medusa” prende suspeitos de tráfico no Marajó,2026-05-18 16:36:26,"terça-feira, 31/03/2026, 13:44-  Autor: Júlia Marques - Fonte: Ag. Pará",tagsCRIME ORGANIZADO LAVAGEM DE DINHEIRO OPERAÇÃO MEDUSA polícia civil do pará PRISÃO DE SUSPEITOS TRÁfico de drogas,"['https://cdn.dol.com.br/img/Artigo-Destaque/930000/640x335/foque-47009380870-3.webp?fallback=https%3A%2F%2Fcdn.dol.com.br%2Fimg%2FArtigo-Destaque%2F930000%2Ffoque-47009380870.png%3Fxid%3D3220593&xid=3220593', '/themes/DOL/assets/img/camera-solid.svg', '/themes/DOL/assets/img/envelope.svg', '/themes/DOL/assets/img/plus.svg']","['https://dol.com.br/noticias/policia/938080/videos-torcidas-de-remo-e-paysandu-entram-em-confronto?d=1', 'https://dol.com.br/noticias/policia/938037/video-homem-mata-companheira-a-facadas-em-hotel-no-para?d=1', 'https://dol.com.br/noticias/policia/938002/homem-nega-acusacao-de-estupro-apos-ser-linchado-na-condor-em-belem?d=1', 'https://www.whatsapp.com/channel/0029Va9IlAw2v1J02cbfQ31H', 'https://whatsapp.com/channel/0029Va9IlAw2v1J02cbfQ31H', 'https://t.me/dolnoticias', '/n/828815', '/tags/crime-organizado', '/tags/lavagem-de-dinheiro', '/tags/operacao-medusa', '/tags/policia-civil-do-para', '/tags/prisao-de-suspeitos', '/tags/trafico-de-drogas', '#modal_5', '#', '#', '/esporte/paysandu/941829/sem-caio-mello-confira-os-relacionados-do-paysandu-contra-o-caxias', '/noticias/tecnologia/941828/whatsapp-aprimora-recurso-de-mensagens-temporarias', '/noticias/brasil/941827/governo-libera-saque-do-fgts-para-10-milhoes-veja-quem-recebe', '/entretenimento/cinema/941826/professor-volta-em-novo-teaser-da-continuacao-de-la-casa-de-papel', '/noticias/brasil/941825/samsung-busca-projetos-criativos-de-estudantes-da-rede-publica']",https://dol.com.br/noticias/policia/938087/operacao-medusa-prende-suspeitos-de-trafico-no-marajo
ONU reacende debate sobre reparação da escravidão de africanos,2026-05-18 16:36:27,"sábado, 28/03/2026, 19:01-  Autor: Sales Coimbra - Fonte: BBC News Brasil",tagsdecisão da ONU escravidão de africanos fundo de compensação justiça reparatória ONU reparação,"['https://cdn.dol.com.br/img/Artigo-Destaque/930000/640x335/escravidaonobrasil009378910-3.webp?fallback=https%3A%2F%2Fcdn.dol.com.br%2Fimg%2FArtigo-Destaque%2F930000%2Fescravidaonobrasil009378910.png%3Fxid%3D3219444&xid=3219444', '/themes/DOL/assets/img/camera-solid.svg', 'https://cdn.dol.com.br/img/inline/930000/767x0/image1170x530cropped009378910.webp?fallback=https%3A%2F%2Fcdn.dol.com.br%2Fimg%2Finline%2F930000%2Fimage1170x530cropped009378910.png%3Fxid%3D3219446%26resize%3D380%252C200%26t%3D1778938077&xid=3219446', 'https://cdn.dol.com.br/img/inline/930000/767x0/herb67fweaaygza-1009378911.webp?fallback=https%3A%2F%2Fcdn.dol.com.br%2Fimg%2Finline%2F930000%2Fherb67fweaaygza-1009378911.png%3Fxid%3D3219447%26resize%3D380%252C200%26t%3D1778938077&xid=3219447', '/themes/DOL/assets/img/envelope.svg', '/themes/DOL/assets/img/plus.svg']","['https://dol.com.br/noticias/mundo-noticias/937847/guerra-no-oriente-medio-completa-um-mes-e-impacta-precos-no-brasil?d=1', 'https://dol.com.br/noticias/mundo-noticias/937771/trump-diz-que-cia-relatou-que-lider-supremo-do-ira-seria-gay?d=1', 'https://dol.com.br/noticias/mundo-noticias/937748/nova-variante-da-covid-19-se-espalha-pelo-mundo-e-gera-alerta?d=1', 'https://www.whatsapp.com/channel/0029Va9IlAw2v1J02cbfQ31H', 'https://whatsapp.com/channel/0029Va9IlAw2v1J02cbfQ31H', 'https://t.me/dolnoticias', '/n/828815', '/tags/decisao-da-onu', '/tags/escravidao-de-africanos', '/tags/fundo-de-compensacao', '/tags/justica-reparatoria', '/tags/onu', '/tags/reparacao', '#modal_5', '#', '#', '/noticias/para/941841/veja-detalhes-da-mansao-que-daniel-santos-admitiu-ter-feito-compra-compartilhada', '/noticias/policia/941840/colombiano-e-morto-a-tiros-por-encapuzados-no-umarizal', '/colunistas/mauro-bonna/941839/loja-de-virginia-fonseca-explode-em-vendas-em-belem', '/noticias/te-cuida/941838/leite-faz-bem-ou-faz-mal-descubra-o-que-diz-a-ciencia', '/esporte/esporte-brasil/941837/adversaria-do-remo-chapecoense-nao-vence-ha-13-rodadas']",https://dol.com.br/noticias/mundo-noticias/937891/onu-reacende-debate-sobre-reparacao-da-escravidao-de-africanos
Trio é preso por atentado contra agentes de segurança pública em Belém,2026-05-18 16:36:28,"sexta-feira, 27/03/2026, 12:07-  Autor: Sales Coimbra - Fonte: PCPA",tagsAGENTES DE SEGURANÇA PÚBLICA Atentado belém PORTE ILEGAL DE ARMA tentativa de homicídio uso restrito,"['https://cdn.dol.com.br/img/Artigo-Destaque/930000/640x335/captura-de-tela-95-1009377830-3.webp?fallback=https%3A%2F%2Fcdn.dol.com.br%2Fimg%2FArtigo-Destaque%2F930000%2Fcaptura-de-tela-95-1009377830.png%3Fxid%3D3218721&xid=3218721', '/themes/DOL/assets/img/camera-solid.svg', '/themes/DOL/assets/img/envelope.svg', '/themes/DOL/assets/img/plus.svg']","['https://dol.com.br/noticias/policia/937739/video-mulher-e-assaltada-em-plena-luz-do-dia-em-belem-e-reage?d=1', 'https://dol.com.br/noticias/policia/937704/mais-de-1-tonelada-de-drogas-e-incinerada-em-castanhal?d=1', 'https://dol.com.br/noticias/policia/937686/video-policia-encontra-novo-carro-usado-por-sequestradores-em-belem?d=1', 'https://www.whatsapp.com/channel/0029Va9IlAw2v1J02cbfQ31H', 'https://whatsapp.com/channel/0029Va9IlAw2v1J02cbfQ31H', 'https://t.me/dolnoticias', '/n/828815', '/tags/agentes-de-seguranca-publica', '/tags/atentado', '/tags/belem', '/tags/porte-ilegal-de-arma', '/tags/tentativa-de-homicidio', '/tags/uso-restrito', '#modal_5', '#', '#', '/entretenimento/cinema/941967/roteiro-de-dark-horse-expoe-polemicas-politicas-de-bolsonaro', '/tuedoide/curiosidades/941966/foto-de-alien-de-taiwan-aparece-em-arquivos-dos-eua', '/tuedoide/curiosidades/941965/nova-especie-de-dinossauro-maior-que-o-t-rex-e-descoberta', '/noticias/te-cuida/941964/cardiologista-revela-8-frutas-que-baixam-a-pressao-arterial', '/noticias/brasil/941963/video-homem-e-arremessado-apos-ataque-de-boi-solto-em-rua']",https://dol.com.br/noticias/policia/937783/trio-e-preso-por-atentado-contra-agentes-de-seguranca-publica-em-belem
Líder de facção no Pará morre em confronto com a Polícia,2026-05-18 16:36:29,"quarta-feira, 25/03/2026, 16:33- Atualizado 25/03/2026, 19:24-  Autor: DOL Carajás - Fonte: Ascom PC/PA",tagscriminalidade Facções Criminosas MARABÁ polícia civil Segurança Pública,"['/themes/DOL/assets/img/camera-solid.svg', '/themes/DOL/assets/img/envelope.svg', '/themes/DOL/assets/img/plus.svg']","['https://dol.com.br/carajas/cidades/937502/onca-parda-morre-apos-ser-atropelada-na-br-158-no-para?utm_source=Facebook&utm_medium=referral&utm_campaign=Redes_Sociais&d=1', 'https://dol.com.br/carajas/noticias/policia/937532/bombeiros-localizam-corpo-de-jovem-que-estava-desaparecido?d=1&utm_source=Facebook&utm_medium=referral&utm_campaign=Redes_Sociais', 'https://dol.com.br/carajas/noticias/policia/937537/policia-prende-homem-acusado-de-violentar-a-propria-prima?d=1&utm_source=Facebook&utm_medium=referral&utm_campaign=Redes_Sociais', 'https://whatsapp.com/channel/0029Va9IlAw2v1J02cbfQ31H', 'https://t.me/dolnoticias', '/n/828815', '/tags/criminalidade', '/tags/faccoes-criminosas', '/tags/maraba', '/tags/policia-civil', '/tags/seguranca-publica', '#modal_5', '#', '#']",https://dol.com.br/carajas/noticias/policia/937612/lider-de-faccao-no-para-morre-em-confronto-com-a-policia
"Salinas: Adolescente morre afogado no lago da ""Coca-Cola""",2026-05-18 16:36:30,"quarta-feira, 25/03/2026, 10:19- Atualizado 25/03/2026, 10:32-  Autor: Sales Coimbra",tagsAdolescente afogado AFOGAMENTO afogamento em salinas lago da Coca-Cola morte de adolescente Praia do Atalaia SALINAS SALINÓPOLIS tragédia,"['https://cdn.dol.com.br/img/Artigo-Destaque/930000/640x335/lagoa-da-coca-cola009375810-3.webp?fallback=https%3A%2F%2Fcdn.dol.com.br%2Fimg%2FArtigo-Destaque%2F930000%2Flagoa-da-coca-cola009375810.png%3Fxid%3D3217556&xid=3217556', '/themes/DOL/assets/img/camera-solid.svg', '/themes/DOL/assets/img/envelope.svg', '/themes/DOL/assets/img/plus.svg']","['https://dol.com.br/noticias/policia/937508/acao-prende-suspeitos-por-golpes-em-hospedagens-durante-a-cop30?d=1', 'https://dol.com.br/noticias/policia/937517/cabo-da-marinha-e-preso-por-trafico-humano-envolvendo-bebe-em-belem?d=1', 'https://dol.com.br/noticias/policia/937564/policia-incinera-mais-de-uma-tonelada-de-drogas-no-para?d=1', 'https://www.whatsapp.com/channel/0029Va9IlAw2v1J02cbfQ31H', 'https://whatsapp.com/channel/0029Va9IlAw2v1J02cbfQ31H', 'https://t.me/dolnoticias', '/n/828815', '/tags/adolescente', '/tags/afogado', '/tags/afogamento', '/tags/afogamento-em-salinas', '/tags/lago-da-coca-cola', '/tags/morte-de-adolescente', '/tags/praia-do-atalaia', '/tags/salinas', '/tags/salinopolis', '/tags/tragedia', '#modal_5', '#', '#', '/entretenimento/941913/pabllo-vittar-danca-rock-doido-e-se-declara-te-amo-belem', '/esporte/remo/941912/chapecoense-x-remo-escalacoes-arbitragem-e-onde-assistir', '/noticias/para/941911/dia-mundial-da-reciclagem-reforca-o-papel-dos-catadores-em-belem', '/carajas/esportes/aguia/941910/tuna-enfrenta-o-aguia-hoje-com-sabor-de-revanche-pela-serie-d', '/entretenimento/941909/grazi-massafera-relembra-separacao-de-caua-reymond-e-faz-desabafo']",https://dol.com.br/noticias/para/937581/salinas-adolescente-morre-afogado-no-lago-da-coca-cola
Bombeiros localizam corpo de jovem que estava desaparecido,2026-05-18 16:36:32,"terça-feira, 24/03/2026, 18:27-  Autor: DOL Carajás com informações de Delmiro Silva",tagsBombeiros DESAPARECIDOS Rios SEGURANÇA tragédia,"['/themes/DOL/assets/img/camera-solid.svg', 'https://cdn.dol.com.br/img/inline/930000/767x0/design-sem-nomejpg009375320.webp?fallback=https%3A%2F%2Fcdn.dol.com.br%2Fimg%2Finline%2F930000%2Fdesign-sem-nomejpg009375320.jpg%3Fxid%3D3217219%26resize%3D380%252C200%26t%3D1778920673&xid=3217219', '/themes/DOL/assets/img/envelope.svg', '/themes/DOL/assets/img/plus.svg']","['https://dol.com.br/carajas/noticias/policia/937347/tecnica-de-enfermagem-morre-apos-ambulancia-colidir-com-caminhao?d=1&utm_source=Facebook&utm_medium=referral&utm_campaign=Redes_Sociais', 'https://dol.com.br/carajas/noticias/policia/937490/pm-desarticula-pontos-de-trafico-em-bairros-de-tucurui?d=1&utm_source=Facebook&utm_medium=referral&utm_campaign=Redes_Sociais', 'https://dol.com.br/carajas/cidades/937502/onca-parda-morre-apos-ser-atropelada-na-br-158-no-para?utm_source=Facebook&utm_medium=referral&utm_campaign=Redes_Sociais&d=1', 'https://whatsapp.com/channel/0029Va9IlAw2v1J02cbfQ31H', 'https://t.me/dolnoticias', '/n/828815', '/tags/bombeiros', '/tags/desaparecidos', '/tags/rios', '/tags/seguranca', '/tags/tragedia', '#modal_5', '#', '#']",https://dol.com.br/carajas/noticias/policia/937532/bombeiros-localizam-corpo-de-jovem-que-estava-desaparecido
"Cabo da Marinha é preso por tráfico humano envolvendo bebê, em Belém",2026-05-18 16:36:33,"terça-feira, 24/03/2026, 14:30-  Autor: Júlia Marques - Fonte: PCPA",tagsadoção ilegal Direitos da Criança FALSIFICAÇÃO DE DOCUMENTOS Investigações polícia civil do pará tráfico humano,"['https://cdn.dol.com.br/img/Artigo-Destaque/930000/640x335/crop301774372513009375170-3.webp?fallback=https%3A%2F%2Fcdn.dol.com.br%2Fimg%2FArtigo-Destaque%2F930000%2Fcrop301774372513009375170.jpg%3Fxid%3D3217111&xid=3217111', '/themes/DOL/assets/img/camera-solid.svg', '/themes/DOL/assets/img/envelope.svg', '/themes/DOL/assets/img/plus.svg']","['https://dol.com.br/noticias/policia/937508/acao-prende-suspeitos-por-golpes-em-hospedagens-durante-a-cop30?d=1', 'https://dol.com.br/noticias/policia/937501/video-neto-tenta-abusar-da-avo-de-87-anos-e-e-preso-no-para?d=1', 'https://dol.com.br/noticias/policia/937481/dentro-do-carro-e-voltando-da-academia-homens-sao-mortos-em-belem?d=1', 'https://www.whatsapp.com/channel/0029Va9IlAw2v1J02cbfQ31H', 'https://whatsapp.com/channel/0029Va9IlAw2v1J02cbfQ31H', 'https://t.me/dolnoticias', '/n/828815', '/tags/adocao-ilegal', '/tags/direitos-da-crianca', '/tags/falsificacao-de-documentos', '/tags/investigacoes', '/tags/policia-civil-do-para', '/tags/trafico-humano', '#modal_5', '#', '#', '/noticias/para/942016/vigilia-de-pentecostes-2026-celebracao-dos-120-anos-da-arquidiocese-de-belem', '/esporte/mundo/942015/carvajal-encerra-ciclo-lendario-no-real-madrid-veja-os-numeros', '/esporte/mundo/942014/yamal-desfalca-espanha-em-estreia-na-copa-e-e-duvida-para-2-jogo', '/esporte/paysandu/942013/kleiton-pego-e-expulso-por-tentar-enganar-o-arbitro-diz-sumula', '/noticias/para/942012/apreensao-de-357-quilos-de-drogas-em-operacao-fluvial-no-amazonas']",https://dol.com.br/noticias/policia/937517/cabo-da-marinha-e-preso-por-trafico-humano-envolvendo-bebe-em-belem
Páscoa deve levar 106 milhões às compras no Brasil,2026-05-18 16:36:34,"terça-feira, 24/03/2026, 10:46- Atualizado 24/03/2026, 20:08-  Autor: Dol Carajas - Fonte: Diário do Pará",tagsCompras Consumo PÁSCOA tendências de mercado Varejo,"['/themes/DOL/assets/img/camera-solid.svg', '/themes/DOL/assets/img/envelope.svg', '/themes/DOL/assets/img/plus.svg']","['https://dol.com.br/carajas/noticias/brasil/937475/vale-gas-gratuito-e-liberado-para-milhoes-veja-quem-recebe?d=1', 'https://dol.com.br/carajas/noticias/para/937486/seguro-defeso-novo-lote-paga-mais-de-110-mil-pescadores?d=1', 'https://dol.com.br/carajas/noticias/policia/937490/pm-desarticula-pontos-de-trafico-em-bairros-de-tucurui?d=1', 'https://whatsapp.com/channel/0029Va9IlAw2v1J02cbfQ31H', 'https://t.me/dolnoticias', '/n/828815', '/tags/compras', '/tags/consumo', '/tags/pascoa', '/tags/tendencias-de-mercado', '/tags/varejo', '#modal_5', '#', '#']",https://dol.com.br/carajas/noticias/brasil/937493/pascoa-deve-levar-106-milhoes-as-compras-no-brasil
Foragido perigoso e rede de tráfico caem em operação policial no PA,2026-05-18 16:36:35,"sexta-feira, 20/03/2026, 18:09-  Autor: DOL Carajás com informações de Delmiro Silva",tagsCONCEIÇÃO DO ARAGUAIA Homicídio pará polícia civil TRÁfico de drogas,"['/themes/DOL/assets/img/camera-solid.svg', '/themes/DOL/assets/img/envelope.svg', '/themes/DOL/assets/img/plus.svg']","['https://dol.com.br/carajas/noticias/policia/937165/forcas-de-seguranca-prendem-foragido-em-floresta-do-araguaia?d=1&utm_source=Facebook&utm_medium=referral&utm_campaign=Redes_Sociais', 'https://dol.com.br/carajas/entretenimento/937208/morre-o-ator-chuck-norris-aos-86-anos-no-havai?utm_source=Facebook&utm_medium=referral&utm_campaign=Redes_Sociais&d=1', 'https://dol.com.br/carajas/noticias/policia/937246/homem-e-preso-em-flagrante-apos-matar-esposa-a-facadas-no-sul-do-pa?d=1&utm_source=Facebook&utm_medium=referral&utm_campaign=Redes_Sociais', 'https://whatsapp.com/channel/0029Va9IlAw2v1J02cbfQ31H', 'https://t.me/dolnoticias', '/n/828815', '/tags/conceicao-do-araguaia', '/tags/homicidio', '/tags/para', '/tags/policia-civil', '/tags/trafico-de-drogas', '#modal_5', '#', '#']",https://dol.com.br/carajas/noticias/policia/937251/foragido-perigoso-e-rede-de-trafico-caem-em-operacao-policial-no-pa
Dados de celular de Vorcaro levantam suspeitas de exploração sexual,2026-05-18 16:36:36,"sexta-feira, 20/03/2026, 13:31-  Autor: Sales Coimbra - Fonte: UOL",tagsEXPLORAÇÃO SEXUAL material apreendido nova frente de investigação STF TRÁFICO DE PESSOAS vídeos íntimos Vorcaro,"['https://cdn.dol.com.br/img/Artigo-Destaque/930000/640x335/whatsapp-image-2026-03-12-at-0914205e9754f8815a44e009372220-3.webp?fallback=https%3A%2F%2Fcdn.dol.com.br%2Fimg%2FArtigo-Destaque%2F930000%2Fwhatsapp-image-2026-03-12-at-0914205e9754f8815a44e009372220.png%3Fxid%3D3215304&xid=3215304', '/themes/DOL/assets/img/camera-solid.svg', '/themes/DOL/assets/img/envelope.svg', '/themes/DOL/assets/img/plus.svg']","['https://dol.com.br/noticias/brasil/937174/vorcaro-e-transferido-nesta-quinta-feira-e-deve-assinar-delacao?d=1', 'https://dol.com.br/noticias/brasil/937098/empresario-diz-que-dono-do-master-e-outro-e-vorcaro-e-pau-mandado?d=1', 'https://dol.com.br/noticias/brasil/936757/daniel-vorcaro-troca-advogados-e-planeja-possivel-delacao?d=1', 'https://www.whatsapp.com/channel/0029Va9IlAw2v1J02cbfQ31H', 'https://whatsapp.com/channel/0029Va9IlAw2v1J02cbfQ31H', 'https://t.me/dolnoticias', '/n/828815', '/tags/exploracao-sexual', '/tags/material-apreendido', '/tags/nova-frente-de-investigacao', '/tags/stf', '/tags/trafico-de-pessoas', '/tags/videos-intimos', '/tags/vorcaro', '#modal_5', '#', '#', '/entretenimento/941778/leo-dias-expoe-suposta-traicao-de-vini-jr-e-revela-conversa-com-virginia', '/esporte/esporte-brasil/941777/dorival-junior-retorna-ao-sao-paulo-apos-saida-do-corinthians', '/tuedoide/curiosidades/941776/saiba-como-lavar-cortina-na-maquina-de-lavar-sem-causar-danos', '/noticias/brasil/941775/burger-king-deixa-pepsi-e-fecha-parceria-com-coca-cola', '/entretenimento/fama/941774/leo-dias-mostra-mulheres-que-vini-jr-teria-escondido-de-virginia']",https://dol.com.br/noticias/politica/937222/dados-de-celular-de-vorcaro-levantam-suspeitas-de-exploracao-sexual
PM desarticula ponto de tráfico e captura foragido no bairro da Paz,2026-05-18 16:36:37,"quinta-feira, 19/03/2026, 10:15-  Autor: Dol Carajas - Fonte: Policia Militar",tagsNotícias Locais Polícia Segurança Pública TRÁfico de drogas,"['/themes/DOL/assets/img/camera-solid.svg', '/themes/DOL/assets/img/envelope.svg', '/themes/DOL/assets/img/plus.svg']","['https://dol.com.br/carajas/noticias/policia/937080/ficco-deflagra-operacoes-contra-o-crime-organizado-e-corrupcao?d=1', 'https://dol.com.br/carajas/noticias/brasil/937115/nova-lei-determina-uso-imediato-de-tornozeleira-para-agressores?d=1', 'https://dol.com.br/carajas/noticias/policia/936963/servidor-municipal-e-morto-a-facadas-na-nova-maraba?d=1', 'https://whatsapp.com/channel/0029Va9IlAw2v1J02cbfQ31H', 'https://t.me/dolnoticias', '/n/828815', '/tags/noticias-locais', '/tags/policia', '/tags/seguranca-publica', '/tags/trafico-de-drogas', '#modal_5', '#', '#']",https://dol.com.br/carajas/noticias/para/937117/pm-desarticula-ponto-de-trafico-e-captura-foragido-no-bairro-da-paz
Governo colombiano acusa Equador de bombardeio na fronteira,2026-05-18 16:36:38,"terça-feira, 17/03/2026, 20:43-  Autor: Tarik Duarte - Fonte: Estadão",tagsAmérica do Sul DIPLOMACIA narcotráfico Política Internacional SEGURANÇA,"['https://cdn.dol.com.br/img/Artigo-Destaque/930000/640x335/crop261773790299009370110-3.webp?fallback=https%3A%2F%2Fcdn.dol.com.br%2Fimg%2FArtigo-Destaque%2F930000%2Fcrop261773790299009370110.jpg%3Fxid%3D3213964&xid=3213964', '/themes/DOL/assets/img/camera-solid.svg', '/themes/DOL/assets/img/envelope.svg', '/themes/DOL/assets/img/plus.svg']","['https://dol.com.br/noticias/mundo-noticias/936900/paises-aliados-rejeitam-escolta-a-trump-no-estreito-de-hormuz?d=1', 'https://dol.com.br/noticias/mundo-noticias/936803/embaixada-dos-eua-no-iraque-sofre-ataque-com-drones-do-ira?d=1', 'https://whatsapp.com/channel/0029Va9IlAw2v1J02cbfQ31H', 'https://whatsapp.com/channel/0029Va9IlAw2v1J02cbfQ31H', 'https://t.me/dolnoticias', '/n/828815', '/tags/america-do-sul', '/tags/diplomacia', '/tags/narcotrafico', '/tags/politica-internacional', '/tags/seguranca', '#modal_5', '#', '#', '/noticias/para/942018/acusado-de-matar-irmaos-da-familia-tenorio-vai-a-juri-popular-em-belem', '/noticias/para/942017/ossada-humana-e-encontrada-em-mata-no-marajo', '/noticias/para/942016/vigilia-de-pentecostes-2026-celebracao-dos-120-anos-da-arquidiocese-de-belem', '/esporte/mundo/942015/carvajal-encerra-ciclo-lendario-no-real-madrid-veja-os-numeros', '/esporte/mundo/942014/yamal-desfalca-espanha-em-estreia-na-copa-e-e-duvida-para-2-jogo']",https://dol.com.br/noticias/mundo-noticias/937011/governo-colombiano-acusa-equador-de-bombardeio-na-fronteira
Polícia anuncia plano de fiscalização rigorosa em rios e bares de Marabá,2026-05-18 16:36:41,"segunda-feira, 16/03/2026, 19:04-  Autor: Michel Garcia",tagsbares Fiscalização IRREGULARIDADES MARABÁ polícia civil Rios Segurança Pública,"['/themes/DOL/assets/img/camera-solid.svg', 'https://cdn.dol.com.br/img/inline/930000/767x0/design-sem-nome-55jpg009369230.webp?fallback=https%3A%2F%2Fcdn.dol.com.br%2Fimg%2Finline%2F930000%2Fdesign-sem-nome-55jpg009369230.jpg%3Fxid%3D3213392%26resize%3D380%252C200%26t%3D1779133000&xid=3213392', '/themes/DOL/assets/img/envelope.svg', '/themes/DOL/assets/img/plus.svg']","['https://dol.com.br/carajas/noticias/policia/936789/homem-finge-ser-cliente-pede-pra-ligar-celular-e-sai-correndo-com-ele?d=1&utm_source=Facebook&utm_medium=referral&utm_campaign=Redes_Sociais', 'https://dol.com.br/carajas/noticias/policia/936792/homem-e-preso-por-trafico-de-drogas-no-sudeste-do-para?d=1&utm_source=Facebook&utm_medium=referral&utm_campaign=Redes_Sociais', 'https://dol.com.br/carajas/noticias/policia/936922/video-camera-flagra-assalto-dentro-de-residencia-em-tucurui?d=1&utm_source=Facebook&utm_medium=referral&utm_campaign=Redes_Sociais', 'https://whatsapp.com/channel/0029Va9IlAw2v1J02cbfQ31H', 'https://t.me/dolnoticias', '/n/828815', '/tags/bares', '/tags/fiscalizacao', '/tags/irregularidades', '/tags/maraba', '/tags/policia-civil', '/tags/rios', '/tags/seguranca-publica', '#modal_5', '#', '#']",https://dol.com.br/carajas/noticias/policia/936923/policia-anuncia-plano-de-fiscalizacao-rigorosa-em-rios-e-bares-de-maraba
Megaoperação da PM em Santarém: 110 quilos de drogas apreendidos,2026-05-18 16:36:44,"quinta-feira, 12/03/2026, 20:37-  Autor: Lana Oliveira - Fonte: Agência Pará",tagsOperação Policial polícia militar SANTARÉM Segurança Pública TRÁfico de drogas,"['https://cdn.dol.com.br/img/Artigo-Destaque/930000/640x335/165009366510-3.webp?fallback=https%3A%2F%2Fcdn.dol.com.br%2Fimg%2FArtigo-Destaque%2F930000%2F165009366510.jpg%3Fxid%3D3211806&xid=3211806', '/themes/DOL/assets/img/camera-solid.svg', '/themes/DOL/assets/img/envelope.svg', '/themes/DOL/assets/img/plus.svg']","['https://dol.com.br/noticias/para/936627/mppa-aponta-falhas-em-escola-infantil-de-ananindeua-e-cobra-adequacoes?d=1', 'https://dol.com.br/noticias/para/936642/interdicao-na-joao-paulo-segundo-nao-impedem-acesso-ao-parque-do-utinga?d=1', 'https://www.whatsapp.com/channel/0029Va9IlAw2v1J02cbfQ31H', 'https://www.whatsapp.com/channel/0029Va9IlAw2v1J02cbfQ31H', 'https://whatsapp.com/channel/0029Va9IlAw2v1J02cbfQ31H', 'https://t.me/dolnoticias', '/n/828815', '/tags/operacao-policial', '/tags/policia-militar', '/tags/santarem', '/tags/seguranca-publica', '/tags/trafico-de-drogas', '#modal_5', '#', '#', '/esporte/esporte-brasil/942036/acompanhe-ao-vivo-a-transmissao-da-convocacao-da-selecao-brasileira', '/noticias/para/942035/simulado-orienta-comunidades-de-barcarena-sobre-acidente-com-barragem', '/noticias/servico/942034/governo-do-para-anuncia-datas-dos-pagamentos-dos-servidores-publicos', '/entretenimento/942033/novo-visual-de-gusttavo-lima-vira-alvo-de-piadas-e-polemicas', '/noticias/brasil/942032/casa-propria-veja-renda-ideal-e-condicoes-para-financiar-imovel']",https://dol.com.br/noticias/para/936651/megaoperacao-da-pm-em-santarem-110-quilos-de-drogas-apreendidos
EUA devem anunciar CV e PCC como organizações terroristas,2026-05-18 16:36:46,"domingo, 08/03/2026, 20:37-  Autor: Alexandre Nascimento - Fonte: UOL",tagsCOMANDO VERMELHO Facções Criminosas Política de Segurança Primeiro Comando da Capital Relações Brasil-EUA TERRORISMO,"['https://cdn.dol.com.br/img/Artigo-Destaque/930000/640x335/crop251773012930009363410-3.webp?fallback=https%3A%2F%2Fcdn.dol.com.br%2Fimg%2FArtigo-Destaque%2F930000%2Fcrop251773012930009363410.jpg%3Fxid%3D3209781&xid=3209781', '/themes/DOL/assets/img/camera-solid.svg', 'https://cdn.dol.com.br/img/inline/930000/767x0/crop331773011377-2009363410.webp?fallback=https%3A%2F%2Fcdn.dol.com.br%2Fimg%2Finline%2F930000%2Fcrop331773011377-2009363410.jpg%3Fxid%3D3209783%26resize%3D380%252C200%26t%3D1779113326&xid=3209783', '/themes/DOL/assets/img/envelope.svg', '/themes/DOL/assets/img/plus.svg']","['https://dol.com.br/tags/donald-trump?d=1', 'https://dol.com.br/tags/comando-vermelho?d=1', 'https://dol.com.br/tags/pcc?d=1', 'https://dol.com.br/esporte/mundo/936153/messi-e-o-inter-miami-visitam-trump-na-casa-branca?d=1', 'https://dol.com.br/noticias/mundo-noticias/936200/trump-diz-que-somente-rendicao-do-ira-fara-acordo-ser-possivel?d=1', 'https://dol.com.br/noticias/brasil/936292/dia-da-mulher-lula-fala-sobre-feminicidios-escala-61-e-eca-digital?d=1', 'https://www.whatsapp.com/channel/0029Va9IlAw2v1J02cbfQ31H', 'https://whatsapp.com/channel/0029Va9IlAw2v1J02cbfQ31H', 'https://t.me/dolnoticias', '/n/828815', '/tags/comando-vermelho', '/tags/faccoes-criminosas', '/tags/politica-de-seguranca', '/tags/primeiro-comando-da-capital', '/tags/relacoes-brasil-eua', '/tags/terrorismo', '#modal_5', '#', '#', '/esporte/mundo/941993/cavaliers-atropelam-o-detroit-pistons-e-vao-a-final-no-leste', '/esporte/esporte-brasil/941992/ancelotti-se-diverte-com-pressao-para-levar-neymar-a-copa', '/entretenimento/cultura/941991/novo-lottie-brooks-diario-roubado-e-caos-em-excursao', '/entretenimento/quadrinhos/941990/conrad-editora-revela-lancamentos-de-peso-e-reforca-hqs-nacionais', '/noticias/brasil/941989/piloto-baleado-na-testa-em-operacao-no-rio-morre-apos-batalha-pela-vida']",https://dol.com.br/noticias/mundo-noticias/936341/eua-devem-anunciar-cv-e-pcc-como-organizacoes-terroristas
Operação em Marabá desarticula grupo ligado a facção e prende oito,2026-05-18 16:36:47,"sábado, 07/03/2026, 11:37- Atualizado 08/03/2026, 13:18-  Autor: Dol Carajas - Fonte: Agência Pará",tagsfacção criminosa MARABÁ Operação Policial SEGURANÇA TRÁfico de drogas,"['/themes/DOL/assets/img/camera-solid.svg', '/themes/DOL/assets/img/envelope.svg', '/themes/DOL/assets/img/plus.svg']","['https://dol.com.br/carajas/noticias/policia/936126/video-pm-prende-cinco-apos-homicidio-em-residencial-de-maraba?d=1', 'https://dol.com.br/carajas/cidades/outras/936195/xinguara-decreta-emergencia-apos-temporais-atingirem-720-familias?d=1', 'https://dol.com.br/carajas/noticias/policia/936199/execucao-misteriosa-jovem-e-morto-a-tiros-por-dupla-em-moto?d=1', 'https://whatsapp.com/channel/0029Va9IlAw2v1J02cbfQ31H', 'https://t.me/dolnoticias', '/n/828815', '/tags/faccao-criminosa', '/tags/maraba', '/tags/operacao-policial', '/tags/seguranca', '/tags/trafico-de-drogas', '#modal_5', '#', '#']",https://dol.com.br/carajas/noticias/policia/936249/operacao-em-maraba-desarticula-grupo-ligado-a-faccao-e-prende-oito
Adolescente de 13 anos é estuprada por sete pessoas no Rio,2026-05-18 16:36:48,"quinta-feira, 05/03/2026, 20:49- Atualizado 05/03/2026, 21:03-  Autor: Alexandre Nascimento - Fonte: Justiça ao Minuto",tagsCRIME ORGANIZADO direitos das mulheres justiça criminal RIO DE JANEIRO Segurança Pública violência sexual,"['https://cdn.dol.com.br/img/Artigo-Destaque/930000/640x335/crop331772753309-3009361280-3.webp?fallback=https%3A%2F%2Fcdn.dol.com.br%2Fimg%2FArtigo-Destaque%2F930000%2Fcrop331772753309-3009361280.jpg%3Fxid%3D3208407&xid=3208407', '/themes/DOL/assets/img/camera-solid.svg', '/themes/DOL/assets/img/envelope.svg', '/themes/DOL/assets/img/plus.svg']","['https://dol.com.br/tags/violencia-sexual?d=1', 'https://dol.com.br/noticias/brasil/935977/mais-duas-jovens-relatam-terem-sido-vitimas-de-estupro-por-reus?d=1', 'https://dol.com.br/noticias/policia/936046/porteiro-de-escola-e-preso-por-abuso-sexual-de-alunas-em-belem?d=1', 'https://dol.com.br/noticias/brasil/935986/reus-por-estupro-coletivo-tinham-modus-operandi-para-agir?d=1', 'https://dol.com.br/noticias/brasil/935882/jovem-de-17-anos-e-vitima-de-estupro-coletivo-em-copacabana?d=1', 'https://dol.com.br/tags/crime-organizado?d=1', 'https://www.whatsapp.com/channel/0029Va9IlAw2v1J02cbfQ31H', 'https://whatsapp.com/channel/0029Va9IlAw2v1J02cbfQ31H', 'https://t.me/dolnoticias', '/n/828815', '/tags/crime-organizado', '/tags/direitos-das-mulheres', '/tags/justica-criminal', '/tags/rio-de-janeiro', '/tags/seguranca-publica', '/tags/violencia-sexual', '#modal_5', '#', '#', '/esporte/esporte-para/941915/tuna-luso-x-aguia-de-maraba-escalacoes-arbitragem-e-onde-assistir', '/carajas/esportes/aguia/941914/sem-kukri-contra-a-tuna-joia-do-aguia-fecha-com-coritiba', '/entretenimento/941913/pabllo-vittar-danca-rock-doido-e-se-declara-te-amo-belem', '/esporte/remo/941912/chapecoense-x-remo-escalacoes-arbitragem-e-onde-assistir', '/noticias/para/941911/dia-mundial-da-reciclagem-reforca-o-papel-dos-catadores-em-belem']",https://dol.com.br/noticias/brasil/936128/adolescente-de-13-anos-e-estuprada-por-sete-pessoas-no-rio
Pará: mais de 30 integrantes de organizações criminosas são presos,2026-05-18 16:36:51,"quarta-feira, 04/03/2026, 12:02-  Autor: Mayra Monteiro - Fonte: Agência Pará",tagscombate ao crime organizado Crimes de Organização Criminosa MANDADOS DE PRISÃO Operação Coalizão pela Paz polícia civil do pará Segurança Pública,"['https://cdn.dol.com.br/img/Artigo-Destaque/930000/640x335/operacao-coalizao-pela-paz-2009360200-3.webp?fallback=https%3A%2F%2Fcdn.dol.com.br%2Fimg%2FArtigo-Destaque%2F930000%2Foperacao-coalizao-pela-paz-2009360200.jpg%3Fxid%3D3207706&xid=3207706', '/themes/DOL/assets/img/camera-solid.svg', 'https://cdn.dol.com.br/img/inline/930000/767x0/whatsapp-image-2026-03-04-at-112528009360200.webp?fallback=https%3A%2F%2Fcdn.dol.com.br%2Fimg%2Finline%2F930000%2Fwhatsapp-image-2026-03-04-at-112528009360200.jpg%3Fxid%3D3207708%26resize%3D380%252C200%26t%3D1779133010&xid=3207708', '/themes/DOL/assets/img/envelope.svg', '/themes/DOL/assets/img/plus.svg']","['https://dol.com.br/noticias/policia/935432/suspeitos-ligados-a-faccao-criminosa-sao-presos-na-grande-belem?d=1', 'https://www.whatsapp.com/channel/0029Va9IlAw2v1J02cbfQ31H', 'https://whatsapp.com/channel/0029Va9IlAw2v1J02cbfQ31H', 'https://t.me/dolnoticias', '/n/828815', '/tags/combate-ao-crime-organizado', '/tags/crimes-de-organizacao-criminosa', '/tags/mandados-de-prisao', '/tags/operacao-coalizao-pela-paz', '/tags/policia-civil-do-para', '/tags/seguranca-publica', '#modal_5', '#', '#', '/esporte/esporte-brasil/942036/acompanhe-ao-vivo-a-transmissao-da-convocacao-da-selecao-brasileira', '/noticias/para/942035/simulado-orienta-comunidades-de-barcarena-sobre-acidente-com-barragem', '/noticias/servico/942034/governo-do-para-anuncia-datas-dos-pagamentos-dos-servidores-publicos', '/entretenimento/942033/novo-visual-de-gusttavo-lima-vira-alvo-de-piadas-e-polemicas', '/noticias/brasil/942032/casa-propria-veja-renda-ideal-e-condicoes-para-financiar-imovel']",https://dol.com.br/noticias/policia/936020/para-mais-de-30-integrantes-de-organizacoes-criminosas-sao-presos
Tráfico na Ásia: Brasileiros são resgatados de regime escravo,2026-05-18 16:36:53,"quarta-feira, 25/02/2026, 13:01-  Autor: Dol Carajas - Fonte: Metrópoles",tagsgolpes no exterior repatriação Segurança no Trabalho TECNOLOGIA TRABALHO ESCRAVO tráfico humano,"['/themes/DOL/assets/img/camera-solid.svg', '/themes/DOL/assets/img/envelope.svg', '/themes/DOL/assets/img/plus.svg']","['https://dol.com.br/carajas/noticias/policia/935462/operacao-desarticula-esquema-de-furtos-de-motos?d=1', 'https://dol.com.br/carajas/noticias/policia/935454/motorista-e-preso-apos-acidente-que-matou-familia-indigena?d=1', 'https://dol.com.br/carajas/noticias/policia/935454/motorista-e-preso-apos-acidente-que-matou-familia-indigena?d=1', 'https://whatsapp.com/channel/0029Va9IlAw2v1J02cbfQ31H', 'https://t.me/dolnoticias', '/n/828815', '/tags/golpes-no-exterior', '/tags/repatriacao', '/tags/seguranca-no-trabalho', '/tags/tecnologia', '/tags/trabalho-escravo', '/tags/trafico-humano', '#modal_5', '#', '#']",https://dol.com.br/carajas/noticias/935475/trafico-na-asia-brasileiros-sao-resgatados-de-regime-escravo
Mãe e filha são presas suspeitas vender drogas em praia de Bragança,2026-05-18 16:36:54,"terça-feira, 17/02/2026, 13:44-  Autor: Lucas Quirino - Fonte: Polícia Militar do Pará",tagsBRAGANÇA CARNAVAL carnaval em bragança Entorpecentes polícia militar do pará ponto de venda de drogas Praia de Ajuruteua praia de bragança Segurança Pública TRÁfico de drogas venda de drogas na praia,"['https://cdn.dol.com.br/img/Artigo-Destaque/930000/640x335/WhatsApp-Image-2026-02-17-at-131203_00934853_0_-3.webp?fallback=https%3A%2F%2Fcdn.dol.com.br%2Fimg%2FArtigo-Destaque%2F930000%2FWhatsApp-Image-2026-02-17-at-131203_00934853_0_.jpg%3Fxid%3D3200915&xid=3200915', '/themes/DOL/assets/img/camera-solid.svg', '/themes/DOL/assets/img/envelope.svg', '/themes/DOL/assets/img/plus.svg']","['https://dol.com.br/noticias/policia/934732/morte-de-guardas-em-portel-terceiro-suspeito-morre-em-braganca?d=1', 'https://dol.com.br/noticias/policia/934707/acougueiro-e-executado-em-suposta-cobranca-de-taxa-do-crime-em-ananindeua?d=1', 'https://whatsapp.com/channel/0029Va9IlAw2v1J02cbfQ31H', 'https://t.me/dolnoticias', '/n/828815', '/tags/braganca', '/tags/carnaval', '/tags/carnaval-em-braganca', '/tags/entorpecentes', '/tags/policia-militar-do-para', '/tags/ponto-de-venda-de-drogas', '/tags/praia-de-ajuruteua', '/tags/praia-de-braganca', '/tags/seguranca-publica', '/tags/trafico-de-drogas', '/tags/venda-de-drogas-na-praia', '#modal_5', '#', '#', '/esporte/mundo/941902/ufc-confirma-retorno-de-conor-mcgregor-com-luta-marcada-contra-ex-rival', '/noticias/para/941901/idosa-morre-apos-ataque-de-jararaca-na-ilha-do-marajo', '/entretenimento/fama/941900/shakira-revela-pela-1-vez-drama-sobre-o-pai-antes-de-show-no-rio', '/entretenimento/fama/941899/morte-faz-atriz-de-o-diabo-veste-prada-se-afastar-do-namorado', '/esporte/esporte-brasil/941898/fluminense-vence-o-sao-paulo-por-2-a-1-pela-serie-a-do-brasileirao']",https://dol.com.br/noticias/policia/934853/mae-e-filha-sao-presas-suspeitas-vender-drogas-em-praia-de-braganca
Como a cientista brasileira Tatiana Sampaio está fazendo paraplégicos voltarem a andar,2026-05-18 16:36:55,"domingo, 15/02/2026, 09:43-  Autor: Wittany Yone Medeiros Arantes",tagsBIOLOGIA ciência brasileira lesão medular polilaminina regeneração nervosa tratamento experimental,"['/themes/DOL/assets/img/camera-solid.svg', '/themes/DOL/assets/img/envelope.svg', '/themes/DOL/assets/img/plus.svg']","['https://dol.com.br/carajas/noticias/brasil/934590/o-mito-dos-163-milhoes-e-a-realidade-invisivel-do-feminicidio-no-brasil?d=1', 'https://dol.com.br/carajas/noticias/policia/934600/prf-apreende-carro-clonado-e-inicia-operacao-carnaval-com-reforco-no-policiamento?d=1', 'https://dol.com.br/carajas/noticias/policia/934593/policia-desarticula-ponto-de-trafico-e-prende-duas-mulheres-no-bairro-bela-vista?d=1', 'https://whatsapp.com/channel/0029Va9IlAw2v1J02cbfQ31H', 'https://t.me/dolnoticias', '/n/828815', '/tags/biologia', '/tags/ciencia-brasileira', '/tags/lesao-medular', '/tags/polilaminina', '/tags/regeneracao-nervosa', '/tags/tratamento-experimental', '#modal_5', '#', '#']",https://dol.com.br/carajas/noticias/brasil/934715/como-a-cientista-brasileira-tatiana-sampaio-esta-fazendo-paraplegicos-voltarem-a-andar
Pegadinha de Silvio Santos estava nos arquivos de Epstein,2026-05-18 16:36:56,"sábado, 07/02/2026, 10:09- Atualizado 07/02/2026, 10:23-  Autor: Gustavo Dutra - Fonte: Veja",tagsburocracia Celebridades documentos secretos Investigações criminais jeffrey epstein tráfico humano,"['https://cdn.dol.com.br/img/Artigo-Destaque/930000/640x335/silvio-santos_00934145_0_-3.webp?fallback=https%3A%2F%2Fcdn.dol.com.br%2Fimg%2FArtigo-Destaque%2F930000%2Fsilvio-santos_00934145_0_.jpg%3Fxid%3D3196835&xid=3196835', '/themes/DOL/assets/img/camera-solid.svg', '/themes/DOL/assets/img/envelope.svg', '/themes/DOL/assets/img/plus.svg']","['https://dol.com.br/entretenimento/fama/934104/e-mail-de-epstein-diz-que-mulheres-do-norte-do-brasil-sao-as-mais-feias-do-mundo?d=1', 'https://dol.com.br/noticias/brasil/933984/quem-e-a-ex-modelo-brasileira-citada-no-caso-epstein?d=1https://dol.com.br/noticias/brasil/933984/quem-e-a-ex-modelo-brasileira-citada-no-caso-epstein?d=1', 'https://whatsapp.com/channel/0029Va9IlAw2v1J02cbfQ31H', 'https://t.me/dolnoticias', '/n/828815', '/tags/burocracia', '/tags/celebridades', '/tags/documentos-secretos', '/tags/investigacoes-criminais', '/tags/jeffrey-epstein', '/tags/trafico-humano', '#modal_5', '#', '#', '/esporte/paysandu/941802/paysandu-x-nacional-horario-alterado-e-lote-inicial-de-ingressos-esgotado', '/noticias/para/941801/prefeitura-prorroga-inscricao-para-editais-da-lei-aldir-blanc', '/noticias/para/941800/arraias-transportadas-em-sacos-plasticos-sao-resgatadas-em-castanhal-no-para', '/esporte/remo/941799/victor-bueno-projeta-evolucao-e-ve-remo-mais-cascudo-na-temporada', '/entretenimento/941798/modelo-revela-conversa-antes-do-termino-de-virginia-e-vini-jr']",https://dol.com.br/entretenimento/fama/934145/pegadinha-de-silvio-santos-estava-nos-arquivos-de-epstein
Polícia apreende cerca de 5 quilos de skunk em fiscalização em Oriximiná,2026-05-18 16:36:59,"sábado, 07/02/2026, 07:55-  Autor: Mayra Monteiro - Fonte: Agência Pará",tagsapreensão de drogas bases fluviais Combate ao crime Fiscalização Fluvial Governo do Pará Segurança Pública,"['https://cdn.dol.com.br/img/Artigo-Destaque/930000/640x335/Operacao-combate-trafico-2_00934135_0_-3.webp?fallback=https%3A%2F%2Fcdn.dol.com.br%2Fimg%2FArtigo-Destaque%2F930000%2FOperacao-combate-trafico-2_00934135_0_.jpg%3Fxid%3D3196772&xid=3196772', '/themes/DOL/assets/img/camera-solid.svg', '/themes/DOL/assets/img/envelope.svg', '/themes/DOL/assets/img/plus.svg']","['https://dol.com.br/carajas/noticias/933640/para-bate-novo-recorde-com-apreensao-de-166-toneladas-de-drogas-em-2025?d=1', 'https://www.whatsapp.com/channel/0029Va9IlAw2v1J02cbfQ31H', 'https://whatsapp.com/channel/0029Va9IlAw2v1J02cbfQ31H', 'https://t.me/dolnoticias', '/n/828815', '/tags/apreensao-de-drogas', '/tags/bases-fluviais', '/tags/combate-ao-crime', '/tags/fiscalizacao-fluvial', '/tags/governo-do-para', '/tags/seguranca-publica', '#modal_5', '#', '#', '/esporte/esporte-brasil/942036/acompanhe-ao-vivo-a-transmissao-da-convocacao-da-selecao-brasileira', '/noticias/para/942035/simulado-orienta-comunidades-de-barcarena-sobre-acidente-com-barragem', '/noticias/servico/942034/governo-do-para-anuncia-datas-dos-pagamentos-dos-servidores-publicos', '/entretenimento/942033/novo-visual-de-gusttavo-lima-vira-alvo-de-piadas-e-polemicas', '/noticias/brasil/942032/casa-propria-veja-renda-ideal-e-condicoes-para-financiar-imovel']",https://dol.com.br/noticias/policia/934135/policia-apreende-cerca-de-5-quilos-de-skunk-em-fiscalizacao-em-oriximina
"E-mail de Epstein diz que mulheres do Norte do Brasil são as ""mais feias do mundo”",2026-05-18 16:37:01,"sexta-feira, 06/02/2026, 17:16-  Autor: Lucas Contente",tagsBRASIL documentos liberados EXPLORAÇÃO SEXUAL Investigações jeffrey epstein tráfico de menores,"['https://cdn.dol.com.br/img/Artigo-Destaque/930000/640x335/MATERIAS---2026-02-06T170456168_00934104_0_-3.webp?fallback=https%3A%2F%2Fcdn.dol.com.br%2Fimg%2FArtigo-Destaque%2F930000%2FMATERIAS---2026-02-06T170456168_00934104_0_.png%3Fxid%3D3196601&xid=3196601', '/themes/DOL/assets/img/camera-solid.svg', 'https://cdn.dol.com.br/img/inline/930000/767x0/MATERIAS---2026-02-06T165401677_00934104_0_.webp?fallback=https%3A%2F%2Fcdn.dol.com.br%2Fimg%2Finline%2F930000%2FMATERIAS---2026-02-06T165401677_00934104_0_.png%3Fxid%3D3196603%26resize%3D380%252C200%26t%3D1779003808&xid=3196603', '/themes/DOL/assets/img/envelope.svg', '/themes/DOL/assets/img/plus.svg']","['https://dol.com.br/noticias/brasil/933984/quem-e-a-ex-modelo-brasileira-citada-no-caso-epstein?d=1', 'https://dol.com.br/entretenimento/fama/933937/atriz-brasileira-e-citada-em-e-mails-do-caso-epstein-saiba-quem-e?d=1', 'https://whatsapp.com/channel/0029Va9IlAw2v1J02cbfQ31H', 'https://t.me/dolnoticias', '/n/828815', '/tags/brasil', '/tags/documentos-liberados', '/tags/exploracao-sexual', '/tags/investigacoes', '/tags/jeffrey-epstein', '/tags/trafico-de-menores', '#modal_5', '#', '#', '/esporte/mundo/941902/ufc-confirma-retorno-de-conor-mcgregor-com-luta-marcada-contra-ex-rival', '/noticias/para/941901/idosa-morre-apos-ataque-de-jararaca-na-ilha-do-marajo', '/entretenimento/fama/941900/shakira-revela-pela-1-vez-drama-sobre-o-pai-antes-de-show-no-rio', '/entretenimento/fama/941899/morte-faz-atriz-de-o-diabo-veste-prada-se-afastar-do-namorado', '/esporte/esporte-brasil/941898/fluminense-vence-o-sao-paulo-por-2-a-1-pela-serie-a-do-brasileirao']",https://dol.com.br/entretenimento/fama/934104/e-mail-de-epstein-diz-que-mulheres-do-norte-do-brasil-sao-as-mais-feias-do-mundo
Oruam é considerado foragido após 66 violações à tornozeleira,2026-05-18 16:37:02,"terça-feira, 03/02/2026, 21:22-  Autor: Douglas Corrêa / Agência Brasil",tagsOruam polícia civil prisão RIO DE JANEIRO tentativa de homicídio tornozeleira eletrônica,"['https://cdn.dol.com.br/img/Artigo-Destaque/930000/640x335/crop_26_1770162950_00933876_0_-3.webp?fallback=https%3A%2F%2Fcdn.dol.com.br%2Fimg%2FArtigo-Destaque%2F930000%2Fcrop_26_1770162950_00933876_0_.jpg%3Fxid%3D3195134&xid=3195134', '/themes/DOL/assets/img/camera-solid.svg', '/themes/DOL/assets/img/envelope.svg', '/themes/DOL/assets/img/plus.svg']","['https://dol.com.br/entretenimento/fama/933837/virginia-usa-coleira-com-nome-de-vini-jr-e-causa-revolta-na-web?d=1', 'https://dol.com.br/entretenimento/fama/933811/mara-maravilha-na-uti-equipe-pede-oracoes-apos-internacao?d=1', 'https://whatsapp.com/channel/0029Va4xYGk1dAw9LjYD7B2k', 'https://whatsapp.com/channel/0029Va9IlAw2v1J02cbfQ31H', 'https://t.me/dolnoticias', '/n/828815', '/tags/oruam', '/tags/policia-civil', '/tags/prisao', '/tags/rio-de-janeiro', '/tags/tentativa-de-homicidio', '/tags/tornozeleira-eletronica', '#modal_5', '#', '#', '/noticias/para/941841/veja-detalhes-da-mansao-que-daniel-santos-admitiu-ter-feito-compra-compartilhada', '/noticias/policia/941840/colombiano-e-morto-a-tiros-por-encapuzados-no-umarizal', '/colunistas/mauro-bonna/941839/loja-de-virginia-fonseca-explode-em-vendas-em-belem', '/noticias/te-cuida/941838/leite-faz-bem-ou-faz-mal-descubra-o-que-diz-a-ciencia', '/esporte/esporte-brasil/941837/adversaria-do-remo-chapecoense-nao-vence-ha-13-rodadas']",https://dol.com.br/entretenimento/fama/933876/oruam-e-considerado-foragido-apos-66-violacoes-a-tornozeleira
Nicki Minaj acusa Jay-z de pedofilia e Grammy de ritual satânico,2026-05-18 16:37:03,"terça-feira, 03/02/2026, 10:40-  Autor: Brenda Hayashi - Fonte: Band.com.br",tagsacusações Indústria Musical Jay-Z Nicki Minaj Polêmica Religião,"['https://cdn.dol.com.br/img/Artigo-Destaque/930000/640x335/jay-z_00933817_0_-3.webp?fallback=https%3A%2F%2Fcdn.dol.com.br%2Fimg%2FArtigo-Destaque%2F930000%2Fjay-z_00933817_0_.jpg%3Fxid%3D3194813&xid=3194813', '/themes/DOL/assets/img/camera-solid.svg', 'https://cdn.dol.com.br/img/inline/930000/767x0/image-9_00933817_0_.webp?fallback=https%3A%2F%2Fcdn.dol.com.br%2Fimg%2Finline%2F930000%2Fimage-9_00933817_0_.jpg%3Fxid%3D3194815%26resize%3D380%252C200%26t%3D1778888333&xid=3194815', '/themes/DOL/assets/img/envelope.svg', '/themes/DOL/assets/img/plus.svg']","['https://dol.com.br/entretenimento/musica/933635/tem-brasil-na-disputa-veja-onde-assistir-ao-grammy-awards-neste-domingo-01?d=1', 'https://dol.com.br/carajas/entretenimento/musica/876429/rapper-amigo-de-jay-z-e-beyonce-e-preso-por-trafico-sexual?d=1', 'https://www.whatsapp.com/channel/0029Va4xYGk1dAw9LjYD7B2k', 'https://whatsapp.com/channel/0029Va9IlAw2v1J02cbfQ31H', 'https://t.me/dolnoticias', '/n/828815', '/tags/acusacoes', '/tags/industria-musical', '/tags/jay-z', '/tags/nicki-minaj', '/tags/polemica', '/tags/religiao', '#modal_5', '#', '#', '/noticias/brasil/941805/eduardo-bolsonaro-tinha-poder-sobre-dinheiro-do-dark-horse', '/noticias/brasil/941804/jose-dirceu-e-diagnosticado-com-linfoma-e-inicia-tratamento-em-sp', '/carajas/cidades/maraba/941803/23-brigada-de-infantaria-de-selva-comanda-operacao-no-para', '/esporte/paysandu/941802/paysandu-x-nacional-horario-alterado-e-lote-inicial-de-ingressos-esgotado', '/noticias/para/941801/prefeitura-prorroga-inscricao-para-editais-da-lei-aldir-blanc']",https://dol.com.br/entretenimento/fama/933817/nicki-minaj-acusa-jay-z-de-pedofilia-e-grammy-de-ritual-satanico
"PF proíbe gravação do reality ""Área Restrita"" no Aeroporto do Galeão no RJ",2026-05-18 16:37:04,"sábado, 31/01/2026, 16:14-  Autor: FÁBIO PUPO/FOLHAPRESS",tagsAeroporto: Área Restrita conflito institucional filmagens em aeroportos POLÍCIA FEDERAL RECEITA FEDERAL segurança aeroportuária,"['https://cdn.dol.com.br/img/Artigo-Destaque/930000/640x335/aeroporto_00933639_0_-3.webp?fallback=https%3A%2F%2Fcdn.dol.com.br%2Fimg%2FArtigo-Destaque%2F930000%2Faeroporto_00933639_0_.webp%3Fxid%3D3193796&xid=3193796', '/themes/DOL/assets/img/camera-solid.svg', '/themes/DOL/assets/img/envelope.svg', '/themes/DOL/assets/img/plus.svg']","['https://dol.com.br/entretenimento/fama/933629/video-pa-fala-pela-primeira-vez-apos-ser-expulso-da-casa-do-bbb-26?d=1', 'https://dol.com.br/entretenimento/fama/930507/a-fazenda-17-dudu-camargo-vence-e-leva-premio-de-r-2-milhoes?d=1', 'https://www.whatsapp.com/channel/0029Va4xYGk1dAw9LjYD7B2k', 'https://whatsapp.com/channel/0029Va9IlAw2v1J02cbfQ31H', 'https://t.me/dolnoticias', '/n/828815', '/tags/aeroporto-area-restrita', '/tags/conflito-institucional', '/tags/filmagens-em-aeroportos', '/tags/policia-federal', '/tags/receita-federal', '/tags/seguranca-aeroportuaria', '#modal_5', '#', '#', '/esporte/paysandu/941802/paysandu-x-nacional-horario-alterado-e-lote-inicial-de-ingressos-esgotado', '/noticias/para/941801/prefeitura-prorroga-inscricao-para-editais-da-lei-aldir-blanc', '/noticias/para/941800/arraias-transportadas-em-sacos-plasticos-sao-resgatadas-em-castanhal-no-para', '/esporte/remo/941799/victor-bueno-projeta-evolucao-e-ve-remo-mais-cascudo-na-temporada', '/entretenimento/941798/modelo-revela-conversa-antes-do-termino-de-virginia-e-vini-jr']",https://dol.com.br/entretenimento/933639/pf-proibe-gravacao-do-reality-area-restrita-no-aeroporto-do-galeao-no-rj
"Desaparecidos: Brasil registrou 84,7 mil casos em 2025",2026-05-18 16:37:05,"sábado, 31/01/2026, 12:18-  Autor: Alex Rodrigues / Agência Brasil",tagscrimes não esclarecidos DESAPARECIDOS desaparecidos em 2025 Desaparecimento menores desaparecidos Política Nacional de Busca Segurança Pública subnotificação,"['https://cdn.dol.com.br/img/Artigo-Destaque/930000/640x335/ato_desaparecidos_01_0-1170x658-2026-01-31-115316_00933626_0_-3.webp?fallback=https%3A%2F%2Fcdn.dol.com.br%2Fimg%2FArtigo-Destaque%2F930000%2Fato_desaparecidos_01_0-1170x658-2026-01-31-115316_00933626_0_.jpg%3Fxid%3D3193741&xid=3193741', '/themes/DOL/assets/img/camera-solid.svg', '/themes/DOL/assets/img/envelope.svg', '/themes/DOL/assets/img/plus.svg']","['https://dol.com.br/noticias/brasil/933176/criancas-desaparecidas-no-maranhao-teriam-sido-vistas-em-sp?d=1', 'https://dol.com.br/noticias/brasil/933608/mae-alerta-sobre-conteudo-adulto-em-jogo-do-roblox?d=1', 'https://dol.com.br/noticias/brasil/933492/caso-orelha-adolescentes-suspeitos-de-matar-o-animal-voltam-dos-eua?d=1', 'https://www.whatsapp.com/channel/0029Va9IlAw2v1J02cbfQ31H', 'https://whatsapp.com/channel/0029Va9IlAw2v1J02cbfQ31H', 'https://t.me/dolnoticias', '/n/828815', '/tags/crimes-nao-esclarecidos', '/tags/desaparecidos', '/tags/desaparecidos-em-2025', '/tags/desaparecimento', '/tags/menores-desaparecidos', '/tags/politica-nacional-de-busca', '/tags/seguranca-publica', '/tags/subnotificacao', '#modal_5', '#', '#', '/entretenimento/fama/941861/vini-jr-aparece-sorridente-apos-termino-com-virginia', '/noticias/brasil/941860/video-mulher-e-investigada-por-falas-racistas-contra-seguranca-em-sp', '/entretenimento/fama/941859/cantor-admite-visita-a-casa-de-swing-com-craque-neto', '/carajas/entretenimento/941858/origem-do-sao-joao-como-a-festa-junina-nasceu-na-europa', '/carajas/noticias/policia/941857/corpo-e-encontrado-com-marcas-de-tiros-na-br-230-no-para']",https://dol.com.br/noticias/brasil/933626/desaparecidos-brasil-registrou-847-mil-casos-em-2025
28 de janeiro: Dia Nacional de Combate ao Trabalho Escravo reforça luta por dignidade,2026-05-18 16:37:06,"quarta-feira, 28/01/2026, 11:08- Atualizado 28/01/2026, 11:11-  Autor: Dol Carajas",tagsChacina de Unaí Denúncia de Trabalho Escravo Dia Nacional de Combate ao Trabalho Escravo proteção às vítimas Sistema Único de Assistência Social TRABALHO ESCRAVO,"['/themes/DOL/assets/img/camera-solid.svg', '/themes/DOL/assets/img/envelope.svg', '/themes/DOL/assets/img/plus.svg']","['https://dol.com.br/carajas/noticias/933362/hemocentro-de-maraba-realiza-campanha-de-carnaval-para-reforcar-estoque-de-sangue?d=1', 'https://dol.com.br/carajas/noticias/933367/justica-condena-mentor-logistico-de-assalto-historico-em-carajas?d=1', 'https://dol.com.br/carajas/cidades/maraba/933369/toninho-da-coca-cola-um-icone-do-empreendedorismo?d=1', 'https://ipe.sit.trabalho.gov.br/#!/', 'https://whatsapp.com/channel/0029Va9IlAw2v1J02cbfQ31H', 'https://t.me/dolnoticias', '/n/828815', '/tags/chacina-de-unai', '/tags/denuncia-de-trabalho-escravo', '/tags/dia-nacional-de-combate-ao-trabalho-escravo', '/tags/protecao-as-vitimas', '/tags/sistema-unico-de-assistencia-social', '/tags/trabalho-escravo', '#modal_5', '#', '#']",https://dol.com.br/carajas/noticias/933373/28-de-janeiro-dia-nacional-de-combate-ao-trabalho-escravo-reforca-luta-por-dignidade
"Após morte de Irmã Henriqueta, Instituto Dom Azcona anuncia nova direção",2026-05-18 16:37:08,"sexta-feira, 23/01/2026, 15:23-  Autor: Júlia Marques - Fonte: Assessoria",tagsDIREITOS HUMANOS Instituto Dom Azcona Irmã Henriqueta MARAJÓ violência contra mulheres VULNERABILIDADE SOCIAL,"['https://cdn.dol.com.br/img/Artigo-Destaque/930000/640x335/Design-sem-nome-38_00933032_0_-3.webp?fallback=https%3A%2F%2Fcdn.dol.com.br%2Fimg%2FArtigo-Destaque%2F930000%2FDesign-sem-nome-38_00933032_0_.png%3Fxid%3D3190115&xid=3190115', '/themes/DOL/assets/img/camera-solid.svg', '/themes/DOL/assets/img/envelope.svg', '/themes/DOL/assets/img/plus.svg']","['https://dol.com.br/noticias/para/932056/morre-irma-henriqueta-referencia-dos-direitos-humanos-na-amazonia?d=1', 'https://dol.com.br/noticias/para/932128/velorio-de-irma-henriqueta-e-realizado-na-alepa?d=1', 'https://dol.com.br/noticias/para/932777/o-que-acontece-com-as-faculdades-de-medicina-do-para-que-foram-mal-no-enamed-2025?d=1', 'https://www.whatsapp.com/channel/0029Va9IlAw2v1J02cbfQ31H', 'https://whatsapp.com/channel/0029Va9IlAw2v1J02cbfQ31H', 'https://t.me/dolnoticias', '/n/828815', '/tags/direitos-humanos', '/tags/instituto-dom-azcona', '/tags/irma-henriqueta', '/tags/marajo', '/tags/violencia-contra-mulheres', '/tags/vulnerabilidade-social', '#modal_5', '#', '#', '/noticias/para/942020/pc-investiga-ligacao-entre-piloto-desaparecido-e-morte-de-empresario', '/colunistas/brenda-hayashi/942019/verao-chegando-acompanhe-a-rotina-e-dicas-de-arianny-baia', '/noticias/para/942018/acusado-de-matar-irmaos-da-familia-tenorio-vai-a-juri-popular-em-belem', '/noticias/para/942017/ossada-humana-e-encontrada-em-mata-no-marajo', '/noticias/para/942016/vigilia-de-pentecostes-2026-celebracao-dos-120-anos-da-arquidiocese-de-belem']",https://dol.com.br/noticias/para/933032/apos-morte-de-irma-henriqueta-instituto-dom-azcona-anuncia-nova-direcao
Colisão entre caminhões deixa um morto na estrada de Aterro Sanitário,2026-05-18 16:37:09,"terça-feira, 20/01/2026, 17:59-  Autor: DOL Carajás",tagsAcidente de Trânsito assistência às famílias MARABÁ Perícia Saneamento Ambiental servidor público,"['/themes/DOL/assets/img/camera-solid.svg', '/themes/DOL/assets/img/envelope.svg', '/themes/DOL/assets/img/plus.svg']","['https://dol.com.br/carajas/cidades/tucurui/932678/pm-desarticula-bocas-de-fumo-e-apreende-armas-e-drogas-no-bairro-serra-azul-em-tucurui?d=1&utm_source=Facebook&utm_medium=referral&utm_campaign=Redes_Sociais', 'https://dol.com.br/carajas/noticias/932689/pm-intervem-em-tentativa-de-homicidio-na-folha-34?d=1&utm_source=Twitter&utm_medium=referral&utm_campaign=Redes_Sociais', 'https://dol.com.br/carajas/cidades/maraba/932778/suspeito-morre-em-confronto-com-a-pm-apos-operacao-contra-o-trafico-em-maraba?d=1&utm_source=Facebook&utm_medium=referral&utm_campaign=Redes_Sociais', 'https://maraba.pa.gov.br/nota-pesar-falecimento-servidor-edenilton-eduardo-de-lima/', 'https://whatsapp.com/channel/0029Va9IlAw2v1J02cbfQ31H', 'https://t.me/dolnoticias', '/n/828815', '/tags/acidente-de-transito', '/tags/assistencia-as-familias', '/tags/maraba', '/tags/pericia', '/tags/saneamento-ambiental', '/tags/servidor-publico', '#modal_5', '#', '#']",https://dol.com.br/carajas/cidades/maraba/932810/colisao-entre-caminhoes-deixa-um-morto-na-estrada-de-aterro-sanitario
Quem é a delegada presa em SP por suspeita de ligação com o PCC,2026-05-18 16:37:10,"sábado, 17/01/2026, 20:20-  Autor: Sales Coimbra - Fonte: BBC News Brasil",tagscorrupção CRIME ORGANIZADO delegada presa infiltrada LAVAGEM DE DINHEIRO PCC são paulo,"['https://cdn.dol.com.br/img/Artigo-Destaque/930000/640x335/policia-3-1-1_00932605_0_-3.webp?fallback=https%3A%2F%2Fcdn.dol.com.br%2Fimg%2FArtigo-Destaque%2F930000%2Fpolicia-3-1-1_00932605_0_.png%3Fxid%3D3187342&xid=3187342', '/themes/DOL/assets/img/camera-solid.svg', '/themes/DOL/assets/img/envelope.svg', '/themes/DOL/assets/img/plus.svg']","['https://dol.com.br/noticias/brasil/932508/delegada-recem-empossada-e-presa-por-ligacao-com-lider-do-pcc-no-para?d=1', 'https://dol.com.br/noticias/brasil/932602/chuvas-fazem-mais-uma-vitima-em-sp-e-numero-de-mortes-chega-a-11?d=1', 'https://dol.com.br/noticias/brasil/932600/tres-pessoas-morrem-em-que-queda-de-helicoptero-em-area-de-mata-no-rio?d=1', 'https://dol.com.br/noticias/brasil/932592/sumico-de-moradora-em-subsolo-de-predio-sera-investigado-como-possivel-homicidio?d=1', 'https://www.whatsapp.com/channel/0029Va9IlAw2v1J02cbfQ31H', 'https://whatsapp.com/channel/0029Va9IlAw2v1J02cbfQ31H', 'https://t.me/dolnoticias', '/n/828815', '/tags/corrupcao', '/tags/crime-organizado', '/tags/delegada-presa', '/tags/infiltrada', '/tags/lavagem-de-dinheiro', '/tags/pcc', '/tags/sao-paulo', '#modal_5', '#', '#', '/entretenimento/cinema/941967/roteiro-de-dark-horse-expoe-polemicas-politicas-de-bolsonaro', '/tuedoide/curiosidades/941966/foto-de-alien-de-taiwan-aparece-em-arquivos-dos-eua', '/tuedoide/curiosidades/941965/nova-especie-de-dinossauro-maior-que-o-t-rex-e-descoberta', '/noticias/te-cuida/941964/cardiologista-revela-8-frutas-que-baixam-a-pressao-arterial', '/noticias/brasil/941963/video-homem-e-arremessado-apos-ataque-de-boi-solto-em-rua']",https://dol.com.br/noticias/brasil/932605/quem-e-a-delegada-presa-em-sp-por-suspeita-de-ligacao-com-o-pcc
"Polícia Militar desarticula ponto de drogas em Breu Branco, veja",2026-05-18 16:37:13,"sexta-feira, 16/01/2026, 09:02-  Autor: Dol Carajas - Fonte: Neto Alves",tagsapreensão de entorpecentes BREU BRANCO Operação Policial polícia militar Segurança Pública TRÁfico de drogas,"['/themes/DOL/assets/img/camera-solid.svg', 'https://cdn.dol.com.br/img/inline/930000/767x0/Capa-Site-36_00932488_0_.webp?fallback=https%3A%2F%2Fcdn.dol.com.br%2Fimg%2Finline%2F930000%2FCapa-Site-36_00932488_0_.jpg%3Fxid%3D3186589%26resize%3D380%252C200%26t%3D1779133032&xid=3186589', '/themes/DOL/assets/img/envelope.svg', '/themes/DOL/assets/img/plus.svg']","['https://dol.com.br/carajas/noticias/policia/932459/onibus-do-sub-20-do-aguia-de-maraba-sofre-grave-acidente-no-tocantins?d=1', 'https://dol.com.br/carajas/cidades/maraba/932416/detencao-de-suspeita-de-trafico-em-van-de-passageiros-veja?d=1', 'https://dol.com.br/carajas/noticias/policia/932439/megaoperacao-em-redencao-desarticula-quadrilha-e-bloqueia-r-53-mi?d=1', 'https://whatsapp.com/channel/0029Va9IlAw2v1J02cbfQ31H', 'https://t.me/dolnoticias', '/n/828815', '/tags/apreensao-de-entorpecentes', '/tags/breu-branco', '/tags/operacao-policial', '/tags/policia-militar', '/tags/seguranca-publica', '/tags/trafico-de-drogas', '#modal_5', '#', '#']",https://dol.com.br/carajas/cidades/932488/policia-militar-desarticula-ponto-de-drogas-em-breu-branco-veja
"PC apreende drogas, armas e itens de luxo durante operação",2026-05-18 16:37:16,"quinta-feira, 15/01/2026, 17:22-  Autor: Lana Oliveira - Fonte: Agência Pará",tagsarmamento ilegal LAVAGEM DE DINHEIRO Operação Policial Organizações Criminosas polícia civil TRÁfico de drogas,"['https://cdn.dol.com.br/img/Artigo-Destaque/930000/640x335/24_00932446_0_-3.webp?fallback=https%3A%2F%2Fcdn.dol.com.br%2Fimg%2FArtigo-Destaque%2F930000%2F24_00932446_0_.jpg%3Fxid%3D3186280&xid=3186280', '/themes/DOL/assets/img/camera-solid.svg', '/themes/DOL/assets/img/envelope.svg', '/themes/DOL/assets/img/plus.svg']","['https://dol.com.br/noticias/policia/932423/policia-recaptura-suspeito-membro-de-faccao-no-bairro-do-guama?d=1', 'https://dol.com.br/noticias/policia/932412/pf-deflagra-nova-fase-de-operacao-contra-abuso-sexual-infantojuvenil-no-para?d=1', 'https://www.whatsapp.com/channel/0029Va9IlAw2v1J02cbfQ31H', 'https://whatsapp.com/channel/0029Va9IlAw2v1J02cbfQ31H', 'https://t.me/dolnoticias', '/n/828815', '/tags/armamento-ilegal', '/tags/lavagem-de-dinheiro', '/tags/operacao-policial', '/tags/organizacoes-criminosas', '/tags/policia-civil', '/tags/trafico-de-drogas', '#modal_5', '#', '#', '/esporte/esporte-brasil/942036/acompanhe-ao-vivo-a-transmissao-da-convocacao-da-selecao-brasileira', '/noticias/para/942035/simulado-orienta-comunidades-de-barcarena-sobre-acidente-com-barragem', '/noticias/servico/942034/governo-do-para-anuncia-datas-dos-pagamentos-dos-servidores-publicos', '/entretenimento/942033/novo-visual-de-gusttavo-lima-vira-alvo-de-piadas-e-polemicas', '/noticias/brasil/942032/casa-propria-veja-renda-ideal-e-condicoes-para-financiar-imovel']",https://dol.com.br/noticias/para/932446/pc-apreende-drogas-armas-e-itens-de-luxo-durante-operacao
"Megaoperação em Redenção desarticula quadrilha e bloqueia R$ 5,3 mi",2026-05-18 16:37:17,"quinta-feira, 15/01/2026, 16:34- Atualizado 15/01/2026, 17:04-  Autor: DOL Carajás Com Informações de Dinho Santos de Redenção",tagsLAVAGEM DE DINHEIRO ORGANIZAÇÃO CRIMINOSA polícia civil polícia militar Segurança Pública TRÁfico de drogas,"['/themes/DOL/assets/img/camera-solid.svg', 'https://cdn.dol.com.br/img/inline/930000/767x0/Capa-Site---2026-01-15T162305762_00932439_0_.webp?fallback=https%3A%2F%2Fcdn.dol.com.br%2Fimg%2Finline%2F930000%2FCapa-Site---2026-01-15T162305762_00932439_0_.jpg%3Fxid%3D3186267%26resize%3D380%252C200%26t%3D1778995569&xid=3186267', 'https://cdn.dol.com.br/img/inline/930000/767x0/Capa-Site---2026-01-15T162400765_00932439_1_.webp?fallback=https%3A%2F%2Fcdn.dol.com.br%2Fimg%2Finline%2F930000%2FCapa-Site---2026-01-15T162400765_00932439_1_.jpg%3Fxid%3D3186268%26resize%3D380%252C200%26t%3D1778995569&xid=3186268', 'https://cdn.dol.com.br/img/inline/930000/767x0/Capa-Site---2026-01-15T162341916_00932439_2_.webp?fallback=https%3A%2F%2Fcdn.dol.com.br%2Fimg%2Finline%2F930000%2FCapa-Site---2026-01-15T162341916_00932439_2_.jpg%3Fxid%3D3186269%26resize%3D380%252C200%26t%3D1778995569&xid=3186269', '/themes/DOL/assets/img/envelope.svg', '/themes/DOL/assets/img/plus.svg']","['https://dol.com.br/carajas/cidades/maraba/932416/detencao-de-suspeita-de-trafico-em-van-de-passageiros-veja?d=1&utm_source=Facebook&utm_medium=referral&utm_campaign=Redes_Sociais', 'https://dol.com.br/carajas/cidades/maraba/932419/homem-cai-de-telhado-e-quebra-o-braco-durante-fuga-cinematografica-da-policia-militar?d=1&utm_source=Facebook&utm_medium=referral&utm_campaign=Redes_Sociais', 'https://dol.com.br/carajas/noticias/policia/932437/fugitivo-tenta-se-esconder-debaixo-de-caminhao-apos-perseguicao?d=1&utm_source=Facebook&utm_medium=referral&utm_campaign=Redes_Sociais', 'https://whatsapp.com/channel/0029Va9IlAw2v1J02cbfQ31H', 'https://t.me/dolnoticias', '/n/828815', '/tags/lavagem-de-dinheiro', '/tags/organizacao-criminosa', '/tags/policia-civil', '/tags/policia-militar', '/tags/seguranca-publica', '/tags/trafico-de-drogas', '#modal_5', '#', '#']",https://dol.com.br/carajas/noticias/policia/932439/megaoperacao-em-redencao-desarticula-quadrilha-e-bloqueia-r-53-mi
Drogas escondidas em cilindros são apreendidas em porto no Pará,2026-05-18 16:37:21,"quarta-feira, 14/01/2026, 08:53-  Autor: Lucas Quirino - Fonte: Agência Pará",tagsAMAZÔNIA apreensão de drogas apreensão de entorpecentes inteligência policial polícia militar do pará Segurança Pública TRÁfico de drogas,"['https://cdn.dol.com.br/img/Artigo-Destaque/930000/640x335/20260113184132-GC00073921-F00284279E-400x225-2026-_00932313_0_-3.webp?fallback=https%3A%2F%2Fcdn.dol.com.br%2Fimg%2FArtigo-Destaque%2F930000%2F20260113184132-GC00073921-F00284279E-400x225-2026-_00932313_0_.jpg%3Fxid%3D3185418&xid=3185418', '/themes/DOL/assets/img/camera-solid.svg', '/themes/DOL/assets/img/envelope.svg', '/themes/DOL/assets/img/plus.svg']","['https://dol.com.br/noticias/policia/932256/homem-e-preso-por-tentativa-de-feminicidio-e-trafico-de-drogas-no-marajo?d=1', 'https://dol.com.br/noticias/policia/932140/para-reduz-roubos-nos-rios-em-quase-50?d=1', 'https://dol.com.br/noticias/policia/931856/operacao-em-ipixuna-do-para-prende-6-por-extorsao-trafico-e-homicidio?d=1', 'https://www.whatsapp.com/channel/0029Va9IlAw2v1J02cbfQ31H', 'https://whatsapp.com/channel/0029Va9IlAw2v1J02cbfQ31H', 'https://t.me/dolnoticias', '/n/828815', '/tags/amazonia', '/tags/apreensao-de-drogas', '/tags/apreensao-de-entorpecentes', '/tags/inteligencia-policial', '/tags/policia-militar-do-para', '/tags/seguranca-publica', '/tags/trafico-de-drogas', '#modal_5', '#', '#', '/esporte/esporte-brasil/942036/acompanhe-ao-vivo-a-transmissao-da-convocacao-da-selecao-brasileira', '/noticias/para/942035/simulado-orienta-comunidades-de-barcarena-sobre-acidente-com-barragem', '/noticias/servico/942034/governo-do-para-anuncia-datas-dos-pagamentos-dos-servidores-publicos', '/entretenimento/942033/novo-visual-de-gusttavo-lima-vira-alvo-de-piadas-e-polemicas', '/noticias/brasil/942032/casa-propria-veja-renda-ideal-e-condicoes-para-financiar-imovel']",https://dol.com.br/noticias/policia/932313/drogas-escondidas-em-cilindros-sao-apreendidas-em-porto-no-para
Pará reduz roubos nos rios em quase 50%,2026-05-18 16:37:22,"segunda-feira, 12/01/2026, 10:28-  Autor: Lucas Quirino - Fonte: Agência Pará",tagscriminalidade Grupamento Fluvial Operações Integradas policiamento fluvial rios do pará Segurança Pública,"['https://cdn.dol.com.br/img/Artigo-Destaque/930000/640x335/20250127173705-GF00022811-F00372341-860x483-2026-0_00932140_0_-3.webp?fallback=https%3A%2F%2Fcdn.dol.com.br%2Fimg%2FArtigo-Destaque%2F930000%2F20250127173705-GF00022811-F00372341-860x483-2026-0_00932140_0_.jpg%3Fxid%3D3184147&xid=3184147', '/themes/DOL/assets/img/camera-solid.svg', '/themes/DOL/assets/img/envelope.svg', '/themes/DOL/assets/img/plus.svg']","['https://dol.com.br/noticias/para/932117/operacao-da-base-candiru-apreende-quase-100kg-de-drogas?d=1', 'https://dol.com.br/noticias/para/931418/para-registra-em-2025-o-melhor-ano-na-reducao-da-crimes-violentos-letais?d=1', 'https://dol.com.br/noticias/para/931310/para-fecha-2025-com-maior-investimento-da-historia-em-seguranca-publica?d=1', 'https://www.whatsapp.com/channel/0029Va9IlAw2v1J02cbfQ31H', 'https://whatsapp.com/channel/0029Va9IlAw2v1J02cbfQ31H', 'https://t.me/dolnoticias', '/n/828815', '/tags/criminalidade', '/tags/grupamento-fluvial', '/tags/operacoes-integradas', '/tags/policiamento-fluvial', '/tags/rios-do-para', '/tags/seguranca-publica', '#modal_5', '#', '#', '/noticias/brasil/941805/eduardo-bolsonaro-tinha-poder-sobre-dinheiro-do-dark-horse', '/noticias/brasil/941804/jose-dirceu-e-diagnosticado-com-linfoma-e-inicia-tratamento-em-sp', '/carajas/cidades/maraba/941803/23-brigada-de-infantaria-de-selva-comanda-operacao-no-para', '/esporte/paysandu/941802/paysandu-x-nacional-horario-alterado-e-lote-inicial-de-ingressos-esgotado', '/noticias/para/941801/prefeitura-prorroga-inscricao-para-editais-da-lei-aldir-blanc']",https://dol.com.br/noticias/policia/932140/para-reduz-roubos-nos-rios-em-quase-50
Velório de Irmã Henriqueta é realizado na Alepa,2026-05-18 16:37:23,"segunda-feira, 12/01/2026, 08:37-  Autor: Lucas Quirino",tagsAcidente de Trânsito AMAZÔNIA DIREITOS HUMANOS Irmã Henriqueta Luto Oficial Velório,"['https://cdn.dol.com.br/img/Artigo-Destaque/930000/640x335/download_00932128_0_-3.webp?fallback=https%3A%2F%2Fcdn.dol.com.br%2Fimg%2FArtigo-Destaque%2F930000%2Fdownload_00932128_0_.webp%3Fxid%3D3184081&xid=3184081', '/themes/DOL/assets/img/camera-solid.svg', '/themes/DOL/assets/img/envelope.svg', '/themes/DOL/assets/img/plus.svg']","['https://dol.com.br/noticias/para/932056/morre-irma-henriqueta-referencia-dos-direitos-humanos-na-amazonia?d=1', 'https://dol.com.br/entretenimento/fama/932021/morre-a-influenciadora-isabel-veloso-aos-19-anos-apos-luta-contra-o-cancer?d=1', 'https://dol.com.br/noticias/para/929892/reportagem-do-dol-e-uma-das-melhores-do-ano-no-premio-direitos-humanos-de-jornalismo-2025?d=1', 'https://www.whatsapp.com/channel/0029Va9IlAw2v1J02cbfQ31H', 'https://whatsapp.com/channel/0029Va9IlAw2v1J02cbfQ31H', 'https://t.me/dolnoticias', '/n/828815', '/tags/acidente-de-transito', '/tags/amazonia', '/tags/direitos-humanos', '/tags/irma-henriqueta', '/tags/luto-oficial', '/tags/velorio', '#modal_5', '#', '#', '/noticias/gastronomia/941873/aprenda-a-fazer-pudim-de-pao-sem-leite-condensado', '/tuedoide/curiosidades/941872/descubra-para-que-seve-borra-usada-de-cafe-no-vaso-sanitario', '/esporte/paysandu/941871/cbf-veta-paysandu-x-floresta-em-castanhal-e-tuma-explica-motivo', '/noticias/brasil/941870/inss-realiza-mutirao-de-atendimento-neste-fim-de-semana', '/noticias/servico/941869/idosos-podem-ganhar-ate-r-1621-sem-ter-aposentadoria']",https://dol.com.br/noticias/para/932128/velorio-de-irma-henriqueta-e-realizado-na-alepa
Polícia encontra corpo que suspeita ser de PM que desapareceu em SP,2026-05-18 16:37:26,"domingo, 11/01/2026, 12:25-  Autor: PAULO EDUARDO DIAS - FOLHAPRESS",tagsCRIME ORGANIZADO Desaparecimento Emboscada Investigação Criminal polícia militar santo amaro,"['https://cdn.dol.com.br/img/Artigo-Destaque/930000/640x335/Design-sem-nome---2026-01-11T115339058_00932082_0_-3.webp?fallback=https%3A%2F%2Fcdn.dol.com.br%2Fimg%2FArtigo-Destaque%2F930000%2FDesign-sem-nome---2026-01-11T115339058_00932082_0_.png%3Fxid%3D3183860&xid=3183860', '/themes/DOL/assets/img/camera-solid.svg', '/themes/DOL/assets/img/envelope.svg', '/themes/DOL/assets/img/plus.svg']","['https://dol.com.br/noticias/para/932061/dia-gospel-reune-50-mil-pessoas-no-aniversario-de-belem?d=1', 'https://dol.com.br/noticias/para/932062/doacoes-de-sangue-salvam-vidas-de-criancas-e-adultos-na-santa-casa?d=1', 'https://www.whatsapp.com/channel/0029Va9IlAw2v1J02cbfQ31H', 'https://whatsapp.com/channel/0029Va9IlAw2v1J02cbfQ31H', 'https://t.me/dolnoticias', '/n/828815', '/tags/crime-organizado', '/tags/desaparecimento', '/tags/emboscada', '/tags/investigacao-criminal', '/tags/policia-militar', '/tags/santo-amaro', '#modal_5', '#', '#', '/esporte/esporte-brasil/942036/acompanhe-ao-vivo-a-transmissao-da-convocacao-da-selecao-brasileira', '/noticias/para/942035/simulado-orienta-comunidades-de-barcarena-sobre-acidente-com-barragem', '/noticias/servico/942034/governo-do-para-anuncia-datas-dos-pagamentos-dos-servidores-publicos', '/entretenimento/942033/novo-visual-de-gusttavo-lima-vira-alvo-de-piadas-e-polemicas', '/noticias/brasil/942032/casa-propria-veja-renda-ideal-e-condicoes-para-financiar-imovel']",https://dol.com.br/noticias/brasil/932082/policia-encontra-corpo-que-suspeita-ser-de-pm-que-desapareceu-em-sp
"Morre Irmã Henriqueta, referência dos direitos humanos na Amazônia",2026-05-18 16:37:28,"sábado, 10/01/2026, 22:18- Atualizado 10/01/2026, 23:37-  Autor: Júlia Marques",tagscomissão justiça e paz DIREITOS HUMANOS legado social POLÍTICAS PÚBLICAS TRÁFICO DE PESSOAS violência sexual,"['https://cdn.dol.com.br/img/Artigo-Destaque/930000/640x335/crop_30_1768093186_00932056_0_-3.webp?fallback=https%3A%2F%2Fcdn.dol.com.br%2Fimg%2FArtigo-Destaque%2F930000%2Fcrop_30_1768093186_00932056_0_.jpg%3Fxid%3D3183722&xid=3183722', '/themes/DOL/assets/img/camera-solid.svg', '/themes/DOL/assets/img/envelope.svg', '/themes/DOL/assets/img/plus.svg']","['https://dol.com.br/entretenimento/fama/932021/morre-a-influenciadora-isabel-veloso-aos-19-anos-apos-luta-contra-o-cancer?d=1', 'https://dol.com.br/noticias/mundo-noticias/932047/protestos-no-ira-ja-deixaram-65-mortos-e-mais-de-2-mil-presos?d=1', 'https://dol.com.br/noticias/para/929892/reportagem-do-dol-e-uma-das-melhores-do-ano-no-premio-direitos-humanos-de-jornalismo-2025?d=1', 'https://www.whatsapp.com/channel/0029Va9IlAw2v1J02cbfQ31H', 'https://www.instagram.com/p/DTWgIigjiAR/?utm_source=ig_embed&utm_campaign=loading', 'https://www.instagram.com/p/DTWgIigjiAR/?utm_source=ig_embed&utm_campaign=loading', 'https://whatsapp.com/channel/0029Va9IlAw2v1J02cbfQ31H', 'https://t.me/dolnoticias', '/n/828815', '/tags/comissao-justica-e-paz', '/tags/direitos-humanos', '/tags/legado-social', '/tags/politicas-publicas', '/tags/trafico-de-pessoas', '/tags/violencia-sexual', '#modal_5', '#', '#', '/esporte/paysandu/941871/cbf-veta-paysandu-x-floresta-em-castanhal-e-tuma-explica-motivo', '/noticias/brasil/941870/inss-realiza-mutirao-de-atendimento-neste-fim-de-semana', '/noticias/servico/941869/idosos-podem-ganhar-ate-r-1621-sem-ter-aposentadoria', '/carajas/cidades/maraba/941868/inss-realiza-mutirao-em-maraba-para-antecipar-pericias', '/carajas/cidades/maraba/941867/maraba-entra-no-circuito-mundial-de-beach-tennis-com-torneio']",https://dol.com.br/noticias/para/932056/morre-irma-henriqueta-referencia-dos-direitos-humanos-na-amazonia
Homem da lista de mais procurados do Ceará é preso no Pará,2026-05-18 16:37:31,"sexta-feira, 09/01/2026, 20:47-  Autor: Tarik Duarte - Fonte: Metrópoles",tagsHomicídio ORGANIZAÇÃO CRIMINOSA pará polícia civil Segurança Pública TRÁfico de drogas,"['https://cdn.dol.com.br/img/Artigo-Destaque/930000/640x335/crop_26_1768001469_00931983_0_-3.webp?fallback=https%3A%2F%2Fcdn.dol.com.br%2Fimg%2FArtigo-Destaque%2F930000%2Fcrop_26_1768001469_00931983_0_.jpg%3Fxid%3D3183252&xid=3183252', '/themes/DOL/assets/img/camera-solid.svg', '/themes/DOL/assets/img/envelope.svg', '/themes/DOL/assets/img/plus.svg']","['https://dol.com.br/noticias/policia/931874/pintor-e-executado-a-tiros-durante-o-trabalho-em-belem?d=1', 'https://dol.com.br/noticias/policia/931799/suspeito-por-latrocinio-em-santa-catarina-e-preso-no-para?d=1', 'https://whatsapp.com/channel/0029Va9IlAw2v1J02cbfQ31H', 'https://whatsapp.com/channel/0029Va9IlAw2v1J02cbfQ31H', 'https://t.me/dolnoticias', '/n/828815', '/tags/homicidio', '/tags/organizacao-criminosa', '/tags/para', '/tags/policia-civil', '/tags/seguranca-publica', '/tags/trafico-de-drogas', '#modal_5', '#', '#', '/esporte/esporte-brasil/942036/acompanhe-ao-vivo-a-transmissao-da-convocacao-da-selecao-brasileira', '/noticias/para/942035/simulado-orienta-comunidades-de-barcarena-sobre-acidente-com-barragem', '/noticias/servico/942034/governo-do-para-anuncia-datas-dos-pagamentos-dos-servidores-publicos', '/entretenimento/942033/novo-visual-de-gusttavo-lima-vira-alvo-de-piadas-e-polemicas', '/noticias/brasil/942032/casa-propria-veja-renda-ideal-e-condicoes-para-financiar-imovel']",https://dol.com.br/noticias/policia/931983/homem-da-lista-de-mais-procurados-do-ceara-e-preso-no-para
Trump fala em ataques terrestres contra cartéis mexicanos,2026-05-18 16:37:32,"sexta-feira, 09/01/2026, 09:33-  Autor: Sales Coimbra - Fonte: UOL",tagsataques terrestres cartéis de drogas cartéis mexicanos Nicolás Maduro operações militares Trump,"['https://cdn.dol.com.br/img/Artigo-Destaque/930000/640x335/Trump-5-Daniel-Torok-Casa-Branca-WEBP_00931932_0_-3.webp?fallback=https%3A%2F%2Fcdn.dol.com.br%2Fimg%2FArtigo-Destaque%2F930000%2FTrump-5-Daniel-Torok-Casa-Branca-WEBP_00931932_0_.png%3Fxid%3D3182808&xid=3182808', '/themes/DOL/assets/img/camera-solid.svg', '/themes/DOL/assets/img/envelope.svg', '/themes/DOL/assets/img/plus.svg']","['https://dol.com.br/noticias/mundo-noticias/931848/presidente-do-grupo-corona-e-sequestrado-e-morto-no-mexico?d=1', 'https://dol.com.br/noticias/mundo-noticias/931811/russia-acusa-eua-de-violar-direito-maritimo-apos-interceptacao-de-petroleiro?d=1', 'https://dol.com.br/noticias/mundo-noticias/931788/trump-mira-na-groenlandia-provoca-reacao-da-ue-e-abala-a-otan?d=1', 'https://www.whatsapp.com/channel/0029Va9IlAw2v1J02cbfQ31H', 'https://whatsapp.com/channel/0029Va9IlAw2v1J02cbfQ31H', 'https://t.me/dolnoticias', '/n/828815', '/tags/ataques-terrestres', '/tags/carteis-de-drogas', '/tags/carteis-mexicanos', '/tags/nicolas-maduro', '/tags/operacoes-militares', '/tags/trump', '#modal_5', '#', '#', '/esporte/paysandu/941829/sem-caio-mello-confira-os-relacionados-do-paysandu-contra-o-caxias', '/noticias/tecnologia/941828/whatsapp-aprimora-recurso-de-mensagens-temporarias', '/noticias/brasil/941827/governo-libera-saque-do-fgts-para-10-milhoes-veja-quem-recebe', '/entretenimento/cinema/941826/professor-volta-em-novo-teaser-da-continuacao-de-la-casa-de-papel', '/noticias/brasil/941825/samsung-busca-projetos-criativos-de-estudantes-da-rede-publica']",https://dol.com.br/noticias/mundo-noticias/931932/trump-fala-em-ataques-terrestres-contra-carteis-mexicanos
"Operação em Ipixuna do Pará prende 6 por extorsão, tráfico e homicídio",2026-05-18 16:37:33,"quinta-feira, 08/01/2026, 09:29-  Autor: Sales Coimbra - Fonte: Agência Pará",tagsArma de Fogo EXTORSÃO IPIXUNA DO PARÁ OPERAÇÃO polícia civil polícia militar tráfico,"['https://cdn.dol.com.br/img/Artigo-Destaque/930000/640x335/operacao-desmonta-esquema-de-extorsao-trafico-e-ar_00931856_0_-3.webp?fallback=https%3A%2F%2Fcdn.dol.com.br%2Fimg%2FArtigo-Destaque%2F930000%2Foperacao-desmonta-esquema-de-extorsao-trafico-e-ar_00931856_0_.gif%3Fxid%3D3182387&xid=3182387', '/themes/DOL/assets/img/camera-solid.svg', '/themes/DOL/assets/img/envelope.svg', '/themes/DOL/assets/img/plus.svg']","['https://dol.com.br/noticias/policia/931803/homem-mata-ex-companheira-a-facadas-durante-briga-em-tome-acu?d=1', 'https://dol.com.br/noticias/policia/931799/suspeito-por-latrocinio-em-santa-catarina-e-preso-no-para?d=1', 'https://dol.com.br/noticias/policia/931721/turista-e-preso-no-rio-suspeito-de-assassinatos-de-policiais-em-belem?d=1', 'https://www.whatsapp.com/channel/0029Va9IlAw2v1J02cbfQ31H', 'https://whatsapp.com/channel/0029Va9IlAw2v1J02cbfQ31H', 'https://t.me/dolnoticias', '/n/828815', '/tags/arma-de-fogo', '/tags/extorsao', '/tags/ipixuna-do-para', '/tags/operacao', '/tags/policia-civil', '/tags/policia-militar', '/tags/trafico', '#modal_5', '#', '#', '/concursos/municipais/941903/pss-hemopa-penultimo-dia-para-se-inscrever-com-salarios-de-r-44-mil', '/esporte/mundo/941902/ufc-confirma-retorno-de-conor-mcgregor-com-luta-marcada-contra-ex-rival', '/noticias/para/941901/idosa-morre-apos-ataque-de-jararaca-na-ilha-do-marajo', '/entretenimento/fama/941900/shakira-revela-pela-1-vez-drama-sobre-o-pai-antes-de-show-no-rio', '/entretenimento/fama/941899/morte-faz-atriz-de-o-diabo-veste-prada-se-afastar-do-namorado']",https://dol.com.br/noticias/policia/931856/operacao-em-ipixuna-do-para-prende-6-por-extorsao-trafico-e-homicidio
Ataque a tiros em bar no sul do Pará deixa um morto,2026-05-18 16:37:34,"quarta-feira, 07/01/2026, 17:50-  Autor: DOL Carajás com informações de Dinho Santos",,"['/themes/DOL/assets/img/camera-solid.svg', '/themes/DOL/assets/img/envelope.svg', '/themes/DOL/assets/img/plus.svg']","['https://dol.com.br/carajas/noticias/policia/931747/policia-investiga-morte-de-3-pessoas-da-mesma-familia-apos-almoco?d=1&utm_source=Facebook&utm_medium=referral&utm_campaign=Redes_Sociais', 'https://dol.com.br/carajas/noticias/policia/931784/trafico-nao-tem-vez-diz-delegado-apos-apreensao-em-maraba?d=1&utm_source=Facebook&utm_medium=referral&utm_campaign=Redes_Sociais', 'https://dol.com.br/carajas/noticias/policia/931816/apos-5-anos-policia-descobre-que-ex-mulher-matou-motorista?d=1&utm_source=Facebook&utm_medium=referral&utm_campaign=Redes_Sociais', 'https://whatsapp.com/channel/0029Va9IlAw2v1J02cbfQ31H', 'https://t.me/dolnoticias', '/n/828815', '#modal_5', '#', '#']",https://dol.com.br/carajas/noticias/policia/931819/ataque-a-tiros-em-bar-no-sul-do-para-deixa-um-morto
"Após 5 anos, Polícia descobre que ex-mulher matou motorista",2026-05-18 16:37:36,"quarta-feira, 07/01/2026, 16:53-  Autor: Michel Garcia",tagscaso Manoel Messias Homicídio investigação policial MARABÁ morte de motorista de aplicativo provas criminais,"['/themes/DOL/assets/img/camera-solid.svg', 'https://cdn.dol.com.br/img/inline/930000/767x0/Sem-Titulo-3_00931816_0_.webp?fallback=https%3A%2F%2Fcdn.dol.com.br%2Fimg%2Finline%2F930000%2FSem-Titulo-3_00931816_0_.jpg%3Fxid%3D3182155%26resize%3D380%252C200%26t%3D1778904987&xid=3182155', 'https://cdn.dol.com.br/img/inline/930000/767x0/Sem-Titulo-2_00931816_1_.webp?fallback=https%3A%2F%2Fcdn.dol.com.br%2Fimg%2Finline%2F930000%2FSem-Titulo-2_00931816_1_.jpg%3Fxid%3D3182156%26resize%3D380%252C200%26t%3D1778904987&xid=3182156', '/themes/DOL/assets/img/envelope.svg', '/themes/DOL/assets/img/plus.svg']","['https://dol.com.br/noticias/maraba/652486/motorista-de-aplicativo-e-morto-com-facada-na-nuca?d=1', 'https://dol.com.br/carajas/noticias/policia/931740/operacao-feliz-ano-prende-suspeito-com-2-kg-de-maconha?d=1&utm_source=Facebook&utm_medium=referral&utm_campaign=Redes_Sociais', 'https://dol.com.br/carajas/noticias/policia/931747/policia-investiga-morte-de-3-pessoas-da-mesma-familia-apos-almoco?d=1&utm_source=Facebook&utm_medium=referral&utm_campaign=Redes_Sociais', 'https://dol.com.br/carajas/noticias/policia/931784/trafico-nao-tem-vez-diz-delegado-apos-apreensao-em-maraba?d=1&utm_source=Facebook&utm_medium=referral&utm_campaign=Redes_Sociais', 'https://dol.com.br/noticias/maraba/652486/motorista-de-aplicativo-e-morto-com-facada-na-nuca?d=1', 'https://whatsapp.com/channel/0029Va9IlAw2v1J02cbfQ31H', 'https://t.me/dolnoticias', '/n/828815', '/tags/caso-manoel-messias', '/tags/homicidio', '/tags/investigacao-policial', '/tags/maraba', '/tags/morte-de-motorista-de-aplicativo', '/tags/provas-criminais', '#modal_5', '#', '#']",https://dol.com.br/carajas/noticias/policia/931816/apos-5-anos-policia-descobre-que-ex-mulher-matou-motorista
Trabalhadoras domésticas têm direito ao abono salarial; veja como receber,2026-05-18 16:37:37,"quarta-feira, 07/01/2026, 14:55-  Autor: Dol Carajas - Fonte: Diário do Pará",tagsABONO SALARIAL Direitos Trabalhistas ESOCIAL PIS 2026 renda mínima Trabalhadoras Domésticas,"['/themes/DOL/assets/img/camera-solid.svg', '/themes/DOL/assets/img/envelope.svg', '/themes/DOL/assets/img/plus.svg']","['https://dol.com.br/carajas/noticias/931507/novas-diretrizes-para-gestao-de-residuos-em-condominios?d=1', 'https://dol.com.br/carajas/noticias/policia/931747/policia-investiga-morte-de-3-pessoas-da-mesma-familia-apos-almoco?d=1', 'https://dol.com.br/carajas/noticias/policia/931784/trafico-nao-tem-vez-diz-delegado-apos-apreensao-em-maraba?d=1', 'https://whatsapp.com/channel/0029Va9IlAw2v1J02cbfQ31H', 'https://t.me/dolnoticias', '/n/828815', '/tags/abono-salarial', '/tags/direitos-trabalhistas', '/tags/esocial', '/tags/pis-2026', '/tags/renda-minima', '/tags/trabalhadoras-domesticas', '#modal_5', '#', '#']",https://dol.com.br/carajas/noticias/931805/trabalhadoras-domesticas-tem-direito-ao-abono-salarial-veja-como-receber
Cidades mineradoras do sudeste paraense discutem futuro para além do minério,2026-05-18 16:37:38,"quarta-feira, 07/01/2026, 13:59-  Autor: Dol Carajas",tagsagroindústria Canaã dos Carajás economia diversificada mineração PARAUAPEBAS SUSTENTABILIDADE,"['/themes/DOL/assets/img/camera-solid.svg', '/themes/DOL/assets/img/envelope.svg', '/themes/DOL/assets/img/plus.svg']","['https://dol.com.br/carajas/noticias/policia/931784/trafico-nao-tem-vez-diz-delegado-apos-apreensao-em-maraba?d=1', 'https://dol.com.br/carajas/noticias/policia/931747/policia-investiga-morte-de-3-pessoas-da-mesma-familia-apos-almoco?d=1', 'https://dol.com.br/carajas/noticias/931700/anvisa-proibe-venda-de-lote-de-cha-de-camomila-com-larvas-e-veta-pomada-pos-tatuagem?d=1', 'https://whatsapp.com/channel/0029Va9IlAw2v1J02cbfQ31H', 'https://t.me/dolnoticias', '/n/828815', '/tags/agroindustria', '/tags/canaa-dos-carajas', '/tags/economia-diversificada', '/tags/mineracao', '/tags/parauapebas', '/tags/sustentabilidade', '#modal_5', '#', '#']",https://dol.com.br/carajas/cidades/931798/cidades-mineradoras-do-sudeste-paraense-discutem-futuro-para-alem-do-minerio
"""Tráfico não tem vez"", diz delegado após apreensão em Marabá",2026-05-18 16:37:39,"quarta-feira, 07/01/2026, 09:49-  Autor: DOL Carajás",tagsCRIME ORGANIZADO Entorpecentes MARABÁ Operação Policial polícia civil TRÁfico de drogas,"['/themes/DOL/assets/img/camera-solid.svg', 'https://cdn.dol.com.br/img/inline/930000/767x0/Capa-Site-97_00931784_0_.webp?fallback=https%3A%2F%2Fcdn.dol.com.br%2Fimg%2Finline%2F930000%2FCapa-Site-97_00931784_0_.jpg%3Fxid%3D3181993%26resize%3D380%252C200%26t%3D1779009388&xid=3181993', '/themes/DOL/assets/img/envelope.svg', '/themes/DOL/assets/img/plus.svg']","['https://dol.com.br/carajas/noticias/policia/931740/operacao-feliz-ano-prende-suspeito-com-2-kg-de-maconha?d=1&utm_source=Facebook&utm_medium=referral&utm_campaign=Redes_Sociais', 'https://dol.com.br/carajas/noticias/mundo/931743/por-que-espirramos-quando-estamos-gripados-ou-com-resfriados?d=1&utm_source=Facebook&utm_medium=referral&utm_campaign=Redes_Sociais', 'https://dol.com.br/carajas/noticias/policia/931747/policia-investiga-morte-de-3-pessoas-da-mesma-familia-apos-almoco?d=1&utm_source=Facebook&utm_medium=referral&utm_campaign=Redes_Sociais', 'https://whatsapp.com/channel/0029Va9IlAw2v1J02cbfQ31H', 'https://t.me/dolnoticias', '/n/828815', '/tags/crime-organizado', '/tags/entorpecentes', '/tags/maraba', '/tags/operacao-policial', '/tags/policia-civil', '/tags/trafico-de-drogas', '#modal_5', '#', '#']",https://dol.com.br/carajas/noticias/policia/931784/trafico-nao-tem-vez-diz-delegado-apos-apreensao-em-maraba
Maduro e esposa se declaram inocentes diante de tribunal nos EUA,2026-05-18 16:37:42,"segunda-feira, 05/01/2026, 16:19-  Autor: Lana Oliveira - Fonte: UOL",tagsCilia Flores conspiração narcoterrorista justiça dos eua Nicolás Maduro TRÁfico de drogas VENEZUELA,"['https://cdn.dol.com.br/img/Artigo-Destaque/930000/640x335/7_00931655_0_-3.webp?fallback=https%3A%2F%2Fcdn.dol.com.br%2Fimg%2FArtigo-Destaque%2F930000%2F7_00931655_0_.jpg%3Fxid%3D3181321&xid=3181321', '/themes/DOL/assets/img/camera-solid.svg', '/themes/DOL/assets/img/envelope.svg', '/themes/DOL/assets/img/plus.svg']","['https://dol.com.br/noticias/mundo-noticias/931624/video-maduro-e-levado-a-audiencia-de-custodia-em-nova-york?d=1', 'https://dol.com.br/noticias/brasil/931609/por-que-maduro-teve-ohos-e-ouvidos-cobertos-durante-captura?d=1', 'https://www.whatsapp.com/channel/0029Va9IlAw2v1J02cbfQ31H', 'https://whatsapp.com/channel/0029Va9IlAw2v1J02cbfQ31H', 'https://t.me/dolnoticias', '/n/828815', '/tags/cilia-flores', '/tags/conspiracao-narcoterrorista', '/tags/justica-dos-eua', '/tags/nicolas-maduro', '/tags/trafico-de-drogas', '/tags/venezuela', '#modal_5', '#', '#', '/esporte/esporte-brasil/942036/acompanhe-ao-vivo-a-transmissao-da-convocacao-da-selecao-brasileira', '/noticias/para/942035/simulado-orienta-comunidades-de-barcarena-sobre-acidente-com-barragem', '/noticias/servico/942034/governo-do-para-anuncia-datas-dos-pagamentos-dos-servidores-publicos', '/entretenimento/942033/novo-visual-de-gusttavo-lima-vira-alvo-de-piadas-e-polemicas', '/noticias/brasil/942032/casa-propria-veja-renda-ideal-e-condicoes-para-financiar-imovel']",https://dol.com.br/noticias/mundo-noticias/931655/maduro-e-esposa-se-declaram-inocentes-diante-de-tribunal-nos-eua
Por que Maduro teve olhos e ouvidos cobertos durante captura,2026-05-18 16:37:45,"segunda-feira, 05/01/2026, 08:23- Atualizado 05/01/2026, 20:22-  Autor: (Diário do Pará) - Fonte: Luiza Mello",tagsDONALD TRUMP geopolítica intervenção estrangeira narcoterrorismo Nicolás Maduro VENEZUELA,"['https://cdn.dol.com.br/img/Artigo-Destaque/930000/640x335/Captura-Maduro_00931609_0_-3.webp?fallback=https%3A%2F%2Fcdn.dol.com.br%2Fimg%2FArtigo-Destaque%2F930000%2FCaptura-Maduro_00931609_0_.jpg%3Fxid%3D3181380&xid=3181380', '/themes/DOL/assets/img/camera-solid.svg', '/themes/DOL/assets/img/envelope.svg', '/themes/DOL/assets/img/plus.svg']","['https://dol.com.br/noticias/mundo-noticias/931510/nicolas-maduro-capturado-veja-reacoes-dos-paises-sobre-a-acao-dos-eua?d=1', 'https://dol.com.br/noticias/mundo-noticias/931487/captura-foi-negociada-diz-oposicao-de-maduro-na-venezuela?d=1', 'https://www.whatsapp.com/channel/0029Va9IlAw2v1J02cbfQ31H', 'https://whatsapp.com/channel/0029Va9IlAw2v1J02cbfQ31H', 'https://t.me/dolnoticias', '/n/828815', '/tags/donald-trump', '/tags/geopolitica', '/tags/intervencao-estrangeira', '/tags/narcoterrorismo', '/tags/nicolas-maduro', '/tags/venezuela', '#modal_5', '#', '#', '/esporte/esporte-brasil/942036/acompanhe-ao-vivo-a-transmissao-da-convocacao-da-selecao-brasileira', '/noticias/para/942035/simulado-orienta-comunidades-de-barcarena-sobre-acidente-com-barragem', '/noticias/servico/942034/governo-do-para-anuncia-datas-dos-pagamentos-dos-servidores-publicos', '/entretenimento/942033/novo-visual-de-gusttavo-lima-vira-alvo-de-piadas-e-polemicas', '/noticias/brasil/942032/casa-propria-veja-renda-ideal-e-condicoes-para-financiar-imovel']",https://dol.com.br/noticias/brasil/931609/por-que-maduro-teve-olhos-e-ouvidos-cobertos-durante-captura
Venezuela: moradores de Caracas relatam ruas vazias e destruição após ataque dos EUA,2026-05-18 16:37:46,"domingo, 04/01/2026, 08:08- Atualizado 04/01/2026, 08:56-  Autor: João Gabriel / Folhapress",tagsCaracas chavismo conflito militar DONALD TRUMP Nicolás Maduro VENEZUELA,"['https://cdn.dol.com.br/img/Artigo-Destaque/930000/640x335/crop_17_1767430488_00931543_0_-3.webp?fallback=https%3A%2F%2Fcdn.dol.com.br%2Fimg%2FArtigo-Destaque%2F930000%2Fcrop_17_1767430488_00931543_0_.webp%3Fxid%3D3180662&xid=3180662', '/themes/DOL/assets/img/camera-solid.svg', '/themes/DOL/assets/img/envelope.svg', '/themes/DOL/assets/img/plus.svg']","['https://dol.com.br/noticias/mundo-noticias/931532/video-nicolas-maduro-chega-escoltado-a-nova-york?d=1', 'https://dol.com.br/noticias/mundo-noticias/931534/condicoes-horripilantes-como-e-prisao-onde-maduro-deve-ficar?d=1', 'https://dol.com.br/noticias/mundo-noticias/931533/especialistas-apontam-que-america-latina-esta-a-merce-dos-eua?d=1', 'https://www.whatsapp.com/channel/0029Va9IlAw2v1J02cbfQ31H', 'https://whatsapp.com/channel/0029Va9IlAw2v1J02cbfQ31H', 'https://t.me/dolnoticias', '/n/828815', '/tags/caracas', '/tags/chavismo', '/tags/conflito-militar', '/tags/donald-trump', '/tags/nicolas-maduro', '/tags/venezuela', '#modal_5', '#', '#', '/noticias/brasil/941805/eduardo-bolsonaro-tinha-poder-sobre-dinheiro-do-dark-horse', '/noticias/brasil/941804/jose-dirceu-e-diagnosticado-com-linfoma-e-inicia-tratamento-em-sp', '/carajas/cidades/maraba/941803/23-brigada-de-infantaria-de-selva-comanda-operacao-no-para', '/esporte/paysandu/941802/paysandu-x-nacional-horario-alterado-e-lote-inicial-de-ingressos-esgotado', '/noticias/para/941801/prefeitura-prorroga-inscricao-para-editais-da-lei-aldir-blanc']",https://dol.com.br/noticias/mundo-noticias/931543/venezuela-moradores-de-caracas-relatam-ruas-vazias-e-destruicao-apos-ataque-dos-eua
"""Condições horripilantes"": Como é prisão onde Maduro deve ficar",2026-05-18 16:37:47,"sábado, 03/01/2026, 21:36-  Autor: Tarik Duarte - Fonte: UOL",tagsDIREITOS HUMANOS Nicolás Maduro prisão nos EUA processo judicial TRÁfico de drogas VENEZUELA,"['https://cdn.dol.com.br/img/Artigo-Destaque/930000/640x335/crop_26_1767485993_00931534_0_-3.webp?fallback=https%3A%2F%2Fcdn.dol.com.br%2Fimg%2FArtigo-Destaque%2F930000%2Fcrop_26_1767485993_00931534_0_.jpg%3Fxid%3D3180597&xid=3180597', '/themes/DOL/assets/img/camera-solid.svg', '/themes/DOL/assets/img/envelope.svg', '/themes/DOL/assets/img/plus.svg']","['https://dol.com.br/noticias/mundo-noticias/931502/trump-publica-foto-historica-de-maduro-algemado-e-vendado?d=1', 'https://dol.com.br/noticias/mundo-noticias/931523/china-se-manifesta-sobre-ataque-dos-eua-a-venezuela-consternada?d=1', 'https://whatsapp.com/channel/0029Va9IlAw2v1J02cbfQ31H', 'https://whatsapp.com/channel/0029Va9IlAw2v1J02cbfQ31H', 'https://t.me/dolnoticias', '/n/828815', '/tags/direitos-humanos', '/tags/nicolas-maduro', '/tags/prisao-nos-eua', '/tags/processo-judicial', '/tags/trafico-de-drogas', '/tags/venezuela', '#modal_5', '#', '#', '/noticias/brasil/941805/eduardo-bolsonaro-tinha-poder-sobre-dinheiro-do-dark-horse', '/noticias/brasil/941804/jose-dirceu-e-diagnosticado-com-linfoma-e-inicia-tratamento-em-sp', '/carajas/cidades/maraba/941803/23-brigada-de-infantaria-de-selva-comanda-operacao-no-para', '/esporte/paysandu/941802/paysandu-x-nacional-horario-alterado-e-lote-inicial-de-ingressos-esgotado', '/noticias/para/941801/prefeitura-prorroga-inscricao-para-editais-da-lei-aldir-blanc']",https://dol.com.br/noticias/mundo-noticias/931534/condicoes-horripilantes-como-e-prisao-onde-maduro-deve-ficar
Entenda como a conflito entre EUA e Venezuela evoluiu em 2025,2026-05-18 16:37:49,"terça-feira, 30/12/2025, 11:40-  Autor: Sales Coimbra - Fonte: BBC News Brasil",tagsbloqueio de petroleiros CONFLITO escalada de tensão EUA governo Maduro narcotráfico VENEZUELA,"['https://cdn.dol.com.br/img/Artigo-Destaque/930000/640x335/TXW2DG7SVRGEFKX4FFCPSRINQE_11zon_00931247_0_-3.webp?fallback=https%3A%2F%2Fcdn.dol.com.br%2Fimg%2FArtigo-Destaque%2F930000%2FTXW2DG7SVRGEFKX4FFCPSRINQE_11zon_00931247_0_.png%3Fxid%3D3178938&xid=3178938', '/themes/DOL/assets/img/camera-solid.svg', '/themes/DOL/assets/img/envelope.svg', '/themes/DOL/assets/img/plus.svg']","['https://dol.com.br/noticias/mundo-noticias/931038/zelensky-e-trump-se-encontram-para-discutir-fim-da-guerra-na-ucrania?d=1', 'https://dol.com.br/noticias/mundo-noticias/930985/trump-ordena-ataque-dos-eua-contra-terroristas-do-estado-islamico-na-nigeria?d=1', 'https://dol.com.br/noticias/mundo-noticias/930949/em-mensagem-de-natal-trump-ataca-pessoas-trans-e-esquerda-radical?d=1', 'https://www.whatsapp.com/channel/0029Va9IlAw2v1J02cbfQ31H', 'https://whatsapp.com/channel/0029Va9IlAw2v1J02cbfQ31H', 'https://t.me/dolnoticias', '/n/828815', '/tags/bloqueio-de-petroleiros', '/tags/conflito', '/tags/escalada-de-tensao', '/tags/eua', '/tags/governo-maduro', '/tags/narcotrafico', '/tags/venezuela', '#modal_5', '#', '#', '/noticias/para/941876/forum-empresarial-apoia-posicionamento-de-hana-na-disputa-territorial-com-mt', '/carajas/noticias/941875/sonhar-com-briga-no-relacionamento-revela-acumulo-de-estresse', '/esporte/remo/941874/patrick-marca-primeiro-gol-pelo-remo-e-projeta-seguir-na-serie-a', '/noticias/gastronomia/941873/aprenda-a-fazer-pudim-de-pao-sem-leite-condensado', '/tuedoide/curiosidades/941872/descubra-para-que-seve-borra-usada-de-cafe-no-vaso-sanitario']",https://dol.com.br/noticias/mundo-noticias/931247/entenda-como-a-conflito-entre-eua-e-venezuela-evoluiu-em-2025
Base Fluvial Candiru apreende drogas e prende duas pessoas,2026-05-18 16:37:52,"segunda-feira, 29/12/2025, 11:12-  Autor: Lucas Quirino",tagsapreensão de entorpecentes combate ao crime organizado pará POLICIA FLUVIAL Segurança Pública TRÁfico de drogas,"['https://cdn.dol.com.br/img/Artigo-Destaque/930000/640x335/20251229102317-GC00073663-F00282775-860x483-2025-1_00931172_0_-3.webp?fallback=https%3A%2F%2Fcdn.dol.com.br%2Fimg%2FArtigo-Destaque%2F930000%2F20251229102317-GC00073663-F00282775-860x483-2025-1_00931172_0_.jpg%3Fxid%3D3178526&xid=3178526', '/themes/DOL/assets/img/camera-solid.svg', '/themes/DOL/assets/img/envelope.svg', '/themes/DOL/assets/img/plus.svg']","['https://dol.com.br/noticias/policia/931123/suspeito-de-tentativa-de-feminicidio-e-preso-pelas-policia-civil-e-militar?d=1', 'https://dol.com.br/noticias/policia/931116/suspeito-de-matar-menino-de-6-anos-em-latrocinio-e-preso-no-para?d=1', 'https://dol.com.br/noticias/policia/931051/filho-mata-o-proprio-pai-com-tiro-na-cabeca-no-para?d=1', 'https://whatsapp.com/channel/0029Va9IlAw2v1J02cbfQ31H', 'https://t.me/dolnoticias', '/n/828815', '/tags/apreensao-de-entorpecentes', '/tags/combate-ao-crime-organizado', '/tags/para', '/tags/policia-fluvial', '/tags/seguranca-publica', '/tags/trafico-de-drogas', '#modal_5', '#', '#', '/esporte/esporte-brasil/942036/acompanhe-ao-vivo-a-transmissao-da-convocacao-da-selecao-brasileira', '/noticias/para/942035/simulado-orienta-comunidades-de-barcarena-sobre-acidente-com-barragem', '/noticias/servico/942034/governo-do-para-anuncia-datas-dos-pagamentos-dos-servidores-publicos', '/entretenimento/942033/novo-visual-de-gusttavo-lima-vira-alvo-de-piadas-e-polemicas', '/noticias/brasil/942032/casa-propria-veja-renda-ideal-e-condicoes-para-financiar-imovel']",https://dol.com.br/noticias/policia/931172/base-fluvial-candiru-apreende-drogas-e-prende-duas-pessoas
VÍDEO: PF e PRF apreendem mais de 300 kg de drogas no Pará,2026-05-18 16:37:55,"quarta-feira, 24/12/2025, 10:38-  Autor: Lucas Quirino",tagsEntorpecentes Operação Policial POLÍCIA FEDERAL Polícia Rodoviária Federal Segurança Pública TRÁfico de drogas,"['https://cdn.dol.com.br/img/Artigo-Destaque/930000/640x335/WhatsApp-Image-2025-12-24-at-093503-1600x900-2025-_00930868_0_-3.webp?fallback=https%3A%2F%2Fcdn.dol.com.br%2Fimg%2FArtigo-Destaque%2F930000%2FWhatsApp-Image-2025-12-24-at-093503-1600x900-2025-_00930868_0_.jpg%3Fxid%3D3176642&xid=3176642', '/themes/DOL/assets/img/camera-solid.svg', '/themes/DOL/assets/img/envelope.svg', '/themes/DOL/assets/img/plus.svg']","['https://dol.com.br/noticias/para/930815/cao-heroi-pioneiro-da-guarda-municipal-de-maraba-ziah-morre-aos-12-anos?d=1', 'https://dol.com.br/carajas/noticias/930796/mesmo-as-vesperas-do-natal-pc-deflagra-operacao-contra-faccoes-e-prende-quatro-em-maraba?d=1', 'https://dol.com.br/noticias/policia/930778/pm-e-preso-com-drogas-e-arma-irregular-em-operacao-da-prf-em-castanhal?d=1', 'https://www.whatsapp.com/channel/0029Va9IlAw2v1J02cbfQ31H', 'https://whatsapp.com/channel/0029Va9IlAw2v1J02cbfQ31H', 'https://t.me/dolnoticias', '/n/828815', '/tags/entorpecentes', '/tags/operacao-policial', '/tags/policia-federal', '/tags/policia-rodoviaria-federal', '/tags/seguranca-publica', '/tags/trafico-de-drogas', '#modal_5', '#', '#', '/esporte/esporte-brasil/942036/acompanhe-ao-vivo-a-transmissao-da-convocacao-da-selecao-brasileira', '/noticias/para/942035/simulado-orienta-comunidades-de-barcarena-sobre-acidente-com-barragem', '/noticias/servico/942034/governo-do-para-anuncia-datas-dos-pagamentos-dos-servidores-publicos', '/entretenimento/942033/novo-visual-de-gusttavo-lima-vira-alvo-de-piadas-e-polemicas', '/noticias/brasil/942032/casa-propria-veja-renda-ideal-e-condicoes-para-financiar-imovel']",https://dol.com.br/noticias/policia/930868/video-pf-e-prf-apreendem-mais-de-300-kg-de-drogas-no-para
Indulto de Natal de Lula exclui condenados do 8/1 e da trama golpista,2026-05-18 16:37:58,"terça-feira, 23/12/2025, 10:13-  Autor: Fabíola Sinimbú/Agência Brasil",tagsCrimes estado democrático de direito indulto de natal indulto natalino Lula trama golpista,"['https://cdn.dol.com.br/img/Artigo-Destaque/930000/640x335/indulto-de-natal-de-lula_00930775_0_-3.webp?fallback=https%3A%2F%2Fcdn.dol.com.br%2Fimg%2FArtigo-Destaque%2F930000%2Findulto-de-natal-de-lula_00930775_0_.jpg%3Fxid%3D3176038&xid=3176038', '/themes/DOL/assets/img/camera-solid.svg', '/themes/DOL/assets/img/envelope.svg', '/themes/DOL/assets/img/plus.svg']","['https://dol.com.br/noticias/politica/930565/deltan-dallagnon-paga-indenizacao-a-lula-por-powerpoint?d=1', 'https://dol.com.br/noticias/politica/930480/motta-cassa-mandatos-de-eduardo-bolsonaro-e-alexandre-ramagem?d=1', 'https://dol.com.br/noticias/politica/930471/lula-dispara-contra-zeze-di-camargo-apos-polemica-com-o-sbt-cretinice?d=1', 'https://www.whatsapp.com/channel/0029Va9IlAw2v1J02cbfQ31H', 'https://whatsapp.com/channel/0029Va9IlAw2v1J02cbfQ31H', 'https://t.me/dolnoticias', '/n/828815', '/tags/crimes', '/tags/estado-democratico-de-direito', '/tags/indulto-de-natal', '/tags/indulto-natalino', '/tags/lula', '/tags/trama-golpista', '#modal_5', '#', '#', '/esporte/esporte-brasil/942036/acompanhe-ao-vivo-a-transmissao-da-convocacao-da-selecao-brasileira', '/noticias/para/942035/simulado-orienta-comunidades-de-barcarena-sobre-acidente-com-barragem', '/noticias/servico/942034/governo-do-para-anuncia-datas-dos-pagamentos-dos-servidores-publicos', '/entretenimento/942033/novo-visual-de-gusttavo-lima-vira-alvo-de-piadas-e-polemicas', '/noticias/brasil/942032/casa-propria-veja-renda-ideal-e-condicoes-para-financiar-imovel']",https://dol.com.br/noticias/politica/930775/indulto-de-natal-de-lula-exclui-condenados-do-81-e-da-trama-golpista
Operação mira facção criminosa e bloqueia R$ 14 milhões em Belém e Fortaleza,2026-05-18 16:37:59,"segunda-feira, 15/12/2025, 13:21-  Autor: Sales Coimbra - Fonte: Agência Pará",tagsfacção criminosa LAVAGEM DE DINHEIRO Operação Origo ORGANIZAÇÃO CRIMINOSA polícia civil TRÁfico de drogas,"['https://cdn.dol.com.br/img/Artigo-Destaque/930000/640x335/policia-civil-do-para-opercao-origo_00930194_0_-3.webp?fallback=https%3A%2F%2Fcdn.dol.com.br%2Fimg%2FArtigo-Destaque%2F930000%2Fpolicia-civil-do-para-opercao-origo_00930194_0_.jpg%3Fxid%3D3172557&xid=3172557', '/themes/DOL/assets/img/camera-solid.svg', 'https://cdn.dol.com.br/img/inline/930000/767x0/policia-civil-do-para-opercao-origo-2_00930194_0_.webp?fallback=https%3A%2F%2Fcdn.dol.com.br%2Fimg%2Finline%2F930000%2Fpolicia-civil-do-para-opercao-origo-2_00930194_0_.jpg%3Fxid%3D3172559%26resize%3D380%252C200%26t%3D1778917838&xid=3172559', '/themes/DOL/assets/img/envelope.svg', '/themes/DOL/assets/img/plus.svg']","['https://dol.com.br/noticias/policia/930178/guarda-municipal-e-morto-a-tiros-no-tapana-em-belem?d=1', 'https://dol.com.br/noticias/policia/930116/homem-e-morto-a-tiros-em-bar-na-condor?d=1', 'https://dol.com.br/noticias/policia/930052/guardas-municipais-sao-presos-suspeitos-de-morte-de-empresario-no-para?d=1', 'https://www.whatsapp.com/channel/0029Va9IlAw2v1J02cbfQ31H', 'https://whatsapp.com/channel/0029Va9IlAw2v1J02cbfQ31H', 'https://t.me/dolnoticias', '/n/828815', '/tags/faccao-criminosa', '/tags/lavagem-de-dinheiro', '/tags/operacao-origo', '/tags/organizacao-criminosa', '/tags/policia-civil', '/tags/trafico-de-drogas', '#modal_5', '#', '#', '/esporte/paysandu/941829/sem-caio-mello-confira-os-relacionados-do-paysandu-contra-o-caxias', '/noticias/tecnologia/941828/whatsapp-aprimora-recurso-de-mensagens-temporarias', '/noticias/brasil/941827/governo-libera-saque-do-fgts-para-10-milhoes-veja-quem-recebe', '/entretenimento/cinema/941826/professor-volta-em-novo-teaser-da-continuacao-de-la-casa-de-papel', '/noticias/brasil/941825/samsung-busca-projetos-criativos-de-estudantes-da-rede-publica']",https://dol.com.br/noticias/policia/930194/operacao-mira-faccao-criminosa-e-bloqueia-r-14-milhoes-em-belem-e-fortaleza
Filho de Cid Moreira é preso em SP por agressão e drogas,2026-05-18 16:38:00,"domingo, 14/12/2025, 15:06-  Autor: Júlia Marques - Fonte: UOL",tagsCid Moreira família e conflitos PRISÃO EM FLAGRANTE Rodrigo Radenzév TRÁfico de drogas violência doméstica,"['https://cdn.dol.com.br/img/Artigo-Destaque/930000/640x335/imagem_otimizada-100_00930124_0_-3.webp?fallback=https%3A%2F%2Fcdn.dol.com.br%2Fimg%2FArtigo-Destaque%2F930000%2Fimagem_otimizada-100_00930124_0_.jpg%3Fxid%3D3172164&xid=3172164', '/themes/DOL/assets/img/camera-solid.svg', '/themes/DOL/assets/img/envelope.svg', '/themes/DOL/assets/img/plus.svg']","['https://dol.com.br/entretenimento/fama/930111/roberto-carlos-sofre-acidente-com-cadillac-e-vai-para-hospital?d=1', 'https://dol.com.br/entretenimento/fama/930102/matheus-e-kauan-fazem-anuncio-sobre-a-dupla-nao-existe-um-proximo-capitulo?d=1', 'https://dol.com.br/entretenimento/fama/930095/sbt-usa-ia-para-ressuscitar-silvio-santos-veja?d=1', 'https://www.whatsapp.com/channel/0029Va4xYGk1dAw9LjYD7B2k', 'https://whatsapp.com/channel/0029Va9IlAw2v1J02cbfQ31H', 'https://t.me/dolnoticias', '/n/828815', '/tags/cid-moreira', '/tags/familia-e-conflitos', '/tags/prisao-em-flagrante', '/tags/rodrigo-radenzev', '/tags/trafico-de-drogas', '/tags/violencia-domestica', '#modal_5', '#', '#', '/esporte/paysandu/941829/sem-caio-mello-confira-os-relacionados-do-paysandu-contra-o-caxias', '/noticias/tecnologia/941828/whatsapp-aprimora-recurso-de-mensagens-temporarias', '/noticias/brasil/941827/governo-libera-saque-do-fgts-para-10-milhoes-veja-quem-recebe', '/entretenimento/cinema/941826/professor-volta-em-novo-teaser-da-continuacao-de-la-casa-de-papel', '/noticias/brasil/941825/samsung-busca-projetos-criativos-de-estudantes-da-rede-publica']",https://dol.com.br/entretenimento/fama/930124/filho-de-cid-moreira-e-preso-em-sp-por-agressao-e-drogas
VÍDEO: Lorena diz que foi traída por MC Daniel durante gestação,2026-05-18 16:38:01,"sábado, 13/12/2025, 09:44-  Autor: Brenda Hayashi",tagsDesabafo fama Lorena Maria mc daniel Relacionamentos violência emocional,"['https://cdn.dol.com.br/img/Artigo-Destaque/930000/640x335/Design-sem-nome-21_00930039_0_-3.webp?fallback=https%3A%2F%2Fcdn.dol.com.br%2Fimg%2FArtigo-Destaque%2F930000%2FDesign-sem-nome-21_00930039_0_.png%3Fxid%3D3171643&xid=3171643', '/themes/DOL/assets/img/camera-solid.svg', '/themes/DOL/assets/img/envelope.svg', '/themes/DOL/assets/img/plus.svg']","['https://dol.com.br/entretenimento/fama/926642/apos-acionar-a-justica-lorena-maria-se-pronuncia-sobre-mc-daniel?d=1', 'https://dol.com.br/entretenimento/fama/926730/lorena-maria-expoe-briga-com-mc-daniel-me-deixa-em-paz?d=1', 'https://dol.com.br/entretenimento/fama/930028/hytalo-santos-e-denunciado-por-trafico-sexual-e-trabalho-escravo?d=1', 'https://dol.com.br/entretenimento/fama/930027/gracyanne-posa-de-topless-e-maio-cavado-transparente-veja?d=1', 'https://www.whatsapp.com/channel/0029Va4xYGk1dAw9LjYD7B2k', 'https://www.instagram.com/p/DSLxnAtDnhk/?utm_source=ig_embed&utm_campaign=loading', 'https://www.instagram.com/p/DSLxnAtDnhk/?utm_source=ig_embed&utm_campaign=loading', 'https://whatsapp.com/channel/0029Va9IlAw2v1J02cbfQ31H', 'https://t.me/dolnoticias', '/n/828815', '/tags/desabafo', '/tags/fama', '/tags/lorena-maria', '/tags/mc-daniel', '/tags/relacionamentos', '/tags/violencia-emocional', '#modal_5', '#', '#', '/esporte/paysandu/941829/sem-caio-mello-confira-os-relacionados-do-paysandu-contra-o-caxias', '/noticias/tecnologia/941828/whatsapp-aprimora-recurso-de-mensagens-temporarias', '/noticias/brasil/941827/governo-libera-saque-do-fgts-para-10-milhoes-veja-quem-recebe', '/entretenimento/cinema/941826/professor-volta-em-novo-teaser-da-continuacao-de-la-casa-de-papel', '/noticias/brasil/941825/samsung-busca-projetos-criativos-de-estudantes-da-rede-publica']",https://dol.com.br/entretenimento/fama/930039/video-lorena-diz-que-foi-traida-por-mc-daniel-durante-gestacao
Hytalo Santos é denunciado por tráfico sexual e trabalho escravo,2026-05-18 16:38:04,"sexta-feira, 12/12/2025, 22:25-  Autor: Tarik Duarte - Fonte: UOL",tagsdenúncia criminal direitos das crianças EXPLORAÇÃO SEXUAL influenciadores digitais JUSTIÇA DO TRABALHO TRÁFICO DE PESSOAS,"['https://cdn.dol.com.br/img/Artigo-Destaque/930000/640x335/WhatsApp-Image-2025-12-12-at-221246_00930028_0_-3.webp?fallback=https%3A%2F%2Fcdn.dol.com.br%2Fimg%2FArtigo-Destaque%2F930000%2FWhatsApp-Image-2025-12-12-at-221246_00930028_0_.jpg%3Fxid%3D3171561&xid=3171561', '/themes/DOL/assets/img/camera-solid.svg', '/themes/DOL/assets/img/envelope.svg', '/themes/DOL/assets/img/plus.svg']","['https://dol.com.br/entretenimento/fama/929991/amanda-seyfried-mantem-critica-a-charlie-kirk-em-campanha-para-o-oscar?d=1', 'https://dol.com.br/entretenimento/fama/929992/lucas-rangel-leva-premio-de-video-do-ano-no-tiktok-awards?d=1', 'https://whatsapp.com/channel/0029Va4xYGk1dAw9LjYD7B2k', 'https://whatsapp.com/channel/0029Va9IlAw2v1J02cbfQ31H', 'https://t.me/dolnoticias', '/n/828815', '/tags/denuncia-criminal', '/tags/direitos-das-criancas', '/tags/exploracao-sexual', '/tags/influenciadores-digitais', '/tags/justica-do-trabalho', '/tags/trafico-de-pessoas', '#modal_5', '#', '#', '/esporte/esporte-brasil/942036/acompanhe-ao-vivo-a-transmissao-da-convocacao-da-selecao-brasileira', '/noticias/para/942035/simulado-orienta-comunidades-de-barcarena-sobre-acidente-com-barragem', '/noticias/servico/942034/governo-do-para-anuncia-datas-dos-pagamentos-dos-servidores-publicos', '/entretenimento/942033/novo-visual-de-gusttavo-lima-vira-alvo-de-piadas-e-polemicas', '/noticias/brasil/942032/casa-propria-veja-renda-ideal-e-condicoes-para-financiar-imovel']",https://dol.com.br/entretenimento/fama/930028/hytalo-santos-e-denunciado-por-trafico-sexual-e-trabalho-escravo
STF mantém processo contra Cariani por tráfico de drogas,2026-05-18 16:38:07,"sexta-feira, 05/12/2025, 18:41-  Autor: Gustavo Dutra - Fonte: Metrópoles",tagsinfluenciador fitness JUSTIÇA DE SÃO PAULO LAVAGEM DE DINHEIRO POLÍCIA FEDERAL RENATO CARIANI TRÁfico de drogas,"['https://cdn.dol.com.br/img/Artigo-Destaque/920000/640x335/renato-cariani_00929537_0_-3.webp?fallback=https%3A%2F%2Fcdn.dol.com.br%2Fimg%2FArtigo-Destaque%2F920000%2Frenato-cariani_00929537_0_.jpg%3Fxid%3D3168639&xid=3168639', '/themes/DOL/assets/img/camera-solid.svg', '/themes/DOL/assets/img/envelope.svg', '/themes/DOL/assets/img/plus.svg']","['https://whatsapp.com/channel/0029Va9IlAw2v1J02cbfQ31H', 'https://t.me/dolnoticias', '/n/828815', '/tags/influenciador-fitness', '/tags/justica-de-sao-paulo', '/tags/lavagem-de-dinheiro', '/tags/policia-federal', '/tags/renato-cariani', '/tags/trafico-de-drogas', '#modal_5', '#', '#', '/esporte/esporte-brasil/942036/acompanhe-ao-vivo-a-transmissao-da-convocacao-da-selecao-brasileira', '/noticias/para/942035/simulado-orienta-comunidades-de-barcarena-sobre-acidente-com-barragem', '/noticias/servico/942034/governo-do-para-anuncia-datas-dos-pagamentos-dos-servidores-publicos', '/entretenimento/942033/novo-visual-de-gusttavo-lima-vira-alvo-de-piadas-e-polemicas', '/noticias/brasil/942032/casa-propria-veja-renda-ideal-e-condicoes-para-financiar-imovel']",https://dol.com.br/entretenimento/fama/929537/stf-mantem-processo-contra-cariani-por-trafico-de-drogas
Quem são PM e mulher presos por tentar comprar bebê no Marajó,2026-05-18 16:38:08,"sexta-feira, 05/12/2025, 12:29-  Autor: Lucas Quirino - Fonte: Pleno News e Metrópoles",tagsadoção ilegal comunidades vulneráveis crimes contra crianças Investigação Criminal polícia militar TRÁFICO DE PESSOAS,"['https://cdn.dol.com.br/img/Artigo-Destaque/920000/640x335/PM-e-mulher-presos-1200x675-2025-12-05-114651_00929509_0_-3.webp?fallback=https%3A%2F%2Fcdn.dol.com.br%2Fimg%2FArtigo-Destaque%2F920000%2FPM-e-mulher-presos-1200x675-2025-12-05-114651_00929509_0_.jpg%3Fxid%3D3168407&xid=3168407', '/themes/DOL/assets/img/camera-solid.svg', '/themes/DOL/assets/img/envelope.svg', '/themes/DOL/assets/img/plus.svg']","['https://dol.com.br/noticias/policia/929414/pm-de-goias-e-mulher-tentam-comprar-bebe-no-para-e-sao-presos?d=1', 'https://dol.com.br/noticias/policia/924924/suspeito-de-liderar-faccao-criminosa-em-castanhal-e-preso?d=1', 'https://whatsapp.com/channel/0029Va9IlAw2v1J02cbfQ31H', 'https://t.me/dolnoticias', '/n/828815', '/tags/adocao-ilegal', '/tags/comunidades-vulneraveis', '/tags/crimes-contra-criancas', '/tags/investigacao-criminal', '/tags/policia-militar', '/tags/trafico-de-pessoas', '#modal_5', '#', '#', '/entretenimento/fama/941861/vini-jr-aparece-sorridente-apos-termino-com-virginia', '/noticias/brasil/941860/video-mulher-e-investigada-por-falas-racistas-contra-seguranca-em-sp', '/entretenimento/fama/941859/cantor-admite-visita-a-casa-de-swing-com-craque-neto', '/carajas/entretenimento/941858/origem-do-sao-joao-como-a-festa-junina-nasceu-na-europa', '/carajas/noticias/policia/941857/corpo-e-encontrado-com-marcas-de-tiros-na-br-230-no-para']",https://dol.com.br/noticias/policia/929509/quem-sao-pm-e-mulher-presos-por-tentar-comprar-bebe-no-marajo
"PM de Goiás e mulher tentam ""comprar bebê"" no Pará e são presos",2026-05-18 16:38:10,"quinta-feira, 04/12/2025, 08:17-  Autor: Mayra Monteiro - Fonte: Agência Pará",tagscódigo penal DENÚNCIA dignidade humana exploração infantil polícia militar polícia no pará TRÁFICO DE PESSOAS tráfico humano,"['https://cdn.dol.com.br/img/Artigo-Destaque/920000/640x335/Trafico-de-pessoas-2_00929414_0_-3.webp?fallback=https%3A%2F%2Fcdn.dol.com.br%2Fimg%2FArtigo-Destaque%2F920000%2FTrafico-de-pessoas-2_00929414_0_.jpg%3Fxid%3D3167720&xid=3167720', '/themes/DOL/assets/img/camera-solid.svg', '/themes/DOL/assets/img/envelope.svg', '/themes/DOL/assets/img/plus.svg']","['https://dol.com.br/noticias/brasil/836201/pf-faz-operacao-contra-o-trabalho-escravo-e-trafico-humano?d=1', 'https://www.whatsapp.com/channel/0029Va9IlAw2v1J02cbfQ31H', 'https://whatsapp.com/channel/0029Va9IlAw2v1J02cbfQ31H', 'https://t.me/dolnoticias', '/n/828815', '/tags/codigo-penal', '/tags/denuncia', '/tags/dignidade-humana', '/tags/exploracao-infantil', '/tags/policia-militar', '/tags/policia-no-para', '/tags/trafico-de-pessoas', '/tags/trafico-humano', '#modal_5', '#', '#', '/entretenimento/fama/941861/vini-jr-aparece-sorridente-apos-termino-com-virginia', '/noticias/brasil/941860/video-mulher-e-investigada-por-falas-racistas-contra-seguranca-em-sp', '/entretenimento/fama/941859/cantor-admite-visita-a-casa-de-swing-com-craque-neto', '/carajas/entretenimento/941858/origem-do-sao-joao-como-a-festa-junina-nasceu-na-europa', '/carajas/noticias/policia/941857/corpo-e-encontrado-com-marcas-de-tiros-na-br-230-no-para']",https://dol.com.br/noticias/policia/929414/pm-de-goias-e-mulher-tentam-comprar-bebe-no-para-e-sao-presos
Web resgata desabafo de Viviane Araújo sobre traição de Belo,2026-05-18 16:38:13,"quarta-feira, 03/12/2025, 09:31-  Autor: Brenda Hayashi - Fonte: Metrópoles",tagsBelo Celebridades ENTREVISTAS Relacionamentos Viviane Araújo,"['https://cdn.dol.com.br/img/Artigo-Destaque/920000/640x335/Design-sem-nome-53_00929355_0_-3.webp?fallback=https%3A%2F%2Fcdn.dol.com.br%2Fimg%2FArtigo-Destaque%2F920000%2FDesign-sem-nome-53_00929355_0_.png%3Fxid%3D3167241&xid=3167241', '/themes/DOL/assets/img/camera-solid.svg', '/themes/DOL/assets/img/envelope.svg', '/themes/DOL/assets/img/plus.svg']","['https://dol.com.br/entretenimento/fama/929350/mc-bruninho-do-hit-jogo-do-amor-anuncia-que-sera-pai?d=1', 'https://dol.com.br/entretenimento/fama/929349/ana-de-armas-volta-a-ser-flagrada-com-ex-de-ivete-sangalo?d=1', 'https://www.whatsapp.com/channel/0029Va4xYGk1dAw9LjYD7B2k', 'https://www.instagram.com/reel/DRQfwEFD8GS/?utm_source=ig_embed&utm_campaign=loading', 'https://www.instagram.com/reel/DRQfwEFD8GS/?utm_source=ig_embed&utm_campaign=loading', 'https://whatsapp.com/channel/0029Va9IlAw2v1J02cbfQ31H', 'https://t.me/dolnoticias', '/n/828815', '/tags/belo', '/tags/celebridades', '/tags/entrevistas', '/tags/relacionamentos', '/tags/viviane-araujo', '#modal_5', '#', '#', '/esporte/esporte-brasil/942036/acompanhe-ao-vivo-a-transmissao-da-convocacao-da-selecao-brasileira', '/noticias/para/942035/simulado-orienta-comunidades-de-barcarena-sobre-acidente-com-barragem', '/noticias/servico/942034/governo-do-para-anuncia-datas-dos-pagamentos-dos-servidores-publicos', '/entretenimento/942033/novo-visual-de-gusttavo-lima-vira-alvo-de-piadas-e-polemicas', '/noticias/brasil/942032/casa-propria-veja-renda-ideal-e-condicoes-para-financiar-imovel']",https://dol.com.br/entretenimento/fama/929355/web-resgata-desabafo-de-viviane-araujo-sobre-traicao-de-belo
Advogada ligada à facção é presa com R$ 190 mil na Bahia,2026-05-18 16:38:14,"quinta-feira, 27/11/2025, 13:55-  Autor: Sales Coimbra - Fonte: Terra",tagsAdvogado BAHIA CRIME ORGANIZADO Facção ordens estratégicas Organização,"['https://cdn.dol.com.br/img/Artigo-Destaque/920000/640x335/advogada-ligada-a-faccao-e-presa-na-bahia_00928957_0_-3.webp?fallback=https%3A%2F%2Fcdn.dol.com.br%2Fimg%2FArtigo-Destaque%2F920000%2Fadvogada-ligada-a-faccao-e-presa-na-bahia_00928957_0_.jpg%3Fxid%3D3162037&xid=3162037', '/themes/DOL/assets/img/camera-solid.svg', '/themes/DOL/assets/img/envelope.svg', '/themes/DOL/assets/img/plus.svg']","['https://dol.com.br/noticias/brasil/928932/moto-de-piloto-morto-no-beto-carrero-nao-tinha-falhas-diz-pericia?d=1', 'https://dol.com.br/noticias/brasil/928931/leilao-da-receita-tem-iphone-a-partir-de-r-613-veja-como-participar?d=1', 'https://dol.com.br/noticias/brasil/928916/camara-aprova-aumento-de-prisao-temporaria-de-5-para-15-dias?d=1', 'https://www.whatsapp.com/channel/0029Va9IlAw2v1J02cbfQ31H', 'https://whatsapp.com/channel/0029Va9IlAw2v1J02cbfQ31H', 'https://t.me/dolnoticias', '/n/828815', '/tags/advogado', '/tags/bahia', '/tags/crime-organizado', '/tags/faccao', '/tags/ordens-estrategicas', '/tags/organizacao', '#modal_5', '#', '#', '/esporte/esporte-brasil/941998/ancelotti-vai-ao-jornal-nacional-para-explicar-convocacao-da-selecao', '/noticias/para/941997/prefeito-assina-ordem-de-servico-para-obras-do-canal-mata-fome', '/entretenimento/quadrinhos/941996/xxxholic-a-geometria-do-desejo-e-o-peso-do-vicio', '/esporte/esporte-brasil/941995/idolo-do-vasco-geovani-silva-morre-de-de-forma-repentina', '/esporte/esporte-brasil/941994/neymar-soma-numeros-expressivos-a-espera-da-convocacao-do-brasil']",https://dol.com.br/noticias/brasil/928957/advogada-ligada-a-faccao-e-presa-com-r-190-mil-na-bahia
Segup detalha operação integrada que prendeu 20 suspeitos no Pará,2026-05-18 16:38:15,"quinta-feira, 27/11/2025, 12:11-  Autor: Sales Coimbra - Fonte: Agência Pará",tagsCOLETIVA DE IMPRENSA Operação integrada Raimundo Benassuly SEGUP SUSPEITOS Ualame Machado,"['https://cdn.dol.com.br/img/Artigo-Destaque/920000/640x335/operacao-policial-no-para_00928950_0_-3.webp?fallback=https%3A%2F%2Fcdn.dol.com.br%2Fimg%2FArtigo-Destaque%2F920000%2Foperacao-policial-no-para_00928950_0_.jpg%3Fxid%3D3161999&xid=3161999', '/themes/DOL/assets/img/camera-solid.svg', '/themes/DOL/assets/img/envelope.svg', '/themes/DOL/assets/img/plus.svg']","['https://dol.com.br/noticias/para/928945/defensoria-faz-mutirao-de-atendimentos-para-participantes-do-enem?d=1', 'https://dol.com.br/noticias/para/928937/leilao-do-trt8-reune-imoveis-veiculos-e-pecas-de-luxo-em-belem?d=1', 'https://dol.com.br/noticias/para/928866/onibus-e-destruido-pelo-fogo-na-br-316-nesta-quarta-26?d=1', 'https://www.whatsapp.com/channel/0029Va9IlAw2v1J02cbfQ31H', 'https://whatsapp.com/channel/0029Va9IlAw2v1J02cbfQ31H', 'https://t.me/dolnoticias', '/n/828815', '/tags/coletiva-de-imprensa', '/tags/operacao-integrada', '/tags/raimundo-benassuly', '/tags/segup', '/tags/suspeitos', '/tags/ualame-machado', '#modal_5', '#', '#', '/esporte/mundo/941902/ufc-confirma-retorno-de-conor-mcgregor-com-luta-marcada-contra-ex-rival', '/noticias/para/941901/idosa-morre-apos-ataque-de-jararaca-na-ilha-do-marajo', '/entretenimento/fama/941900/shakira-revela-pela-1-vez-drama-sobre-o-pai-antes-de-show-no-rio', '/entretenimento/fama/941899/morte-faz-atriz-de-o-diabo-veste-prada-se-afastar-do-namorado', '/esporte/esporte-brasil/941898/fluminense-vence-o-sao-paulo-por-2-a-1-pela-serie-a-do-brasileirao']",https://dol.com.br/noticias/para/928950/segup-detalha-operacao-integrada-que-prendeu-20-suspeitos-no-para
7 filmes brasileiros para refletir no Dia da Consciência Negra,2026-05-18 16:38:16,"quinta-feira, 20/11/2025, 10:43- Atualizado 20/11/2025, 13:16-  Autor: Sales Coimbra - Fonte: UOL",tagsDIA DA CONSCIÊNCIA NEGRA FERIADO Filmes Brasileiros Racismo Representatividade,"['https://cdn.dol.com.br/img/Artigo-Destaque/920000/640x335/7-filmes-brasileiros-para-refletir-no-dia-da-consc_00928490_0_-3.webp?fallback=https%3A%2F%2Fcdn.dol.com.br%2Fimg%2FArtigo-Destaque%2F920000%2F7-filmes-brasileiros-para-refletir-no-dia-da-consc_00928490_0_.jpg%3Fxid%3D3159141&xid=3159141', '/themes/DOL/assets/img/camera-solid.svg', '/themes/DOL/assets/img/envelope.svg', '/themes/DOL/assets/img/plus.svg']","['https://dol.com.br/entretenimento/cinema/928414/bicheiro-que-inspirou-personagem-da-netflix-vai-a-juri?d=1', 'https://dol.com.br/entretenimento/cinema/928366/cine-libero-luxardo-recebe-10-mostra-de-cinema-da-amazonia?d=1', 'https://dol.com.br/entretenimento/cinema/928310/morre-dan-mcgrath-roteirista-de-os-simpsons-aos-61-anos?d=1', 'https://whatsapp.com/channel/0029Va9IlAw2v1J02cbfQ31H', 'https://t.me/dolnoticias', '/n/828815', '/tags/dia-da-consciencia-negra', '/tags/feriado', '/tags/filmes-brasileiros', '/tags/racismo', '/tags/representatividade', '#modal_5', '#', '#', '/esporte/paysandu/941829/sem-caio-mello-confira-os-relacionados-do-paysandu-contra-o-caxias', '/noticias/tecnologia/941828/whatsapp-aprimora-recurso-de-mensagens-temporarias', '/noticias/brasil/941827/governo-libera-saque-do-fgts-para-10-milhoes-veja-quem-recebe', '/entretenimento/cinema/941826/professor-volta-em-novo-teaser-da-continuacao-de-la-casa-de-papel', '/noticias/brasil/941825/samsung-busca-projetos-criativos-de-estudantes-da-rede-publica']",https://dol.com.br/entretenimento/cinema/928490/7-filmes-brasileiros-para-refletir-no-dia-da-consciencia-negra
"Conhecida como “Japinha do CV”, jovem reaparece e nega boatos de morte",2026-05-18 16:38:19,"quarta-feira, 12/11/2025, 09:45-  Autor: Júlia Marques - Fonte: Metrópoles",tagsdesmentido identidade e recomeço Japinha do CV maria eduarda mídia e redes sociais rumores na internet,"['https://cdn.dol.com.br/img/Artigo-Destaque/920000/640x335/imagem_otimizada---2025-11-12T091456114_00928059_0_-3.webp?fallback=https%3A%2F%2Fcdn.dol.com.br%2Fimg%2FArtigo-Destaque%2F920000%2Fimagem_otimizada---2025-11-12T091456114_00928059_0_.jpg%3Fxid%3D3156228&xid=3156228', '/themes/DOL/assets/img/camera-solid.svg', '/themes/DOL/assets/img/envelope.svg', '/themes/DOL/assets/img/plus.svg']","['https://dol.com.br/noticias/brasil/927609/imagem-mostra-suposta-fuga-da-japinha-do-cv-durante-operacao-no-rj?d=1', 'https://dol.com.br/noticias/brasil/928056/carreta-com-motorista-amarrado-a-bombas-interdita-via-em-sao-paulo?d=1', 'https://dol.com.br/noticias/policia/927661/caso-paulo-guilherme-laudo-pericial-deve-ser-entregue-em-10-dias?d=1', 'https://www.whatsapp.com/channel/0029Va9IlAw2v1J02cbfQ31H', 'https://whatsapp.com/channel/0029Va9IlAw2v1J02cbfQ31H', 'https://t.me/dolnoticias', '/n/828815', '/tags/desmentido', '/tags/identidade-e-recomeco', '/tags/japinha-do-cv', '/tags/maria-eduarda', '/tags/midia-e-redes-sociais', '/tags/rumores-na-internet', '#modal_5', '#', '#', '/esporte/esporte-brasil/942036/acompanhe-ao-vivo-a-transmissao-da-convocacao-da-selecao-brasileira', '/noticias/para/942035/simulado-orienta-comunidades-de-barcarena-sobre-acidente-com-barragem', '/noticias/servico/942034/governo-do-para-anuncia-datas-dos-pagamentos-dos-servidores-publicos', '/entretenimento/942033/novo-visual-de-gusttavo-lima-vira-alvo-de-piadas-e-polemicas', '/noticias/brasil/942032/casa-propria-veja-renda-ideal-e-condicoes-para-financiar-imovel']",https://dol.com.br/noticias/brasil/928059/conhecida-como-japinha-do-cv-jovem-reaparece-e-nega-boatos-de-morte
Japinha do CV viva? PC identifica corpo apontado como dela,2026-05-18 16:38:21,"terça-feira, 04/11/2025, 13:48-  Autor: Júlia Marques - Fonte: Metrópoles",tagsCOMANDO VERMELHO Desinformação Japinha do CV Operação Contenção polícia civil TRÁfico de drogas,"['https://cdn.dol.com.br/img/Artigo-Destaque/920000/640x335/Design-sem-nome---2025-11-04T131815066_00927594_0_-3.webp?fallback=https%3A%2F%2Fcdn.dol.com.br%2Fimg%2FArtigo-Destaque%2F920000%2FDesign-sem-nome---2025-11-04T131815066_00927594_0_.png%3Fxid%3D3153316&xid=3153316', '/themes/DOL/assets/img/camera-solid.svg', 'https://cdn.dol.com.br/img/inline/920000/767x0/imagem_otimizada---2025-11-04T133721752_00927594_0_.webp?fallback=https%3A%2F%2Fcdn.dol.com.br%2Fimg%2Finline%2F920000%2Fimagem_otimizada---2025-11-04T133721752_00927594_0_.jpg%3Fxid%3D3153318%26resize%3D380%252C200%26t%3D1779047801&xid=3153318', 'https://cdn.dol.com.br/img/inline/920000/767x0/Pedido-dos-familiares_00927594_1_.webp?fallback=https%3A%2F%2Fcdn.dol.com.br%2Fimg%2Finline%2F920000%2FPedido-dos-familiares_00927594_1_.webp%3Fxid%3D3153319%26resize%3D380%252C200%26t%3D1779047801&xid=3153319', '/themes/DOL/assets/img/envelope.svg', '/themes/DOL/assets/img/plus.svg']","['https://dol.com.br/noticias/brasil/927475/morreu-japinha-do-cv-ja-fingiu-estar-morta-em-outro-confronto?d=1', 'https://dol.com.br/noticias/brasil/927496/operacao-no-rio-19-mortos-sao-do-para?d=1', 'https://dol.com.br/noticias/brasil/927580/mortos-em-operacao-no-rio-sao-homens-de-14-a-55-anos?d=1', 'https://whatsapp.com/channel/0029Va9IlAw2v1J02cbfQ31H', 'https://t.me/dolnoticias', '/n/828815', '/tags/comando-vermelho', '/tags/desinformacao', '/tags/japinha-do-cv', '/tags/operacao-contencao', '/tags/policia-civil', '/tags/trafico-de-drogas', '#modal_5', '#', '#', '/noticias/brasil/941942/portais-do-governo-garantem-meia-entrada-viagens-gratis-e-cursos-de-ia', '/noticias/gastronomia/941941/receita-facil-de-pao-de-batata-com-calabresa-para-o-lanche-da-tarde', '/noticias/servico/941940/inss-veja-os-documentos-que-precisam-atualizar-e-nao-perca-beneficios', '/carajas/esportes/aguia/941931/ao-vivo-acompanhe-aqui-a-partida-entre-tuna-luso-x-aguia', '/noticias/para/941939/hana-inicia-nova-etapa-da-operacao-escudo-feminino-no-para']",https://dol.com.br/noticias/brasil/927594/japinha-do-cv-viva-pc-identifica-corpo-apontado-como-dela
Mortos em operação no Rio são homens de 14 a 55 anos,2026-05-18 16:38:22,"terça-feira, 04/11/2025, 11:36-  Autor: Marcela Canavarro, Bruna Fantti e Paula Soprana/Folhapress",tagsCOMANDO VERMELHO DIREITOS HUMANOS Operação Policial RIO DE JANEIRO Segurança Pública,"['https://cdn.dol.com.br/img/Artigo-Destaque/920000/640x335/toms9683_00927580_0_-3.webp?fallback=https%3A%2F%2Fcdn.dol.com.br%2Fimg%2FArtigo-Destaque%2F920000%2Ftoms9683_00927580_0_.webp%3Fxid%3D3153226&xid=3153226', '/themes/DOL/assets/img/camera-solid.svg', '/themes/DOL/assets/img/envelope.svg', '/themes/DOL/assets/img/plus.svg']","['https://dol.com.br/noticias/brasil/927210/iml-ja-identificou-mais-da-metade-dos-mortos-de-operacao-no-rio?d=1', 'https://dol.com.br/noticias/brasil/927205/fotografo-relata-cenario-de-guerra-no-rio-cheiro-de-morte?d=1', 'https://dol.com.br/noticias/brasil/927148/governador-do-rio-defende-operacao-de-vitimas-so-policiais?d=1', 'https://www.whatsapp.com/channel/0029Va9IlAw2v1J02cbfQ31H', 'https://whatsapp.com/channel/0029Va9IlAw2v1J02cbfQ31H', 'https://t.me/dolnoticias', '/n/828815', '/tags/comando-vermelho', '/tags/direitos-humanos', '/tags/operacao-policial', '/tags/rio-de-janeiro', '/tags/seguranca-publica', '#modal_5', '#', '#', '/esporte/mundo/942021/lenda-do-fisiculturismo-albert-beckles-morre-aos-95-anos', '/noticias/para/942020/pc-investiga-ligacao-entre-piloto-desaparecido-e-morte-de-empresario', '/colunistas/brenda-hayashi/942019/verao-chegando-acompanhe-a-rotina-e-dicas-de-arianny-baia', '/noticias/para/942018/acusado-de-matar-irmaos-da-familia-tenorio-vai-a-juri-popular-em-belem', '/noticias/para/942017/ossada-humana-e-encontrada-em-mata-no-marajo']",https://dol.com.br/noticias/brasil/927580/mortos-em-operacao-no-rio-sao-homens-de-14-a-55-anos
Operação no Rio: 19 mortos são do Pará,2026-05-18 16:38:23,"segunda-feira, 03/11/2025, 10:20-  Autor: Lucas Quirino - Fonte: Agência Brasil",tagsDIREITOS HUMANOS Operação Contenção Polícia RIO DE JANEIRO Segurança Pública,"['https://cdn.dol.com.br/img/Artigo-Destaque/920000/640x335/_rbr0230-1170x658-2025-11-03-095755_00927496_0_-3.webp?fallback=https%3A%2F%2Fcdn.dol.com.br%2Fimg%2FArtigo-Destaque%2F920000%2F_rbr0230-1170x658-2025-11-03-095755_00927496_0_.jpg%3Fxid%3D3152729&xid=3152729', '/themes/DOL/assets/img/camera-solid.svg', '/themes/DOL/assets/img/envelope.svg', '/themes/DOL/assets/img/plus.svg']","['https://dol.com.br/noticias/brasil/927487/cameras-corporais-revelam-bastidores-da-megaoperacao-no-rio?d=1', 'https://dol.com.br/noticias/brasil/927475/morreu-japinha-do-cv-ja-fingiu-estar-morta-em-outro-confronto?d=1', 'https://dol.com.br/noticias/brasil/927301/o-que-ainda-falta-ser-esclarecido-sobre-a-operacao-no-rio?d=1', 'https://www.whatsapp.com/channel/0029Va9IlAw2v1J02cbfQ31H', 'https://whatsapp.com/channel/0029Va9IlAw2v1J02cbfQ31H', 'https://t.me/dolnoticias', '/n/828815', '/tags/direitos-humanos', '/tags/operacao-contencao', '/tags/policia', '/tags/rio-de-janeiro', '/tags/seguranca-publica', '#modal_5', '#', '#', '/entretenimento/cinema/941967/roteiro-de-dark-horse-expoe-polemicas-politicas-de-bolsonaro', '/tuedoide/curiosidades/941966/foto-de-alien-de-taiwan-aparece-em-arquivos-dos-eua', '/tuedoide/curiosidades/941965/nova-especie-de-dinossauro-maior-que-o-t-rex-e-descoberta', '/noticias/te-cuida/941964/cardiologista-revela-8-frutas-que-baixam-a-pressao-arterial', '/noticias/brasil/941963/video-homem-e-arremessado-apos-ataque-de-boi-solto-em-rua']",https://dol.com.br/noticias/brasil/927496/operacao-no-rio-19-mortos-sao-do-para
"Quem é Doca, principal alvo da operação no Rio de Janeiro",2026-05-18 16:38:24,"terça-feira, 28/10/2025, 22:29- Atualizado 28/10/2025, 23:26-  Autor: Lua Araújo",tagsCOMANDO VERMELHO CRIME Doca homicídios Operação Policial RIO DE JANEIRO,"['https://cdn.dol.com.br/img/Artigo-Destaque/920000/640x335/FotoJet_00927105_0_-3.webp?fallback=https%3A%2F%2Fcdn.dol.com.br%2Fimg%2FArtigo-Destaque%2F920000%2FFotoJet_00927105_0_.jpg%3Fxid%3D3149824&xid=3149824', '/themes/DOL/assets/img/camera-solid.svg', '/themes/DOL/assets/img/envelope.svg', '/themes/DOL/assets/img/plus.svg']","['https://dol.com.br/noticias/brasil/927087/rio-tem-operacao-policial-mais-mortal-da-historia-com-64-mortos?d=1', 'https://dol.com.br/noticias/brasil/927060/megaoperacao-contra-o-cv-deixa-22-mortos-30-dos-procurados-sao-do-para?d=1', 'https://www.whatsapp.com/channel/0029Va9IlAw2v1J02cbfQ31H', 'https://whatsapp.com/channel/0029Va9IlAw2v1J02cbfQ31H', 'https://t.me/dolnoticias', '/n/828815', '/tags/comando-vermelho', '/tags/crime', '/tags/doca', '/tags/homicidios', '/tags/operacao-policial', '/tags/rio-de-janeiro', '#modal_5', '#', '#', '/esporte/paysandu/941829/sem-caio-mello-confira-os-relacionados-do-paysandu-contra-o-caxias', '/noticias/tecnologia/941828/whatsapp-aprimora-recurso-de-mensagens-temporarias', '/noticias/brasil/941827/governo-libera-saque-do-fgts-para-10-milhoes-veja-quem-recebe', '/entretenimento/cinema/941826/professor-volta-em-novo-teaser-da-continuacao-de-la-casa-de-papel', '/noticias/brasil/941825/samsung-busca-projetos-criativos-de-estudantes-da-rede-publica']",https://dol.com.br/noticias/brasil/927105/quem-e-doca-principal-alvo-da-operacao-no-rio-de-janeiro
Rio tem operação policial mais mortal da história com 64 mortos,2026-05-18 16:38:25,"terça-feira, 28/10/2025, 18:39-  Autor: Gustavo Dutra",tagsCOMANDO VERMELHO Operação Policial RIO DE JANEIRO Segurança Pública TRÁfico de drogas Violência,"['https://cdn.dol.com.br/img/Artigo-Destaque/920000/640x335/rio_00927087_0_-3.webp?fallback=https%3A%2F%2Fcdn.dol.com.br%2Fimg%2FArtigo-Destaque%2F920000%2Frio_00927087_0_.jpg%3Fxid%3D3149699&xid=3149699', '/themes/DOL/assets/img/camera-solid.svg', '/themes/DOL/assets/img/envelope.svg', '/themes/DOL/assets/img/plus.svg']","['https://whatsapp.com/channel/0029Va9IlAw2v1J02cbfQ31H', 'https://t.me/dolnoticias', '/n/828815', '/tags/comando-vermelho', '/tags/operacao-policial', '/tags/rio-de-janeiro', '/tags/seguranca-publica', '/tags/trafico-de-drogas', '/tags/violencia', '#modal_5', '#', '#', '/esporte/paysandu/941829/sem-caio-mello-confira-os-relacionados-do-paysandu-contra-o-caxias', '/noticias/tecnologia/941828/whatsapp-aprimora-recurso-de-mensagens-temporarias', '/noticias/brasil/941827/governo-libera-saque-do-fgts-para-10-milhoes-veja-quem-recebe', '/entretenimento/cinema/941826/professor-volta-em-novo-teaser-da-continuacao-de-la-casa-de-papel', '/noticias/brasil/941825/samsung-busca-projetos-criativos-de-estudantes-da-rede-publica']",https://dol.com.br/noticias/brasil/927087/rio-tem-operacao-policial-mais-mortal-da-historia-com-64-mortos
Megaoperação contra o CV deixa 22 mortos; 30 dos procurados são do Pará,2026-05-18 16:38:27,"terça-feira, 28/10/2025, 14:23- Atualizado 28/10/2025, 14:26-  Autor: Lucas Contente",tagsCOMANDO VERMELHO conflitos urbanos Operação Contenção RIO DE JANEIRO Segurança Pública TRÁfico de drogas,"['https://cdn.dol.com.br/img/Artigo-Destaque/920000/640x335/MATERIAS---2025-10-28T140623362_00927060_0_-3.webp?fallback=https%3A%2F%2Fcdn.dol.com.br%2Fimg%2FArtigo-Destaque%2F920000%2FMATERIAS---2025-10-28T140623362_00927060_0_.png%3Fxid%3D3149559&xid=3149559', '/themes/DOL/assets/img/camera-solid.svg', '/themes/DOL/assets/img/envelope.svg', '/themes/DOL/assets/img/plus.svg']","['https://dol.com.br/noticias/policia/927041/autores-de-linchamento-podem-responder-criminalmente-entenda?d=1', 'https://dol.com.br/noticias/policia/927058/viatura-da-pm-e-alvejada-por-40-tiros-em-ananindeua-suspeitos-foragidos?d=1', 'https://dol.com.br/noticias/brasil/927056/recurso-de-bolsonaro-sera-julgado-pelo-stf-a-partir-de-711?d=1', 'https://www.whatsapp.com/channel/0029Va9IlAw2v1J02cbfQ31H', 'https://whatsapp.com/channel/0029Va9IlAw2v1J02cbfQ31H', 'https://t.me/dolnoticias', '/n/828815', '/tags/comando-vermelho', '/tags/conflitos-urbanos', '/tags/operacao-contencao', '/tags/rio-de-janeiro', '/tags/seguranca-publica', '/tags/trafico-de-drogas', '#modal_5', '#', '#', '/entretenimento/cinema/941967/roteiro-de-dark-horse-expoe-polemicas-politicas-de-bolsonaro', '/tuedoide/curiosidades/941966/foto-de-alien-de-taiwan-aparece-em-arquivos-dos-eua', '/tuedoide/curiosidades/941965/nova-especie-de-dinossauro-maior-que-o-t-rex-e-descoberta', '/noticias/te-cuida/941964/cardiologista-revela-8-frutas-que-baixam-a-pressao-arterial', '/noticias/brasil/941963/video-homem-e-arremessado-apos-ataque-de-boi-solto-em-rua']",https://dol.com.br/noticias/brasil/927060/megaoperacao-contra-o-cv-deixa-22-mortos-30-dos-procurados-sao-do-para
Homem é preso em Tucumã por cultivar pés de maconha,2026-05-18 16:38:30,"terça-feira, 21/10/2025, 13:22- Atualizado 21/10/2025, 13:26-  Autor: DOL Carajás / Com informações de Dinho Santos - Fonte: Dinho Santos",tagscriminalidade DROGAS Polícia SEGURANÇA TUCUMÃ,"['/themes/DOL/assets/img/camera-solid.svg', 'https://cdn.dol.com.br/img/inline/920000/767x0/Capa-Site-16-2_00926519_0_.webp?fallback=https%3A%2F%2Fcdn.dol.com.br%2Fimg%2Finline%2F920000%2FCapa-Site-16-2_00926519_0_.jpg%3Fxid%3D3145955%26resize%3D380%252C200%26t%3D1779133108&xid=3145955', '/themes/DOL/assets/img/envelope.svg', '/themes/DOL/assets/img/plus.svg']","['https://dol.com.br/carajas/cidades/outras/926514/dois-feminicidios-em-menos-de-24h-acendem-alerta-em-xinguara?d=1&utm_source=canaiswhatsapp&utm_medium=referral&utm_campaign=Redes_Sociais', 'https://dol.com.br/carajas/cidades/tucurui/926508/homem-e-flagrado-roubando-motos-em-estacionamento-da-upa?d=1&utm_source=canaiswhatsapp&utm_medium=referral&utm_campaign=Redes_Sociais', 'https://dol.com.br/carajas/noticias/policia/926459/video-duas-pessoas-ficam-gravemente-feridas-em-acidente-no-pa?d=1&utm_source=canaiswhatsapp&utm_medium=referral&utm_campaign=Redes_Sociais', 'https://whatsapp.com/channel/0029Va9IlAw2v1J02cbfQ31H', 'https://t.me/dolnoticias', '/n/828815', '/tags/criminalidade', '/tags/drogas', '/tags/policia', '/tags/seguranca', '/tags/tucuma', '#modal_5', '#', '#']",https://dol.com.br/carajas/cidades/outras/926519/homem-e-preso-em-tucuma-por-cultivar-pes-de-maconha
Obra rara de 1658 é devolvida ao Museu Goeldi após furto,2026-05-18 16:38:31,"sexta-feira, 17/10/2025, 14:44-  Autor: Tarik Duarte - Fonte: Assessoria",tagsGuilherme Piso História Natural livros raros MUSEU GOELDI PATRIMÔNIO CULTURAL tráfico de bens culturais,"['https://cdn.dol.com.br/img/Artigo-Destaque/920000/640x335/obra-rara_00926236_0_-3.webp?fallback=https%3A%2F%2Fcdn.dol.com.br%2Fimg%2FArtigo-Destaque%2F920000%2Fobra-rara_00926236_0_.png%3Fxid%3D3144154&xid=3144154', '/themes/DOL/assets/img/camera-solid.svg', '/themes/DOL/assets/img/envelope.svg', '/themes/DOL/assets/img/plus.svg']","['https://dol.com.br/noticias/policia/926221/policia-prende-quatro-suspeitos-de-roubo-com-refem-em-tucuma?d=1', 'https://dol.com.br/noticias/para/926229/cop-30-belem-tera-feriados-municipais-em-novembro?d=1', 'https://whatsapp.com/channel/0029Va9IlAw2v1J02cbfQ31H', 'https://whatsapp.com/channel/0029Va9IlAw2v1J02cbfQ31H', 'https://t.me/dolnoticias', '/n/828815', '/tags/guilherme-piso', '/tags/historia-natural', '/tags/livros-raros', '/tags/museu-goeldi', '/tags/patrimonio-cultural', '/tags/trafico-de-bens-culturais', '#modal_5', '#', '#', '/noticias/para/942035/simulado-orienta-comunidades-de-barcarena-sobre-acidente-com-barragem', '/noticias/servico/942034/governo-do-para-anuncia-datas-dos-pagamentos-dos-servidores-publicos', '/entretenimento/942033/novo-visual-de-gusttavo-lima-vira-alvo-de-piadas-e-polemicas', '/noticias/brasil/942032/casa-propria-veja-renda-ideal-e-condicoes-para-financiar-imovel', '/noticias/para/942031/jarbas-vasconcelos-toma-posse-como-socio-efetivo-do-ihgp-em-belem']",https://dol.com.br/noticias/para/926236/obra-rara-de-1658-e-devolvida-ao-museu-goeldi-apos-furto
"UFPA publica edital com mais de 1,7 mil vagas em processos seletivos",2026-05-18 16:38:32,"sábado, 16/05/2026, 20:46-  Autor: Alexandre Nascimento - Fonte: Ascom UFPA",tagsacesso à educação superior CURSOS GRATUITOS INCLUSÃO SOCIAL licenciaturas e formação docente mobilidade acadêmica Políticas Afirmativas,"['https://cdn.dol.com.br/img/Artigo-Destaque/940000/640x335/crop251778974921009418850-3.webp?fallback=https%3A%2F%2Fcdn.dol.com.br%2Fimg%2FArtigo-Destaque%2F940000%2Fcrop251778974921009418850.jpg%3Fxid%3D3243623&xid=3243623', '/themes/DOL/assets/img/camera-solid.svg', 'https://cdn.dol.com.br/img/inline/940000/767x0/crop331778973009009418850.webp?fallback=https%3A%2F%2Fcdn.dol.com.br%2Fimg%2Finline%2F940000%2Fcrop331778973009009418850.jpg%3Fxid%3D3243625%26resize%3D380%252C200%26t%3D1778975235&xid=3243625', '/themes/DOL/assets/img/envelope.svg', '/themes/DOL/assets/img/plus.svg']","['https://dol.com.br/tags/universidade-federal-do-para', 'https://dol.com.br/tags/indigenas', 'https://dol.com.br/noticias/cursos--empregos/941822/fundacao-oferece-88-cursos-gratuitos-online-e-com-certificado?d=1', 'https://dol.com.br/noticias/cursos--empregos/941714/sest-senat-abre-vagas-na-saude-e-administracao-no-para?d=1', 'https://www.whatsapp.com/channel/0029Va9F8PnATRSuM3q3Py31', 'https://whatsapp.com/channel/0029Va9IlAw2v1J02cbfQ31H', 'https://t.me/dolnoticias', '/n/828815', '/tags/acesso-a-educacao-superior', '/tags/cursos-gratuitos', '/tags/inclusao-social', '/tags/licenciaturas-e-formacao-docente', '/tags/mobilidade-academica', '/tags/politicas-afirmativas', '#modal_5', '#', '#', '/noticias/cursos--empregos/941885/ufpa-publica-edital-com-mais-de-17-mil-vagas-em-processos-seletivos', '/noticias/para/941884/piloto-de-aeronave-que-caiu-em-benevides-e-encontrado-vivo', '/esporte/remo/941883/remo-supera-gigantes-da-serie-a-entre-as-maiores-rendas-do-brasil', '/esporte/esporte-brasil/941882/convocacao-de-ancelotti-pela-selecao-tera-700-jornalistas-credenciados', '/esporte/esporte-brasil/941881/cbf-adia-uso-do-var-semiautomatico-na-serie-a-apos-impasse-entre-clubes']",https://dol.com.br/noticias/cursos--empregos/941885/ufpa-publica-edital-com-mais-de-17-mil-vagas-em-processos-seletivos
Homem é preso durante operação contra tráfico de drogas em Abaetetuba,2026-05-18 16:38:33,"terça-feira, 14/04/2026, 18:24- Atualizado 14/04/2026, 18:28-  Autor: Lana Oliveira - Fonte: Agência Pará",tagsABAETETUBA Homicídio Polícia Segurança Pública TRÁfico de drogas,"['https://cdn.dol.com.br/img/Artigo-Destaque/930000/640x335/242009392460-3.webp?fallback=https%3A%2F%2Fcdn.dol.com.br%2Fimg%2FArtigo-Destaque%2F930000%2F242009392460.jpg%3Fxid%3D3227458&xid=3227458', '/themes/DOL/assets/img/camera-solid.svg', '/themes/DOL/assets/img/envelope.svg', '/themes/DOL/assets/img/plus.svg']","['https://whatsapp.com/channel/0029Va9IlAw2v1J02cbfQ31H', 'https://t.me/dolnoticias', '/n/828815', '/tags/abaetetuba', '/tags/homicidio', '/tags/policia', '/tags/seguranca-publica', '/tags/trafico-de-drogas', '#modal_5', '#', '#', '/esporte/paysandu/941829/sem-caio-mello-confira-os-relacionados-do-paysandu-contra-o-caxias', '/noticias/tecnologia/941828/whatsapp-aprimora-recurso-de-mensagens-temporarias', '/noticias/brasil/941827/governo-libera-saque-do-fgts-para-10-milhoes-veja-quem-recebe', '/entretenimento/cinema/941826/professor-volta-em-novo-teaser-da-continuacao-de-la-casa-de-papel', '/noticias/brasil/941825/samsung-busca-projetos-criativos-de-estudantes-da-rede-publica']",https://dol.com.br/noticias/para/939246/homem-e-preso-durante-operacao-contra-trafico-de-drogas-em-abaetetuba
Delegado detalha perfis dos suspeitos de envolvimento no caso Arthur José,2026-05-18 16:38:34,"sábado, 11/04/2026, 14:27- Atualizado 11/04/2026, 16:54-  Autor: Júlia Marques - Fonte: RBA TV",tagscrimes na infância denúncias anônimas desaparecimento de bebê Eldorado dos Carajás investigações policiais SEQUESTRO,"['https://cdn.dol.com.br/img/Artigo-Destaque/930000/640x335/foque-63009390160-3.webp?fallback=https%3A%2F%2Fcdn.dol.com.br%2Fimg%2FArtigo-Destaque%2F930000%2Ffoque-63009390160.png%3Fxid%3D3226066&xid=3226066', '/themes/DOL/assets/img/camera-solid.svg', '/themes/DOL/assets/img/envelope.svg', '/themes/DOL/assets/img/plus.svg']","['https://dol.com.br/noticias/para/938972/caso-arthur-dois-suspeitos-de-participacao-no-desaparecimento-sao-presos?d=1', 'https://dol.com.br/noticias/para/938870/pistas-apontam-para-sequestro-ou-trafico-humano-no-caso-do-menino-arthur?d=1', 'https://dol.com.br/noticias/policia/938661/policia-mantem-buscas-por-bebe-desaparecido-no-para-e-amplia-investigacao?d=1', 'https://www.whatsapp.com/channel/0029Va9IlAw2v1J02cbfQ31H', 'https://whatsapp.com/channel/0029Va9IlAw2v1J02cbfQ31H', 'https://t.me/dolnoticias', '/n/828815', '/tags/crimes-na-infancia', '/tags/denuncias-anonimas', '/tags/desaparecimento-de-bebe', '/tags/eldorado-dos-carajas', '/tags/investigacoes-policiais', '/tags/sequestro', '#modal_5', '#', '#', '/noticias/para/942012/apreensao-de-357-quilos-de-drogas-em-operacao-fluvial-no-amazonas', '/noticias/brasil/942011/cadela-e-resgatada-de-dentro-de-parede-em-obra-no-parana', '/noticias/policia/942010/pericia-audiovisual-e-ia-ampliam-desafios-da-ciencia-forense-no-para', '/noticias/policia/942009/idoso-denuncia-mulher-por-furto-de-joias-e-cartoes-em-ananindeua', '/noticias/para/942008/oleos-da-amazonia-despontam-como-alternativa-no-combate-ao-cancer']",https://dol.com.br/noticias/para/939016/delegado-detalha-perfis-dos-suspeitos-de-envolvimento-no-caso-arthur-jose
Caso Arthur: dois suspeitos de participação no desaparecimento são presos,2026-05-18 16:38:35,"sexta-feira, 10/04/2026, 20:10- Atualizado 10/04/2026, 21:02-  Autor: Alexandre Nascimento",tagscriancas desaparecidas Desaparecimento Eldorado dos Carajás investigações policiais JUSTIÇA Segurança Pública,"['https://cdn.dol.com.br/img/Artigo-Destaque/930000/640x335/whatsapp-image-2026-04-10-at-204936009389720-3.webp?fallback=https%3A%2F%2Fcdn.dol.com.br%2Fimg%2FArtigo-Destaque%2F930000%2Fwhatsapp-image-2026-04-10-at-204936009389720.jpg%3Fxid%3D3225777&xid=3225777', '/themes/DOL/assets/img/camera-solid.svg', '/themes/DOL/assets/img/envelope.svg', '/themes/DOL/assets/img/plus.svg']","['https://dol.com.br/noticias/para/938870/pistas-apontam-para-sequestro-ou-trafico-humano-no-caso-do-menino-arthur?d=1', 'https://dol.com.br/noticias/para/938870/pistas-apontam-para-sequestro-ou-trafico-humano-no-caso-do-menino-arthur?d=1', 'https://dol.com.br/noticias/para/938857/protocolo-alice-reforca-combate-ao-feminicidio-no-para?d=1', 'https://dol.com.br/tags/jose-arthur?d=1', 'https://dol.com.br/tags/mppa?d=1', 'https://www.whatsapp.com/channel/0029Va9IlAw2v1J02cbfQ31H', 'https://whatsapp.com/channel/0029Va9IlAw2v1J02cbfQ31H', 'https://t.me/dolnoticias', '/n/828815', '/tags/criancas-desaparecidas', '/tags/desaparecimento', '/tags/eldorado-dos-carajas', '/tags/investigacoes-policiais', '/tags/justica', '/tags/seguranca-publica', '#modal_5', '#', '#', '/esporte/paysandu/941802/paysandu-x-nacional-horario-alterado-e-lote-inicial-de-ingressos-esgotado', '/noticias/para/941801/prefeitura-prorroga-inscricao-para-editais-da-lei-aldir-blanc', '/noticias/para/941800/arraias-transportadas-em-sacos-plasticos-sao-resgatadas-em-castanhal-no-para', '/esporte/remo/941799/victor-bueno-projeta-evolucao-e-ve-remo-mais-cascudo-na-temporada', '/entretenimento/941798/modelo-revela-conversa-antes-do-termino-de-virginia-e-vini-jr']",https://dol.com.br/noticias/para/938972/caso-arthur-dois-suspeitos-de-participacao-no-desaparecimento-sao-presos
Troca de tiros em perseguição policial termina com suspeitos presos no Guamá,2026-05-18 16:38:36,"quinta-feira, 09/04/2026, 19:54- Atualizado 09/04/2026, 21:34-  Autor: Lana Oliveira",tagsASSALTO belém guamá MOTORISTA DE APLICATIVO Reféns SEGURANÇA,"['https://cdn.dol.com.br/img/Artigo-Destaque/930000/640x335/crop251775776223009388910-3.webp?fallback=https%3A%2F%2Fcdn.dol.com.br%2Fimg%2FArtigo-Destaque%2F930000%2Fcrop251775776223009388910.jpg%3Fxid%3D3225311&xid=3225311', '/themes/DOL/assets/img/camera-solid.svg', '/themes/DOL/assets/img/envelope.svg', '/themes/DOL/assets/img/plus.svg']","['https://dol.com.br/noticias/para/938870/pistam-apontam-para-sequestro-ou-trafico-humano-no-caso-do-menino-arthur?d=1', 'https://dol.com.br/noticias/para/938879/motociclista-morre-ao-ser-atingido-por-caminhao-na-mario-covas?d=1', 'https://www.whatsapp.com/channel/0029Va9IlAw2v1J02cbfQ31H', 'https://whatsapp.com/channel/0029Va9IlAw2v1J02cbfQ31H', 'https://t.me/dolnoticias', '/n/828815', '/tags/assalto', '/tags/belem', '/tags/guama', '/tags/motorista-de-aplicativo', '/tags/refens', '/tags/seguranca', '#modal_5', '#', '#', '/entretenimento/cinema/941967/roteiro-de-dark-horse-expoe-polemicas-politicas-de-bolsonaro', '/tuedoide/curiosidades/941966/foto-de-alien-de-taiwan-aparece-em-arquivos-dos-eua', '/tuedoide/curiosidades/941965/nova-especie-de-dinossauro-maior-que-o-t-rex-e-descoberta', '/noticias/te-cuida/941964/cardiologista-revela-8-frutas-que-baixam-a-pressao-arterial', '/noticias/brasil/941963/video-homem-e-arremessado-apos-ataque-de-boi-solto-em-rua']",https://dol.com.br/noticias/para/938891/troca-de-tiros-em-perseguicao-policial-termina-com-suspeitos-presos-no-guama
Motociclista morre ao ser atingido por caminhão na Mário Covas,2026-05-18 16:38:37,"quinta-feira, 09/04/2026, 17:38-  Autor: Júlia Marques",tagsAcidente de Trânsito ananindeua MOTOCICLETA rodovia mário covas Segurança viária tragédia,"['https://cdn.dol.com.br/img/Artigo-Destaque/930000/640x335/foque-61009388790-3.webp?fallback=https%3A%2F%2Fcdn.dol.com.br%2Fimg%2FArtigo-Destaque%2F930000%2Ffoque-61009388790.png%3Fxid%3D3225211&xid=3225211', '/themes/DOL/assets/img/camera-solid.svg', '/themes/DOL/assets/img/envelope.svg', '/themes/DOL/assets/img/plus.svg']","['https://dol.com.br/noticias/para/938870/pistam-apontam-para-sequestro-ou-trafico-humano-no-caso-do-menino-arthur?d=1', 'https://dol.com.br/noticias/para/938811/caminhao-capota-apos-desviar-de-motociclistas-fazendo-grau?d=1', 'https://dol.com.br/noticias/para/938786/dupla-assalta-mulheres-em-belem-e-tenta-usar-cartoes-roubados?d=1', 'https://www.whatsapp.com/channel/0029Va9IlAw2v1J02cbfQ31H', 'https://whatsapp.com/channel/0029Va9IlAw2v1J02cbfQ31H', 'https://t.me/dolnoticias', '/n/828815', '/tags/acidente-de-transito', '/tags/ananindeua', '/tags/motocicleta', '/tags/rodovia-mario-covas', '/tags/seguranca-viaria', '/tags/tragedia', '#modal_5', '#', '#', '/entretenimento/cinema/941967/roteiro-de-dark-horse-expoe-polemicas-politicas-de-bolsonaro', '/tuedoide/curiosidades/941966/foto-de-alien-de-taiwan-aparece-em-arquivos-dos-eua', '/tuedoide/curiosidades/941965/nova-especie-de-dinossauro-maior-que-o-t-rex-e-descoberta', '/noticias/te-cuida/941964/cardiologista-revela-8-frutas-que-baixam-a-pressao-arterial', '/noticias/brasil/941963/video-homem-e-arremessado-apos-ataque-de-boi-solto-em-rua']",https://dol.com.br/noticias/para/938879/motociclista-morre-ao-ser-atingido-por-caminhao-na-mario-covas
Pistas apontam para sequestro ou tráfico humano no caso do menino Arthur,2026-05-18 16:38:39,"quinta-feira, 09/04/2026, 16:42- Atualizado 09/04/2026, 19:56-  Autor: Lana Oliveira - Fonte: RBA TV",tagsDesaparecimento Eldorado dos Carajás investigação polícia civil Segurança infantil,"['https://cdn.dol.com.br/img/Artigo-Destaque/930000/640x335/217009388700-3.webp?fallback=https%3A%2F%2Fcdn.dol.com.br%2Fimg%2FArtigo-Destaque%2F930000%2F217009388700.jpg%3Fxid%3D3225269&xid=3225269', '/themes/DOL/assets/img/camera-solid.svg', '/themes/DOL/assets/img/envelope.svg', '/themes/DOL/assets/img/plus.svg']","['https://dol.com.br/carajas/noticias/policia/938162/caso-jose-arthur-forca-tarefa-intensifica-buscas-com-drones-e-caes?d=1', 'https://dol.com.br/noticias/policia/938661/policia-mantem-buscas-por-bebe-desaparecido-no-para-e-amplia-investigacao?d=1', 'https://dol.com.br/noticias/para/938133/desespero-buscas-por-crianca-desaparecida-chegam-ao-5-dia?d=1', 'https://whatsapp.com/channel/0029Va9IlAw2v1J02cbfQ31H', 'https://t.me/dolnoticias', '/n/828815', '/tags/desaparecimento', '/tags/eldorado-dos-carajas', '/tags/investigacao', '/tags/policia-civil', '/tags/seguranca-infantil', '#modal_5', '#', '#', '/entretenimento/cinema/941967/roteiro-de-dark-horse-expoe-polemicas-politicas-de-bolsonaro', '/tuedoide/curiosidades/941966/foto-de-alien-de-taiwan-aparece-em-arquivos-dos-eua', '/tuedoide/curiosidades/941965/nova-especie-de-dinossauro-maior-que-o-t-rex-e-descoberta', '/noticias/te-cuida/941964/cardiologista-revela-8-frutas-que-baixam-a-pressao-arterial', '/noticias/brasil/941963/video-homem-e-arremessado-apos-ataque-de-boi-solto-em-rua']",https://dol.com.br/noticias/para/938870/pistas-apontam-para-sequestro-ou-trafico-humano-no-caso-do-menino-arthur
O que aconteceu nesta prisão do Pará emocionou até os agentes,2026-05-18 16:38:40,"terça-feira, 07/04/2026, 17:51-  Autor: DOL Carajás com informações de Dinho Santos, de Redenção",tagsEducação EJA RESSOCIALIZAÇÃO SEMANA SANTA Unidade Prisional,"['/themes/DOL/assets/img/camera-solid.svg', 'https://cdn.dol.com.br/img/inline/930000/767x0/eja1009386870.webp?fallback=https%3A%2F%2Fcdn.dol.com.br%2Fimg%2Finline%2F930000%2Feja1009386870.jpg%3Fxid%3D3224159%26resize%3D380%252C200%26t%3D1778866559&xid=3224159', '/themes/DOL/assets/img/envelope.svg', '/themes/DOL/assets/img/plus.svg']","['https://dol.com.br/carajas/noticias/policia/938569/prf-apreende-quase-uma-tonelada-de-cocaina-em-goianesia-do-para?utm_source=Facebook&utm_medium=referral&utm_campaign=Redes_Sociais&d=1', 'https://dol.com.br/carajas/noticias/policia/938658/dois-suspeitos-vao-a-obito-em-confronto-com-a-pm-em-tucurui?d=1&utm_campaign=Redes_Sociais&utm_medium=referral&utm_source=Facebook', 'https://dol.com.br/carajas/noticias/policia/938684/pm-prende-suspeito-de-trafico-com-quase-1-kg-de-cocaina?d=1&utm_source=Facebook&utm_medium=referral&utm_campaign=Redes_Sociais', 'https://whatsapp.com/channel/0029Va9IlAw2v1J02cbfQ31H', 'https://t.me/dolnoticias', '/n/828815', '/tags/educacao', '/tags/eja', '/tags/ressocializacao', '/tags/semana-santa', '/tags/unidade-prisional', '#modal_5', '#', '#']",https://dol.com.br/carajas/cidades/redencao/938687/o-que-aconteceu-nesta-prisao-do-para-emocionou-ate-os-agentes
"Salinas: Adolescente morre afogado no lago da ""Coca-Cola""",2026-05-18 16:38:41,"quarta-feira, 25/03/2026, 10:19- Atualizado 25/03/2026, 10:32-  Autor: Sales Coimbra",tagsAdolescente afogado AFOGAMENTO afogamento em salinas lago da Coca-Cola morte de adolescente Praia do Atalaia SALINAS SALINÓPOLIS tragédia,"['https://cdn.dol.com.br/img/Artigo-Destaque/930000/640x335/lagoa-da-coca-cola009375810-3.webp?fallback=https%3A%2F%2Fcdn.dol.com.br%2Fimg%2FArtigo-Destaque%2F930000%2Flagoa-da-coca-cola009375810.png%3Fxid%3D3217556&xid=3217556', '/themes/DOL/assets/img/camera-solid.svg', '/themes/DOL/assets/img/envelope.svg', '/themes/DOL/assets/img/plus.svg']","['https://dol.com.br/noticias/policia/937508/acao-prende-suspeitos-por-golpes-em-hospedagens-durante-a-cop30?d=1', 'https://dol.com.br/noticias/policia/937517/cabo-da-marinha-e-preso-por-trafico-humano-envolvendo-bebe-em-belem?d=1', 'https://dol.com.br/noticias/policia/937564/policia-incinera-mais-de-uma-tonelada-de-drogas-no-para?d=1', 'https://www.whatsapp.com/channel/0029Va9IlAw2v1J02cbfQ31H', 'https://whatsapp.com/channel/0029Va9IlAw2v1J02cbfQ31H', 'https://t.me/dolnoticias', '/n/828815', '/tags/adolescente', '/tags/afogado', '/tags/afogamento', '/tags/afogamento-em-salinas', '/tags/lago-da-coca-cola', '/tags/morte-de-adolescente', '/tags/praia-do-atalaia', '/tags/salinas', '/tags/salinopolis', '/tags/tragedia', '#modal_5', '#', '#', '/entretenimento/941913/pabllo-vittar-danca-rock-doido-e-se-declara-te-amo-belem', '/esporte/remo/941912/chapecoense-x-remo-escalacoes-arbitragem-e-onde-assistir', '/noticias/para/941911/dia-mundial-da-reciclagem-reforca-o-papel-dos-catadores-em-belem', '/carajas/esportes/aguia/941910/tuna-enfrenta-o-aguia-hoje-com-sabor-de-revanche-pela-serie-d', '/entretenimento/941909/grazi-massafera-relembra-separacao-de-caua-reymond-e-faz-desabafo']",https://dol.com.br/noticias/para/937581/salinas-adolescente-morre-afogado-no-lago-da-coca-cola
Criminosos furtam R$ 80 mil em produtos de loja em Santarém,2026-05-18 16:38:42,"terça-feira, 24/03/2026, 20:44-  Autor: Alexandre Nascimento",tagsfurto investigação Polícia SANTARÉM SEGURANÇA vigilância,"['https://cdn.dol.com.br/img/Artigo-Destaque/930000/640x335/crop331774394666009375450-3.webp?fallback=https%3A%2F%2Fcdn.dol.com.br%2Fimg%2FArtigo-Destaque%2F930000%2Fcrop331774394666009375450.jpg%3Fxid%3D3217329&xid=3217329', '/themes/DOL/assets/img/camera-solid.svg', '/themes/DOL/assets/img/envelope.svg', '/themes/DOL/assets/img/plus.svg']","['https://dol.com.br/tags/santarem?d=1', 'https://dol.com.br/noticias/policia/937517/cabo-da-marinha-e-preso-por-trafico-humano-envolvendo-bebe-em-belem?d=1', 'https://dol.com.br/noticias/policia/937508/acao-prende-suspeitos-por-golpes-em-hospedagens-durante-a-cop30?d=1', 'https://www.whatsapp.com/channel/0029Va9IlAw2v1J02cbfQ31H', 'https://whatsapp.com/channel/0029Va9IlAw2v1J02cbfQ31H', 'https://t.me/dolnoticias', '/n/828815', '/tags/furto', '/tags/investigacao', '/tags/policia', '/tags/santarem', '/tags/seguranca', '/tags/vigilancia', '#modal_5', '#', '#', '/entretenimento/fama/941768/post-de-ze-felipe-causa-burburinho-na-web-apos-termino-de-virginia-e-vini-jr', '/noticias/para/941767/moradores-de-ananindeua-denunciam-aumento-abusivo-do-iptu', '/noticias/para/941766/homens-invadem-propriedade-no-moju-para-executar-funcionario', '/esporte/mundo/941765/paraenses-melquizael-e-polyana-lideram-brasil-no-ufc-vegas-117', '/noticias/para/941764/supermercado-lider-registra-carne-moida-de-r-4-mil-e-causa-indignacao-em-belem']",https://dol.com.br/noticias/santarem/937545/criminosos-furtam-r-80-mil-em-produtos-de-loja-em-santarem
"Cabo da Marinha é preso por tráfico humano envolvendo bebê, em Belém",2026-05-18 16:38:43,"terça-feira, 24/03/2026, 14:30-  Autor: Júlia Marques - Fonte: PCPA",tagsadoção ilegal Direitos da Criança FALSIFICAÇÃO DE DOCUMENTOS Investigações polícia civil do pará tráfico humano,"['https://cdn.dol.com.br/img/Artigo-Destaque/930000/640x335/crop301774372513009375170-3.webp?fallback=https%3A%2F%2Fcdn.dol.com.br%2Fimg%2FArtigo-Destaque%2F930000%2Fcrop301774372513009375170.jpg%3Fxid%3D3217111&xid=3217111', '/themes/DOL/assets/img/camera-solid.svg', '/themes/DOL/assets/img/envelope.svg', '/themes/DOL/assets/img/plus.svg']","['https://dol.com.br/noticias/policia/937508/acao-prende-suspeitos-por-golpes-em-hospedagens-durante-a-cop30?d=1', 'https://dol.com.br/noticias/policia/937501/video-neto-tenta-abusar-da-avo-de-87-anos-e-e-preso-no-para?d=1', 'https://dol.com.br/noticias/policia/937481/dentro-do-carro-e-voltando-da-academia-homens-sao-mortos-em-belem?d=1', 'https://www.whatsapp.com/channel/0029Va9IlAw2v1J02cbfQ31H', 'https://whatsapp.com/channel/0029Va9IlAw2v1J02cbfQ31H', 'https://t.me/dolnoticias', '/n/828815', '/tags/adocao-ilegal', '/tags/direitos-da-crianca', '/tags/falsificacao-de-documentos', '/tags/investigacoes', '/tags/policia-civil-do-para', '/tags/trafico-humano', '#modal_5', '#', '#', '/noticias/para/942016/vigilia-de-pentecostes-2026-celebracao-dos-120-anos-da-arquidiocese-de-belem', '/esporte/mundo/942015/carvajal-encerra-ciclo-lendario-no-real-madrid-veja-os-numeros', '/esporte/mundo/942014/yamal-desfalca-espanha-em-estreia-na-copa-e-e-duvida-para-2-jogo', '/esporte/paysandu/942013/kleiton-pego-e-expulso-por-tentar-enganar-o-arbitro-diz-sumula', '/noticias/para/942012/apreensao-de-357-quilos-de-drogas-em-operacao-fluvial-no-amazonas']",https://dol.com.br/noticias/policia/937517/cabo-da-marinha-e-preso-por-trafico-humano-envolvendo-bebe-em-belem
Preso por estupro coletivo usa camisa com mensagem subliminar,2026-05-18 16:38:44,"segunda-feira, 09/03/2026, 23:31-  Autor: Alexandre Nascimento - Fonte: CNN Brasil",tagscultura do estupro ESTUPRO COLETIVO Impunidade e Direitos Humanos justiça brasileira Movimentos Misóginos violência de gênero,"['https://cdn.dol.com.br/img/Artigo-Destaque/930000/640x335/crop331773109113009364240-3.webp?fallback=https%3A%2F%2Fcdn.dol.com.br%2Fimg%2FArtigo-Destaque%2F930000%2Fcrop331773109113009364240.jpg%3Fxid%3D3210398&xid=3210398', '/themes/DOL/assets/img/camera-solid.svg', '/themes/DOL/assets/img/envelope.svg', '/themes/DOL/assets/img/plus.svg']","['https://dol.com.br/noticias/brasil/935882/jovem-de-17-anos-e-vitima-de-estupro-coletivo-em-copacabana?d=1', 'http://dol.com.br/tags/misoginia', 'https://dol.com.br/noticias/brasil/936372/jovens-ironizam-estupro-coletivo-a-mae-de-alguem-teve-que-chorar?d=1', 'https://dol.com.br/noticias/mundo-noticias/850435/policia-da-india-procura-mais-4-por-estupro-de-brasileira?d=1', 'https://dol.com.br/noticias/brasil/797752/red-pill-entenda-termo-usado-por-coach-que-ameacou-atriz?d=1', 'https://www.whatsapp.com/channel/0029Va9IlAw2v1J02cbfQ31H', 'https://dol.com.br/noticias/brasil/935986/reus-por-estupro-coletivo-tinham-modus-operandi-para-agir?d=1', 'https://whatsapp.com/channel/0029Va9IlAw2v1J02cbfQ31H', 'https://t.me/dolnoticias', '/n/828815', '/tags/cultura-do-estupro', '/tags/estupro-coletivo', '/tags/impunidade-e-direitos-humanos', '/tags/justica-brasileira', '/tags/movimentos-misoginos', '/tags/violencia-de-genero', '#modal_5', '#', '#', '/esporte/paysandu/941829/sem-caio-mello-confira-os-relacionados-do-paysandu-contra-o-caxias', '/noticias/tecnologia/941828/whatsapp-aprimora-recurso-de-mensagens-temporarias', '/noticias/brasil/941827/governo-libera-saque-do-fgts-para-10-milhoes-veja-quem-recebe', '/entretenimento/cinema/941826/professor-volta-em-novo-teaser-da-continuacao-de-la-casa-de-papel', '/noticias/brasil/941825/samsung-busca-projetos-criativos-de-estudantes-da-rede-publica']",https://dol.com.br/noticias/brasil/936424/preso-por-estupro-coletivo-usa-camisa-com-mensagem-subliminar
Tráfico na Ásia: Brasileiros são resgatados de regime escravo,2026-05-18 16:38:45,"quarta-feira, 25/02/2026, 13:01-  Autor: Dol Carajas - Fonte: Metrópoles",tagsgolpes no exterior repatriação Segurança no Trabalho TECNOLOGIA TRABALHO ESCRAVO tráfico humano,"['/themes/DOL/assets/img/camera-solid.svg', '/themes/DOL/assets/img/envelope.svg', '/themes/DOL/assets/img/plus.svg']","['https://dol.com.br/carajas/noticias/policia/935462/operacao-desarticula-esquema-de-furtos-de-motos?d=1', 'https://dol.com.br/carajas/noticias/policia/935454/motorista-e-preso-apos-acidente-que-matou-familia-indigena?d=1', 'https://dol.com.br/carajas/noticias/policia/935454/motorista-e-preso-apos-acidente-que-matou-familia-indigena?d=1', 'https://whatsapp.com/channel/0029Va9IlAw2v1J02cbfQ31H', 'https://t.me/dolnoticias', '/n/828815', '/tags/golpes-no-exterior', '/tags/repatriacao', '/tags/seguranca-no-trabalho', '/tags/tecnologia', '/tags/trabalho-escravo', '/tags/trafico-humano', '#modal_5', '#', '#']",https://dol.com.br/carajas/noticias/935475/trafico-na-asia-brasileiros-sao-resgatados-de-regime-escravo
Pegadinha de Silvio Santos estava nos arquivos de Epstein,2026-05-18 16:38:46,"sábado, 07/02/2026, 10:09- Atualizado 07/02/2026, 10:23-  Autor: Gustavo Dutra - Fonte: Veja",tagsburocracia Celebridades documentos secretos Investigações criminais jeffrey epstein tráfico humano,"['https://cdn.dol.com.br/img/Artigo-Destaque/930000/640x335/silvio-santos_00934145_0_-3.webp?fallback=https%3A%2F%2Fcdn.dol.com.br%2Fimg%2FArtigo-Destaque%2F930000%2Fsilvio-santos_00934145_0_.jpg%3Fxid%3D3196835&xid=3196835', '/themes/DOL/assets/img/camera-solid.svg', '/themes/DOL/assets/img/envelope.svg', '/themes/DOL/assets/img/plus.svg']","['https://dol.com.br/entretenimento/fama/934104/e-mail-de-epstein-diz-que-mulheres-do-norte-do-brasil-sao-as-mais-feias-do-mundo?d=1', 'https://dol.com.br/noticias/brasil/933984/quem-e-a-ex-modelo-brasileira-citada-no-caso-epstein?d=1https://dol.com.br/noticias/brasil/933984/quem-e-a-ex-modelo-brasileira-citada-no-caso-epstein?d=1', 'https://whatsapp.com/channel/0029Va9IlAw2v1J02cbfQ31H', 'https://t.me/dolnoticias', '/n/828815', '/tags/burocracia', '/tags/celebridades', '/tags/documentos-secretos', '/tags/investigacoes-criminais', '/tags/jeffrey-epstein', '/tags/trafico-humano', '#modal_5', '#', '#', '/esporte/paysandu/941802/paysandu-x-nacional-horario-alterado-e-lote-inicial-de-ingressos-esgotado', '/noticias/para/941801/prefeitura-prorroga-inscricao-para-editais-da-lei-aldir-blanc', '/noticias/para/941800/arraias-transportadas-em-sacos-plasticos-sao-resgatadas-em-castanhal-no-para', '/esporte/remo/941799/victor-bueno-projeta-evolucao-e-ve-remo-mais-cascudo-na-temporada', '/entretenimento/941798/modelo-revela-conversa-antes-do-termino-de-virginia-e-vini-jr']",https://dol.com.br/entretenimento/fama/934145/pegadinha-de-silvio-santos-estava-nos-arquivos-de-epstein
"Após morte de Irmã Henriqueta, Instituto Dom Azcona anuncia nova direção",2026-05-18 16:38:47,"sexta-feira, 23/01/2026, 15:23-  Autor: Júlia Marques - Fonte: Assessoria",tagsDIREITOS HUMANOS Instituto Dom Azcona Irmã Henriqueta MARAJÓ violência contra mulheres VULNERABILIDADE SOCIAL,"['https://cdn.dol.com.br/img/Artigo-Destaque/930000/640x335/Design-sem-nome-38_00933032_0_-3.webp?fallback=https%3A%2F%2Fcdn.dol.com.br%2Fimg%2FArtigo-Destaque%2F930000%2FDesign-sem-nome-38_00933032_0_.png%3Fxid%3D3190115&xid=3190115', '/themes/DOL/assets/img/camera-solid.svg', '/themes/DOL/assets/img/envelope.svg', '/themes/DOL/assets/img/plus.svg']","['https://dol.com.br/noticias/para/932056/morre-irma-henriqueta-referencia-dos-direitos-humanos-na-amazonia?d=1', 'https://dol.com.br/noticias/para/932128/velorio-de-irma-henriqueta-e-realizado-na-alepa?d=1', 'https://dol.com.br/noticias/para/932777/o-que-acontece-com-as-faculdades-de-medicina-do-para-que-foram-mal-no-enamed-2025?d=1', 'https://www.whatsapp.com/channel/0029Va9IlAw2v1J02cbfQ31H', 'https://whatsapp.com/channel/0029Va9IlAw2v1J02cbfQ31H', 'https://t.me/dolnoticias', '/n/828815', '/tags/direitos-humanos', '/tags/instituto-dom-azcona', '/tags/irma-henriqueta', '/tags/marajo', '/tags/violencia-contra-mulheres', '/tags/vulnerabilidade-social', '#modal_5', '#', '#', '/noticias/para/942020/pc-investiga-ligacao-entre-piloto-desaparecido-e-morte-de-empresario', '/colunistas/brenda-hayashi/942019/verao-chegando-acompanhe-a-rotina-e-dicas-de-arianny-baia', '/noticias/para/942018/acusado-de-matar-irmaos-da-familia-tenorio-vai-a-juri-popular-em-belem', '/noticias/para/942017/ossada-humana-e-encontrada-em-mata-no-marajo', '/noticias/para/942016/vigilia-de-pentecostes-2026-celebracao-dos-120-anos-da-arquidiocese-de-belem']",https://dol.com.br/noticias/para/933032/apos-morte-de-irma-henriqueta-instituto-dom-azcona-anuncia-nova-direcao
PF e MPT combatem trabalho escravo em operações no sudoeste do Pará,2026-05-18 16:38:49,"sexta-feira, 23/01/2026, 09:56-  Autor: Lucas Quirino - Fonte: Polícia Federal",tagsAMAZÔNIA Direitos Trabalhistas Ministério Público do Trabalho Operação Libertas POLÍCIA FEDERAL TRABALHO ESCRAVO,"['https://cdn.dol.com.br/img/Artigo-Destaque/930000/640x335/3a6dc6e9-c261-4746-a72c-0fe96237c2c7-768x432-2026-_00933006_0_-3.webp?fallback=https%3A%2F%2Fcdn.dol.com.br%2Fimg%2FArtigo-Destaque%2F930000%2F3a6dc6e9-c261-4746-a72c-0fe96237c2c7-768x432-2026-_00933006_0_.jpg%3Fxid%3D3189967&xid=3189967', '/themes/DOL/assets/img/camera-solid.svg', '/themes/DOL/assets/img/envelope.svg', '/themes/DOL/assets/img/plus.svg']","['https://dol.com.br/entretenimento/fama/930028/hytalo-santos-e-denunciado-por-trafico-sexual-e-trabalho-escravo?d=1', 'https://dol.com.br/noticias/brasil/932659/banco-master-delegados-da-pf-criticam-atuacao-do-stf-no-inquerito?d=1', 'https://dol.com.br/carajas/entretenimento/932540/pf-consegue-extrair-dados-ate-de-celulares-desligados-veja?d=1', 'https://www.whatsapp.com/channel/0029Va9IlAw2v1J02cbfQ31H', 'https://whatsapp.com/channel/0029Va9IlAw2v1J02cbfQ31H', 'https://t.me/dolnoticias', '/n/828815', '/tags/amazonia', '/tags/direitos-trabalhistas', '/tags/ministerio-publico-do-trabalho', '/tags/operacao-libertas', '/tags/policia-federal', '/tags/trabalho-escravo', '#modal_5', '#', '#', '/entretenimento/cinema/941967/roteiro-de-dark-horse-expoe-polemicas-politicas-de-bolsonaro', '/tuedoide/curiosidades/941966/foto-de-alien-de-taiwan-aparece-em-arquivos-dos-eua', '/tuedoide/curiosidades/941965/nova-especie-de-dinossauro-maior-que-o-t-rex-e-descoberta', '/noticias/te-cuida/941964/cardiologista-revela-8-frutas-que-baixam-a-pressao-arterial', '/noticias/brasil/941963/video-homem-e-arremessado-apos-ataque-de-boi-solto-em-rua']",https://dol.com.br/noticias/policia/933006/pf-e-mpt-combatem-trabalho-escravo-em-operacoes-no-sudoeste-do-para
"Cães choram de emoção ao reencontrar tutores, diz estudo",2026-05-18 16:38:50,"quarta-feira, 07/01/2026, 18:37-  Autor: DOL Carajás - Fonte: Olhar Digital",tagsCães comportamento canino domesticação emoções animais ocitocina vínculo afetivo,"['/themes/DOL/assets/img/camera-solid.svg', '/themes/DOL/assets/img/envelope.svg', '/themes/DOL/assets/img/plus.svg']","['https://dol.com.br/carajas/noticias/policia/931784/trafico-nao-tem-vez-diz-delegado-apos-apreensao-em-maraba?d=1&utm_source=Facebook&utm_medium=referral&utm_campaign=Redes_Sociais', 'https://dol.com.br/carajas/noticias/policia/931816/apos-5-anos-policia-descobre-que-ex-mulher-matou-motorista?d=1&utm_source=Facebook&utm_medium=referral&utm_campaign=Redes_Sociais', 'https://dol.com.br/carajas/noticias/policia/931819/ataque-a-tiros-em-bar-no-sul-do-para-deixa-um-morto?d=1&utm_source=Facebook&utm_medium=referral&utm_campaign=Redes_Sociais', 'https://whatsapp.com/channel/0029Va9IlAw2v1J02cbfQ31H', 'https://t.me/dolnoticias', '/n/828815', '/tags/caes', '/tags/comportamento-canino', '/tags/domesticacao', '/tags/emocoes-animais', '/tags/ocitocina', '/tags/vinculo-afetivo', '#modal_5', '#', '#']",https://dol.com.br/carajas/noticias/mundo/931821/caes-choram-de-emocao-ao-reencontrar-tutores-diz-estudo
Filmes e séries: 6 produções para entender a crise entre EUA e Venezuela,2026-05-18 16:38:51,"domingo, 04/01/2026, 14:46-  Autor: Sales Coimbra - Fonte: Metrópoles",tagsCinema crise Estados Unidos EUA política Séries de TV VENEZUELA,"['https://cdn.dol.com.br/img/Artigo-Destaque/930000/640x335/79b1f945-venezuela2-1_00931571_0_-3.webp?fallback=https%3A%2F%2Fcdn.dol.com.br%2Fimg%2FArtigo-Destaque%2F930000%2F79b1f945-venezuela2-1_00931571_0_.png%3Fxid%3D3180825&xid=3180825', '/themes/DOL/assets/img/camera-solid.svg', 'https://cdn.dol.com.br/img/inline/930000/767x0/9159811e-venezuela_00931571_0_.webp?fallback=https%3A%2F%2Fcdn.dol.com.br%2Fimg%2Finline%2F930000%2F9159811e-venezuela_00931571_0_.png%3Fxid%3D3180827%26resize%3D380%252C200%26t%3D1778904663&xid=3180827', '/themes/DOL/assets/img/envelope.svg', '/themes/DOL/assets/img/plus.svg']","['https://dol.com.br/entretenimento/cinema/931496/veja-o-que-esperar-do-cinema-brasileiro-em-2026?d=1', 'https://dol.com.br/entretenimento/cinema/931387/cinema-2026-veja-quais-sao-os-principais-lancamentos-do-ano?d=1', 'https://dol.com.br/entretenimento/cinema/931373/confira-os-lancamentos-do-mes-dos-streamings-em-janeiro?d=1', 'https://www.whatsapp.com/channel/0029Va4xYGk1dAw9LjYD7B2k', 'https://whatsapp.com/channel/0029Va9IlAw2v1J02cbfQ31H', 'https://t.me/dolnoticias', '/n/828815', '/tags/cinema', '/tags/crise', '/tags/estados-unidos', '/tags/eua', '/tags/politica', '/tags/series-de-tv', '/tags/venezuela', '#modal_5', '#', '#', '/esporte/paysandu/941829/sem-caio-mello-confira-os-relacionados-do-paysandu-contra-o-caxias', '/noticias/tecnologia/941828/whatsapp-aprimora-recurso-de-mensagens-temporarias', '/noticias/brasil/941827/governo-libera-saque-do-fgts-para-10-milhoes-veja-quem-recebe', '/entretenimento/cinema/941826/professor-volta-em-novo-teaser-da-continuacao-de-la-casa-de-papel', '/noticias/brasil/941825/samsung-busca-projetos-criativos-de-estudantes-da-rede-publica']",https://dol.com.br/entretenimento/cinema/931571/filmes-e-series-6-producoes-para-entender-a-crise-entre-eua-e-venezuela
Dedo decepado em cena de crime leva à prisão de suspeito,2026-05-18 16:38:52,"quinta-feira, 18/12/2025, 16:49-  Autor:  - Fonte: RBATV",tagsCRIME Homicídio investigação policial Perícia prisão SUSPEITOS,"['/themes/DOL/assets/img/camera-solid.svg', 'https://cdn.dol.com.br/img/inline/930000/767x0/DEDODURO2_00930477_0_.webp?fallback=https%3A%2F%2Fcdn.dol.com.br%2Fimg%2Finline%2F930000%2FDEDODURO2_00930477_0_.jpg%3Fxid%3D3174389%26resize%3D380%252C200%26t%3D1779085138&xid=3174389', 'https://cdn.dol.com.br/img/inline/930000/767x0/DEDODURO3_00930477_1_.webp?fallback=https%3A%2F%2Fcdn.dol.com.br%2Fimg%2Finline%2F930000%2FDEDODURO3_00930477_1_.jpg%3Fxid%3D3174390%26resize%3D380%252C200%26t%3D1779085138&xid=3174390', '/themes/DOL/assets/img/envelope.svg', '/themes/DOL/assets/img/plus.svg']","['https://dol.com.br/carajas/cidades/930369/diretora-de-hospital-e-principal-suspeita-de-matar-ex-companheiro?utm_source=Facebook&utm_medium=referral&utm_campaign=Redes_Sociais&d=1', 'https://dol.com.br/carajas/cidades/maraba/930393/justica-condena-prosegur-a-indenizar-moradores-por-assalto-em-maraba?d=1&utm_source=Facebook&utm_medium=referral&utm_campaign=Redes_Sociais', 'https://dol.com.br/carajas/noticias/policia/930400/filho-mata-pai-apos-ouvir-nao-para-emprestimo-de-veiculo-no-para?d=1&utm_campaign=Redes_Sociais&utm_medium=referral&utm_source=Facebook', 'https://whatsapp.com/channel/0029Va9IlAw2v1J02cbfQ31H', 'https://t.me/dolnoticias', '/n/828815', '/tags/crime', '/tags/homicidio', '/tags/investigacao-policial', '/tags/pericia', '/tags/prisao', '/tags/suspeitos', '#modal_5', '#', '#']",https://dol.com.br/carajas/noticias/policia/930477/dedo-decepado-em-cena-de-crime-leva-a-prisao-de-suspeito
Luiz Bacci detona fala de Luciano Huck sobre megaoperação no RJ,2026-05-18 16:38:53,"segunda-feira, 03/11/2025, 15:26-  Autor: Júlia Marques - Fonte: Portal iG",tagsLuciano Huck Luiz Bacci narrativa criminosa Operação Policial RIO DE JANEIRO Segurança Pública,"['https://cdn.dol.com.br/img/Artigo-Destaque/920000/640x335/imagem_otimizada---2025-11-03T145512221_00927513_0_-3.webp?fallback=https%3A%2F%2Fcdn.dol.com.br%2Fimg%2FArtigo-Destaque%2F920000%2Fimagem_otimizada---2025-11-03T145512221_00927513_0_.jpg%3Fxid%3D3152825&xid=3152825', '/themes/DOL/assets/img/camera-solid.svg', '/themes/DOL/assets/img/envelope.svg', '/themes/DOL/assets/img/plus.svg']","['https://dol.com.br/entretenimento/fama/912285/luiz-bacci-expoe-diretor-e-faz-denuncia-caso-muito-grave?d=1', 'https://dol.com.br/entretenimento/fama/927455/fatima-bernardes-vai-para-o-sbt-entenda-os-rumores?d=1', 'https://dol.com.br/noticias/brasil/927487/cameras-corporais-revelam-bastidores-da-megaoperacao-no-rio?_=amp', 'https://dol.com.br/entretenimento/fama/917556/luciano-huck-vaza-salario-milionario-para-apresentar-danca-dos-famosos?d=1', 'https://dol.com.br/entretenimento/fama/927131/quatro-apresentadores-da-globo-deixam-cargos-nesta-semana?d=1', 'https://dol.com.br/entretenimento/fama/927498/morre-lo-borges-icone-da-mpb-aos-73-anos?d=1', 'https://dol.com.br/entretenimento/fama/927491/como-filha-de-elize-matsunaga-soube-que-mae-esquartejou-pai?d=1', 'https://dol.com.br/entretenimento/fama/927489/ze-neto-e-cristiano-interrompem-show-em-portugal-apos-agressao?d=1', 'https://www.whatsapp.com/channel/0029Va4xYGk1dAw9LjYD7B2k', 'https://whatsapp.com/channel/0029Va9IlAw2v1J02cbfQ31H', 'https://t.me/dolnoticias', '/n/828815', '/tags/luciano-huck', '/tags/luiz-bacci', '/tags/narrativa-criminosa', '/tags/operacao-policial', '/tags/rio-de-janeiro', '/tags/seguranca-publica', '#modal_5', '#', '#', '/noticias/brasil/941775/burger-king-deixa-pepsi-e-fecha-parceria-com-coca-cola', '/entretenimento/fama/941774/leo-dias-mostra-mulheres-que-vini-jr-teria-escondido-de-virginia', '/esporte/941773/ronda-rousey-x-gina-carano-luta-historica-de-mma-neste-sabado-16', '/noticias/mundo-noticias/941772/pescador-e-mordido-ao-tentar-retirar-anzol-preso-em-tubarao', '/noticias/para/941771/prefeitura-de-belem-assina-servicos-para-pavimento-e-agua-em-cotijuba']",https://dol.com.br/entretenimento/fama/927513/luiz-bacci-detona-fala-de-luciano-huck-sobre-megaoperacao-no-rj
Nicolas Sarkozy: ex-presidente francês inicia cumprimento de pena,2026-05-18 16:38:54,"terça-feira, 21/10/2025, 16:22-  Autor: Lana Oliveira - Fonte: VEJA",tagsCaso Gaddafi JUSTIÇA Nicolas Sarkozy política francesa,"['https://cdn.dol.com.br/img/Artigo-Destaque/920000/640x335/95_00926536_0_-3.webp?fallback=https%3A%2F%2Fcdn.dol.com.br%2Fimg%2FArtigo-Destaque%2F920000%2F95_00926536_0_.jpg%3Fxid%3D3146063&xid=3146063', '/themes/DOL/assets/img/camera-solid.svg', '/themes/DOL/assets/img/envelope.svg', '/themes/DOL/assets/img/plus.svg']","['https://dol.com.br/noticias/mundo-noticias/926417/rodrigo-paz-e-eleito-presidente-da-bolivia-em-meio-a-crise-economica?d=1', 'https://dol.com.br/noticias/mundo-noticias/926165/o-que-significam-as-operacoes-secretas-da-cia-na-venezuela-entenda?d=1', 'https://www.whatsapp.com/channel/0029Va9IlAw2v1J02cbfQ31H', 'https://whatsapp.com/channel/0029Va9IlAw2v1J02cbfQ31H', 'https://t.me/dolnoticias', '/n/828815', '/tags/caso-gaddafi', '/tags/justica', '/tags/nicolas-sarkozy', '/tags/politica-francesa', '#modal_5', '#', '#', '/noticias/policia/941840/colombiano-e-morto-a-tiros-por-encapuzados-no-umarizal', '/colunistas/mauro-bonna/941839/loja-de-virginia-fonseca-explode-em-vendas-em-belem', '/noticias/te-cuida/941838/leite-faz-bem-ou-faz-mal-descubra-o-que-diz-a-ciencia', '/esporte/esporte-brasil/941837/adversaria-do-remo-chapecoense-nao-vence-ha-13-rodadas', '/entretenimento/fama/941836/vidente-preve-volta-de-virginia-fonseca-com-ze-felipe']",https://dol.com.br/noticias/mundo-noticias/926536/nicolas-sarkozy-ex-presidente-frances-inicia-cumprimento-de-pena
Modelo viaja a trabalho e morre vítima de tráfico de órgãos,2026-05-18 16:38:57,"sexta-feira, 17/10/2025, 22:59- Atualizado 17/10/2025, 23:24-  Autor: Lucas Contente",tagsBangkok fraude online SEQUESTRO trabalho forçado tráfico humano vítimas de crime,"['https://cdn.dol.com.br/img/Artigo-Destaque/920000/640x335/MATERIAS---2025-10-17T222922945_00926276_0_-3.webp?fallback=https%3A%2F%2Fcdn.dol.com.br%2Fimg%2FArtigo-Destaque%2F920000%2FMATERIAS---2025-10-17T222922945_00926276_0_.png%3Fxid%3D3144421&xid=3144421', '/themes/DOL/assets/img/camera-solid.svg', '/themes/DOL/assets/img/envelope.svg', '/themes/DOL/assets/img/plus.svg']","['https://dol.com.br/noticias/tecnologia/925989/chat-gpt-vai-liberar-recursos-eroticos-para-usuarios-veja-regras?d=1', 'https://dol.com.br/noticias/policia/926266/homem-e-assassinado-a-tiros-em-conveniencia-de-icoaraci?d=1', 'https://dol.com.br/noticias/para/926234/treinamento-para-cop-30-tera-vias-interditadas-sabado-18?d=1', 'https://www.whatsapp.com/channel/0029Va9IlAw2v1J02cbfQ31H', 'https://whatsapp.com/channel/0029Va9IlAw2v1J02cbfQ31H', 'https://t.me/dolnoticias', '/n/828815', '/tags/bangkok', '/tags/fraude-online', '/tags/sequestro', '/tags/trabalho-forcado', '/tags/trafico-humano', '/tags/vitimas-de-crime', '#modal_5', '#', '#', '/esporte/esporte-brasil/942036/acompanhe-ao-vivo-a-transmissao-da-convocacao-da-selecao-brasileira', '/noticias/para/942035/simulado-orienta-comunidades-de-barcarena-sobre-acidente-com-barragem', '/noticias/servico/942034/governo-do-para-anuncia-datas-dos-pagamentos-dos-servidores-publicos', '/entretenimento/942033/novo-visual-de-gusttavo-lima-vira-alvo-de-piadas-e-polemicas', '/noticias/brasil/942032/casa-propria-veja-renda-ideal-e-condicoes-para-financiar-imovel']",https://dol.com.br/noticias/mundo-noticias/926276/modelo-viaja-a-trabalho-e-morre-vitima-de-trafico-de-orgaos
Modelo atraída por falso emprego é morta e tem órgãos retirados,2026-05-18 16:39:00,"sexta-feira, 17/10/2025, 09:20-  Autor: Sales Coimbra - Fonte: Extra",tagsescrava sexual ex-The Voice falso emprego golpe do falso emprego modelo Morta tráfico de órgãos Vera Kravtsova,"['https://cdn.dol.com.br/img/Artigo-Destaque/920000/640x335/modelo-atraida-por-falso-emprego-e-morta-e-tem-org_00926204_0_-3.webp?fallback=https%3A%2F%2Fcdn.dol.com.br%2Fimg%2FArtigo-Destaque%2F920000%2Fmodelo-atraida-por-falso-emprego-e-morta-e-tem-org_00926204_0_.jpg%3Fxid%3D3143954&xid=3143954', '/themes/DOL/assets/img/camera-solid.svg', '/themes/DOL/assets/img/envelope.svg', '/themes/DOL/assets/img/plus.svg']","['https://dol.com.br/noticias/mundo-noticias/926165/o-que-significam-as-operacoes-secretas-da-cia-na-venezuela-entenda?d=1', 'https://dol.com.br/noticias/mundo-noticias/926092/trump-confirma-que-autorizou-cia-a-operar-na-venezuela?d=1', 'https://dol.com.br/noticias/mundo-noticias/926119/rei-charles-iii-se-reune-com-cacique-raoni-e-anitta-em-londres?d=1', 'https://www.whatsapp.com/channel/0029Va9IlAw2v1J02cbfQ31H', 'https://whatsapp.com/channel/0029Va9IlAw2v1J02cbfQ31H', 'https://t.me/dolnoticias', '/n/828815', '/tags/escrava-sexual', '/tags/ex-the-voice', '/tags/falso-emprego', '/tags/golpe-do-falso-emprego', '/tags/modelo', '/tags/morta', '/tags/trafico-de-orgaos', '/tags/vera-kravtsova', '#modal_5', '#', '#', '/esporte/esporte-brasil/942036/acompanhe-ao-vivo-a-transmissao-da-convocacao-da-selecao-brasileira', '/noticias/para/942035/simulado-orienta-comunidades-de-barcarena-sobre-acidente-com-barragem', '/noticias/servico/942034/governo-do-para-anuncia-datas-dos-pagamentos-dos-servidores-publicos', '/entretenimento/942033/novo-visual-de-gusttavo-lima-vira-alvo-de-piadas-e-polemicas', '/noticias/brasil/942032/casa-propria-veja-renda-ideal-e-condicoes-para-financiar-imovel']",https://dol.com.br/noticias/mundo-noticias/926204/modelo-atraida-por-falso-emprego-e-morta-e-tem-orgaos-retirados
"Daniel Noboa, presidente do Equador, é alvo de grave atentado",2026-05-18 16:39:01,"terça-feira, 07/10/2025, 20:49-  Autor: Tarik Duarte - Fonte: Isto É",tagsAtentado Daniel Noboa EQUADOR política Protestos,"['https://cdn.dol.com.br/img/Artigo-Destaque/920000/640x335/noboa_00925495_0_-3.webp?fallback=https%3A%2F%2Fcdn.dol.com.br%2Fimg%2FArtigo-Destaque%2F920000%2Fnoboa_00925495_0_.png%3Fxid%3D3133270&xid=3133270', '/themes/DOL/assets/img/camera-solid.svg', '/themes/DOL/assets/img/envelope.svg', '/themes/DOL/assets/img/plus.svg']","['https://dol.com.br/noticias/para/925479/carro-pega-fogo-em-avenida-movimentada-de-belem?d=1', 'https://dol.com.br/noticias/para/925477/funcionaria-de-empresa-de-coleta-de-lixo-e-atropelada-por-onibus-em-belem?d=1', 'https://whatsapp.com/channel/0029Va9IlAw2v1J02cbfQ31H', 'https://t.co/kEGmtA0e2f', 'https://twitter.com/eixopolitico/status/1975677187744276518?ref_src=twsrc%5Etfw', 'https://t.co/VJQIymtjwf', 'https://twitter.com/Presidencia_Ec/status/1975659377240523162?ref_src=twsrc%5Etfw', 'https://whatsapp.com/channel/0029Va9IlAw2v1J02cbfQ31H', 'https://t.me/dolnoticias', '/n/828815', '/tags/atentado', '/tags/daniel-noboa', '/tags/equador', '/tags/politica', '/tags/protestos', '#modal_5', '#', '#', '/entretenimento/cinema/941967/roteiro-de-dark-horse-expoe-polemicas-politicas-de-bolsonaro', '/tuedoide/curiosidades/941966/foto-de-alien-de-taiwan-aparece-em-arquivos-dos-eua', '/tuedoide/curiosidades/941965/nova-especie-de-dinossauro-maior-que-o-t-rex-e-descoberta', '/noticias/te-cuida/941964/cardiologista-revela-8-frutas-que-baixam-a-pressao-arterial', '/noticias/brasil/941963/video-homem-e-arremessado-apos-ataque-de-boi-solto-em-rua']",https://dol.com.br/noticias/mundo-noticias/925495/daniel-noboa-presidente-do-equador-e-alvo-de-grave-atentado
Diddy é condenado a 4 anos de prisão por crimes relacionados a prostituição,2026-05-18 16:39:05,"sexta-feira, 03/10/2025, 18:52-  Autor: Laura Vasconcelos - Fonte: Folhapress",tagsCelebridades crimes sexuais Diddy julgamento internacional,"['https://cdn.dol.com.br/img/Artigo-Destaque/920000/640x335/imagem_otimizada---2025-10-03T184105414_00925197_0_-3.webp?fallback=https%3A%2F%2Fcdn.dol.com.br%2Fimg%2FArtigo-Destaque%2F920000%2Fimagem_otimizada---2025-10-03T184105414_00925197_0_.jpg%3Fxid%3D3131364&xid=3131364', '/themes/DOL/assets/img/camera-solid.svg', '/themes/DOL/assets/img/envelope.svg', '/themes/DOL/assets/img/plus.svg']","['https://dol.com.br/entretenimento/fama/913646/diddy-prisao-em-condicoes-barbaras-com-larvas-na-comida?d=1', 'https://dol.com.br/entretenimento/fama/913361/promotora-critica-diddy-antes-de-veredito-nao-e-um-deus?d=1', 'https://www.whatsapp.com/channel/0029Va4xYGk1dAw9LjYD7B2k', 'https://whatsapp.com/channel/0029Va9IlAw2v1J02cbfQ31H', 'https://t.me/dolnoticias', '/n/828815', '/tags/celebridades', '/tags/crimes-sexuais', '/tags/diddy', '/tags/julgamento-internacional', '#modal_5', '#', '#', '/esporte/esporte-brasil/942036/acompanhe-ao-vivo-a-transmissao-da-convocacao-da-selecao-brasileira', '/noticias/para/942035/simulado-orienta-comunidades-de-barcarena-sobre-acidente-com-barragem', '/noticias/servico/942034/governo-do-para-anuncia-datas-dos-pagamentos-dos-servidores-publicos', '/entretenimento/942033/novo-visual-de-gusttavo-lima-vira-alvo-de-piadas-e-polemicas', '/noticias/brasil/942032/casa-propria-veja-renda-ideal-e-condicoes-para-financiar-imovel']",https://dol.com.br/entretenimento/fama/925197/diddy-e-condenado-a-4-anos-de-prisao-por-crimes-relacionados-a-prostituicao
"Poliana diz que ""adotou"" adolescente para brincar com Zé Felipe",2026-05-18 16:39:09,"quinta-feira, 02/10/2025, 08:22-  Autor: Anahi Martinho / Folhapress",tagsDireitos da Criança Polêmica Poliana Rocha REDETV Zé Felipe,"['https://cdn.dol.com.br/img/Artigo-Destaque/920000/640x335/Reflexao-e-Introspeccao-Marcam-o-8-de-Setembro-de-_00925055_0_-3.webp?fallback=https%3A%2F%2Fcdn.dol.com.br%2Fimg%2FArtigo-Destaque%2F920000%2FReflexao-e-Introspeccao-Marcam-o-8-de-Setembro-de-_00925055_0_.png%3Fxid%3D3130362&xid=3130362', '/themes/DOL/assets/img/camera-solid.svg', '/themes/DOL/assets/img/envelope.svg', '/themes/DOL/assets/img/plus.svg']","['https://dol.com.br/entretenimento/cultura/925051/lollapalooza-divulga-a-programacao-de-2026-confira?d=1', 'https://dol.com.br/entretenimento/fama/925049/influenciadora-fala-sobre-suposto-envolvimento-com-trafico-humano?d=1', 'https://www.whatsapp.com/channel/0029Va4xYGk1dAw9LjYD7B2k', 'https://whatsapp.com/channel/0029Va9IlAw2v1J02cbfQ31H', 'https://t.me/dolnoticias', '/n/828815', '/tags/direitos-da-crianca', '/tags/polemica', '/tags/poliana-rocha', '/tags/redetv', '/tags/ze-felipe', '#modal_5', '#', '#', '/esporte/esporte-brasil/942036/acompanhe-ao-vivo-a-transmissao-da-convocacao-da-selecao-brasileira', '/noticias/para/942035/simulado-orienta-comunidades-de-barcarena-sobre-acidente-com-barragem', '/noticias/servico/942034/governo-do-para-anuncia-datas-dos-pagamentos-dos-servidores-publicos', '/entretenimento/942033/novo-visual-de-gusttavo-lima-vira-alvo-de-piadas-e-polemicas', '/noticias/brasil/942032/casa-propria-veja-renda-ideal-e-condicoes-para-financiar-imovel']",https://dol.com.br/entretenimento/fama/925055/poliana-diz-que-adotou-adolescente-para-brincar-com-ze-felipe
Influenciadora fala sobre suposto envolvimento com tráfico humano,2026-05-18 16:39:10,"quinta-feira, 02/10/2025, 07:40-  Autor: Brenda Hayashi - Fonte: Metrópoles",tagsCatherine Bascoy INFLUENCIADORES RESPONSABILIDADE SOCIAL tráfico humano,"['https://cdn.dol.com.br/img/Artigo-Destaque/920000/640x335/Reflexao-e-Introspeccao-Marcam-o-8-de-Setembro-de-_00925049_0_-3.webp?fallback=https%3A%2F%2Fcdn.dol.com.br%2Fimg%2FArtigo-Destaque%2F920000%2FReflexao-e-Introspeccao-Marcam-o-8-de-Setembro-de-_00925049_0_.png%3Fxid%3D3130333&xid=3130333', '/themes/DOL/assets/img/camera-solid.svg', '/themes/DOL/assets/img/envelope.svg', '/themes/DOL/assets/img/plus.svg']","['https://dol.com.br/entretenimento/925044/quem-matou-odete-roitman-suspense-volta-a-cena-com-novo-culpado?d=1', 'https://dol.com.br/entretenimento/fama/925042/a-fazenda-producao-ameaca-expulsar-participantes-entenda?d=1', 'https://www.whatsapp.com/channel/0029Va4xYGk1dAw9LjYD7B2k', 'https://whatsapp.com/channel/0029Va9IlAw2v1J02cbfQ31H', 'https://t.me/dolnoticias', '/n/828815', '/tags/catherine-bascoy', '/tags/influenciadores', '/tags/responsabilidade-social', '/tags/trafico-humano', '#modal_5', '#', '#', '/entretenimento/cinema/941967/roteiro-de-dark-horse-expoe-polemicas-politicas-de-bolsonaro', '/tuedoide/curiosidades/941966/foto-de-alien-de-taiwan-aparece-em-arquivos-dos-eua', '/tuedoide/curiosidades/941965/nova-especie-de-dinossauro-maior-que-o-t-rex-e-descoberta', '/noticias/te-cuida/941964/cardiologista-revela-8-frutas-que-baixam-a-pressao-arterial', '/noticias/brasil/941963/video-homem-e-arremessado-apos-ataque-de-boi-solto-em-rua']",https://dol.com.br/entretenimento/fama/925049/influenciadora-fala-sobre-suposto-envolvimento-com-trafico-humano
"Influenciador aponta erro geográfico na série ""Pssica""",2026-05-18 16:39:13,"quinta-feira, 21/08/2025, 23:38-  Autor: Tarik Duarte",tagsCinema CULTURA erro geográfico NETFLIX Pssica SÉRIE,"['https://cdn.dol.com.br/img/Artigo-Destaque/920000/640x335/pssica_00920016_0_-3.webp?fallback=https%3A%2F%2Fcdn.dol.com.br%2Fimg%2FArtigo-Destaque%2F920000%2Fpssica_00920016_0_.png%3Fxid%3D3108388&xid=3108388', '/themes/DOL/assets/img/camera-solid.svg', '/themes/DOL/assets/img/envelope.svg', '/themes/DOL/assets/img/plus.svg']","['https://dol.com.br/entretenimento/cinema/919967/o-que-significa-pssica-nome-da-nova-serie-da-netflix?d=1', 'https://dol.com.br/entretenimento/cinema/862596/netflix-adapta-livro-do-paraense-edyr-augusto-em-minisserie?d=1', 'https://dol.com.br/entretenimento/cultura/917051/musica-paraense-embala-nova-serie-da-netflix-pssica?d=1', 'https://whatsapp.com/channel/0029Va4xYGk1dAw9LjYD7B2k', 'https://www.instagram.com/reel/DNoq4-iOofN/?utm_source=ig_embed&utm_campaign=loading', 'https://www.instagram.com/reel/DNoq4-iOofN/?utm_source=ig_embed&utm_campaign=loading', 'https://whatsapp.com/channel/0029Va9IlAw2v1J02cbfQ31H', 'https://t.me/dolnoticias', '/n/828815', '/tags/cinema', '/tags/cultura', '/tags/erro-geografico', '/tags/netflix', '/tags/pssica', '/tags/serie', '#modal_5', '#', '#', '/esporte/esporte-brasil/942036/acompanhe-ao-vivo-a-transmissao-da-convocacao-da-selecao-brasileira', '/noticias/para/942035/simulado-orienta-comunidades-de-barcarena-sobre-acidente-com-barragem', '/noticias/servico/942034/governo-do-para-anuncia-datas-dos-pagamentos-dos-servidores-publicos', '/entretenimento/942033/novo-visual-de-gusttavo-lima-vira-alvo-de-piadas-e-polemicas', '/noticias/brasil/942032/casa-propria-veja-renda-ideal-e-condicoes-para-financiar-imovel']",https://dol.com.br/entretenimento/cultura/920016/influenciador-aponta-erro-geografico-na-serie-pssica
"O que significa ""Pssica""? nome da nova série da Netflix",2026-05-18 16:39:14,"quinta-feira, 21/08/2025, 13:57-  Autor: Lucas Contente",tagscultura amazônica EXPLORAÇÃO SEXUAL minissérie brasileira NETFLIX Pssica TRÁFICO DE MULHERES,"['https://cdn.dol.com.br/img/Artigo-Destaque/910000/640x335/MATERIAS---2025-08-21T135017578_00919967_0_-3.webp?fallback=https%3A%2F%2Fcdn.dol.com.br%2Fimg%2FArtigo-Destaque%2F910000%2FMATERIAS---2025-08-21T135017578_00919967_0_.png%3Fxid%3D3108142&xid=3108142', '/themes/DOL/assets/img/camera-solid.svg', '/themes/DOL/assets/img/envelope.svg', '/themes/DOL/assets/img/plus.svg']","['https://dol.com.br/entretenimento/cinema/862596/netflix-adapta-livro-do-paraense-edyr-augusto-em-minisserie', 'https://dol.com.br/entretenimento/cultura/917051/musica-paraense-embala-nova-serie-da-netflix-pssica', 'https://dol.com.br/entretenimento/cultura/917051/musica-paraense-embala-nova-serie-da-netflix-pssica', 'https://www.whatsapp.com/channel/0029Va4xYGk1dAw9LjYD7B2k', 'https://whatsapp.com/channel/0029Va9IlAw2v1J02cbfQ31H', 'https://t.me/dolnoticias', '/n/828815', '/tags/cultura-amazonica', '/tags/exploracao-sexual', '/tags/minisserie-brasileira', '/tags/netflix', '/tags/pssica', '/tags/trafico-de-mulheres', '#modal_5', '#', '#', '/noticias/para/941833/parque-ariri-mobiliza-populacao-em-defesa-do-meio-ambiente', '/concursos/municipais/941832/prefeitura-de-obidos-abre-selecao-com-45-vagas-salarios-de-r-3242', '/noticias/brasil/941831/pec-61-preve-adocao-imediata-da-escala-52', '/noticias/brasil/941830/saiba-como-simular-a-renegociacao-da-sua-divida-com-o-novo-desenrola', '/esporte/paysandu/941829/sem-caio-mello-confira-os-relacionados-do-paysandu-contra-o-caxias']",https://dol.com.br/entretenimento/cinema/919967/o-que-significa-pssica-nome-da-nova-serie-da-netflix
Hytalo Santos e marido vão para centro de detenção superlotado,2026-05-18 16:39:15,"terça-feira, 19/08/2025, 10:21-  Autor: Lucas Quirino - Fonte: Metrópoles",tagsCrimes DIREITOS HUMANOS Hytalo Santos JUSTIÇA Notícias,"['https://cdn.dol.com.br/img/Artigo-Destaque/910000/640x335/WhatsApp-Image-2025-08-19-at-084604-1200x675-2025-_00919666_0_-3.webp?fallback=https%3A%2F%2Fcdn.dol.com.br%2Fimg%2FArtigo-Destaque%2F910000%2FWhatsApp-Image-2025-08-19-at-084604-1200x675-2025-_00919666_0_.jpg%3Fxid%3D3106736&xid=3106736', '/themes/DOL/assets/img/camera-solid.svg', '/themes/DOL/assets/img/envelope.svg', '/themes/DOL/assets/img/plus.svg']","['https://dol.com.br/entretenimento/fama/919376/hytalo-santos-frequentava-baile-do-cv-com-chefes-do-trafico?d=1', 'https://dol.com.br/noticias/brasil/919423/felca-anda-de-carro-blindado-apos-denunciar-exploracao-infantil?d=1', 'https://dol.com.br/entretenimento/fama/919199/influenciador-hytalo-santos-e-marido-planejavam-fuga-diz-policia?d=1', 'https://www.whatsapp.com/channel/0029Va9IlAw2v1J02cbfQ31H', 'https://whatsapp.com/channel/0029Va9IlAw2v1J02cbfQ31H', 'https://t.me/dolnoticias', '/n/828815', '/tags/crimes', '/tags/direitos-humanos', '/tags/hytalo-santos', '/tags/justica', '/tags/noticias', '#modal_5', '#', '#', '/esporte/paysandu/941829/sem-caio-mello-confira-os-relacionados-do-paysandu-contra-o-caxias', '/noticias/tecnologia/941828/whatsapp-aprimora-recurso-de-mensagens-temporarias', '/noticias/brasil/941827/governo-libera-saque-do-fgts-para-10-milhoes-veja-quem-recebe', '/entretenimento/cinema/941826/professor-volta-em-novo-teaser-da-continuacao-de-la-casa-de-papel', '/noticias/brasil/941825/samsung-busca-projetos-criativos-de-estudantes-da-rede-publica']",https://dol.com.br/noticias/brasil/919666/hytalo-santos-e-marido-vao-para-centro-de-detencao-superlotado
Lady Gaga assina contrato e voltará ao Brasil em 2026; veja quando,2026-05-18 16:39:19,"sexta-feira, 15/08/2025, 22:54-  Autor: Com informações do Portal Leo Dias",tagsimpacto cultural Lady Gaga MÚSICA show em Copacabana The Mayhem Ball turnê mundial,"['https://cdn.dol.com.br/img/Artigo-Destaque/910000/640x335/divulgacao_00919229_0_-3.webp?fallback=https%3A%2F%2Fcdn.dol.com.br%2Fimg%2FArtigo-Destaque%2F910000%2Fdivulgacao_00919229_0_.jpg%3Fxid%3D3104864&xid=3104864', '/themes/DOL/assets/img/camera-solid.svg', '/themes/DOL/assets/img/envelope.svg', '/themes/DOL/assets/img/plus.svg']","['https://dol.com.br/entretenimento/fama/919224/carolina-dieckmman-da-manga-ao-inves-de-bolo-no-aniversario-do-filho?d=1', 'https://dol.com.br/entretenimento/fama/919202/gaby-amarantos-posa-nua-e-questiona-elogios-era-feia-antes?d=1', 'https://dol.com.br/entretenimento/fama/919181/hytalo-santos-e-preso-por-suspeita-de-trafico-humano-e-exploracao-infantil?d=1', 'https://whatsapp.com/channel/0029Va9IlAw2v1J02cbfQ31H', 'https://t.me/dolnoticias', '/n/828815', '/tags/impacto-cultural', '/tags/lady-gaga', '/tags/musica', '/tags/show-em-copacabana', '/tags/the-mayhem-ball', '/tags/turne-mundial', '#modal_5', '#', '#', '/esporte/esporte-brasil/942036/acompanhe-ao-vivo-a-transmissao-da-convocacao-da-selecao-brasileira', '/noticias/para/942035/simulado-orienta-comunidades-de-barcarena-sobre-acidente-com-barragem', '/noticias/servico/942034/governo-do-para-anuncia-datas-dos-pagamentos-dos-servidores-publicos', '/entretenimento/942033/novo-visual-de-gusttavo-lima-vira-alvo-de-piadas-e-polemicas', '/noticias/brasil/942032/casa-propria-veja-renda-ideal-e-condicoes-para-financiar-imovel']",https://dol.com.br/entretenimento/fama/919229/lady-gaga-assina-contrato-e-voltara-ao-brasil-em-2026-veja-quando
"Influenciador Hytalo Santos e marido planejavam fuga, diz polícia",2026-05-18 16:39:22,"sexta-feira, 15/08/2025, 14:24-  Autor: Júlia Marques - Fonte: Metrópoles",tagsexploração sexual infantil Hytalo Santos Israel Natan Vicente polícia civil prisão tráfico humano,"['https://cdn.dol.com.br/img/Artigo-Destaque/910000/640x335/imagemotimizada---2025-08-15T140011952_00919199_0_-3.webp?fallback=https%3A%2F%2Fcdn.dol.com.br%2Fimg%2FArtigo-Destaque%2F910000%2Fimagemotimizada---2025-08-15T140011952_00919199_0_.jpg%3Fxid%3D3104711&xid=3104711', '/themes/DOL/assets/img/camera-solid.svg', '/themes/DOL/assets/img/envelope.svg', '/themes/DOL/assets/img/plus.svg']","['https://dol.com.br/entretenimento/fama/918898/justica-proibe-hytalo-santos-de-se-aproximar-de-menores?d=1', 'https://dol.com.br/entretenimento/fama/918762/hytalo-santos-pagava-casa-e-celular-para-familiares-de-adolescentes?d=1', 'https://dol.com.br/entretenimento/fama/919181/hytalo-santos-e-preso-por-suspeita-de-trafico-humano-e-exploracao-infantil?d=1', 'https://dol.com.br/entretenimento/fama/919037/hytalo-santos-se-pronuncia-pela-primeira-vez-apos-denuncias?d=1', 'https://dol.com.br/entretenimento/fama/919032/defesa-deixa-caso-e-hytalo-santos-pode-ser-preso-apos-buscas?d=1', 'https://dol.com.br/entretenimento/fama/918680/forca-tarefa-pede-a-justica-que-hytalo-santos-perca-acesso-as-redes?d=1', 'https://dol.com.br/entretenimento/fama/918823/video-de-felca-inspirou-32-projetos-na-camara-dos-deputados?d=1', 'https://whatsapp.com/channel/0029Va9IlAw2v1J02cbfQ31H', 'https://t.me/dolnoticias', '/n/828815', '/tags/exploracao-sexual-infantil', '/tags/hytalo-santos', '/tags/israel-natan-vicente', '/tags/policia-civil', '/tags/prisao', '/tags/trafico-humano', '#modal_5', '#', '#', '/esporte/esporte-brasil/942036/acompanhe-ao-vivo-a-transmissao-da-convocacao-da-selecao-brasileira', '/noticias/para/942035/simulado-orienta-comunidades-de-barcarena-sobre-acidente-com-barragem', '/noticias/servico/942034/governo-do-para-anuncia-datas-dos-pagamentos-dos-servidores-publicos', '/entretenimento/942033/novo-visual-de-gusttavo-lima-vira-alvo-de-piadas-e-polemicas', '/noticias/brasil/942032/casa-propria-veja-renda-ideal-e-condicoes-para-financiar-imovel']",https://dol.com.br/entretenimento/fama/919199/influenciador-hytalo-santos-e-marido-planejavam-fuga-diz-policia
Bruna Marquezine é flagrada de biquíni em praia do Rio; veja fotos,2026-05-18 16:39:23,"sexta-feira, 15/08/2025, 10:48-  Autor: Júlia Marques - Fonte: QUEM",tagsBruna Marquezine Danilo Mesquita entretenimento brasileiro festa de aniversário praia de São Conrado rumores de romance,"['https://cdn.dol.com.br/img/Artigo-Destaque/910000/640x335/imagemotimizada---2025-08-15T100609875_00919183_0_-3.webp?fallback=https%3A%2F%2Fcdn.dol.com.br%2Fimg%2FArtigo-Destaque%2F910000%2Fimagemotimizada---2025-08-15T100609875_00919183_0_.jpg%3Fxid%3D3104586&xid=3104586', '/themes/DOL/assets/img/camera-solid.svg', 'https://cdn.dol.com.br/img/inline/910000/767x0/bruna-marquezine-15_00919183_0_.webp?fallback=https%3A%2F%2Fcdn.dol.com.br%2Fimg%2Finline%2F910000%2Fbruna-marquezine-15_00919183_0_.jpg%3Fxid%3D3104588%26resize%3D380%252C200%26t%3D1778926952&xid=3104588', 'https://cdn.dol.com.br/img/inline/910000/767x0/WhatsApp-Image-2025-08-15-at-102623-3_00919183_1_.webp?fallback=https%3A%2F%2Fcdn.dol.com.br%2Fimg%2Finline%2F910000%2FWhatsApp-Image-2025-08-15-at-102623-3_00919183_1_.jpg%3Fxid%3D3104589%26resize%3D380%252C200%26t%3D1778926952&xid=3104589', 'https://cdn.dol.com.br/img/inline/910000/767x0/WhatsApp-Image-2025-08-15-at-102623-2_00919183_2_.webp?fallback=https%3A%2F%2Fcdn.dol.com.br%2Fimg%2Finline%2F910000%2FWhatsApp-Image-2025-08-15-at-102623-2_00919183_2_.jpg%3Fxid%3D3104590%26resize%3D380%252C200%26t%3D1778926952&xid=3104590', 'https://cdn.dol.com.br/img/inline/910000/767x0/WhatsApp-Image-2025-08-15-at-102623-1_00919183_3_.webp?fallback=https%3A%2F%2Fcdn.dol.com.br%2Fimg%2Finline%2F910000%2FWhatsApp-Image-2025-08-15-at-102623-1_00919183_3_.jpg%3Fxid%3D3104591%26resize%3D380%252C200%26t%3D1778926952&xid=3104591', 'https://cdn.dol.com.br/img/inline/910000/767x0/WhatsApp-Image-2025-08-15-at-102623_00919183_4_.webp?fallback=https%3A%2F%2Fcdn.dol.com.br%2Fimg%2Finline%2F910000%2FWhatsApp-Image-2025-08-15-at-102623_00919183_4_.jpg%3Fxid%3D3104592%26resize%3D380%252C200%26t%3D1778926952&xid=3104592', '/themes/DOL/assets/img/envelope.svg', '/themes/DOL/assets/img/plus.svg']","['https://dol.com.br/entretenimento/fama/918791/marquezine-e-danilo-mesquita-sao-alvo-de-rumores-de-relacionamento?d=1', 'https://dol.com.br/entretenimento/fama/917834/bruna-marquezine-celebra-30-anos-e-recebe-homenagens-de-famosos?d=1', 'https://dol.com.br/entretenimento/fama/919070/ney-matogrosso-ignora-fas-em-evento-no-rio-de-janeiro?d=1', 'https://dol.com.br/entretenimento/fama?d=1', 'https://dol.com.br/entretenimento/fama/918542/vestido-bege-de-giovanna-ewbank-rouba-a-cena-em-renovacao-de-votos?d=1', 'https://dol.com.br/entretenimento/fama/919181/hytalo-santos-e-preso-por-suspeita-de-trafico-humano-e-exploracao-infantil?d=1', 'https://dol.com.br/entretenimento/fama/919177/cantora-sertaneja-luna-alves-morre-horas-depois-de-show-aos-39-anos?d=1', 'https://dol.com.br/entretenimento/fama/919111/apos-transplante-faustao-deve-deixar-uti-nos-proximos-dias?d=1', 'https://dol.com.br/entretenimento/fama/902642/danilo-gentili-afirma-que-queria-denunciar-otavio-mesquita-a-policia?d=1', 'https://www.whatsapp.com/channel/0029Va4xYGk1dAw9LjYD7B2k', 'https://whatsapp.com/channel/0029Va9IlAw2v1J02cbfQ31H', 'https://t.me/dolnoticias', '/n/828815', '/tags/bruna-marquezine', '/tags/danilo-mesquita', '/tags/entretenimento-brasileiro', '/tags/festa-de-aniversario', '/tags/praia-de-sao-conrado', '/tags/rumores-de-romance', '#modal_5', '#', '#', '/esporte/paysandu/941829/sem-caio-mello-confira-os-relacionados-do-paysandu-contra-o-caxias', '/noticias/tecnologia/941828/whatsapp-aprimora-recurso-de-mensagens-temporarias', '/noticias/brasil/941827/governo-libera-saque-do-fgts-para-10-milhoes-veja-quem-recebe', '/entretenimento/cinema/941826/professor-volta-em-novo-teaser-da-continuacao-de-la-casa-de-papel', '/noticias/brasil/941825/samsung-busca-projetos-criativos-de-estudantes-da-rede-publica']",https://dol.com.br/entretenimento/fama/919183/bruna-marquezine-e-flagrada-de-biquini-em-praia-do-rio-veja-fotos
Hytalo Santos é preso por suspeita de tráfico humano e exploração infantil,2026-05-18 16:39:24,"sexta-feira, 15/08/2025, 10:06- Atualizado 15/08/2025, 10:46-  Autor: Mayra Monteiro",tagsexploração infantil Hytalo Santos influenciador digital prisão Redes Sociais tráfico humano,"['https://cdn.dol.com.br/img/Artigo-Destaque/910000/640x335/Hytalo-Santos-2_00919181_0_-3.webp?fallback=https%3A%2F%2Fcdn.dol.com.br%2Fimg%2FArtigo-Destaque%2F910000%2FHytalo-Santos-2_00919181_0_.jpg%3Fxid%3D3104582&xid=3104582', '/themes/DOL/assets/img/camera-solid.svg', '/themes/DOL/assets/img/envelope.svg', '/themes/DOL/assets/img/plus.svg']","['https://dol.com.br/carajas/noticias/brasil/919058/apos-denuncia-de-felca-hytalo-santos-se-pronuncia-pela-1-vez?d=1', 'https://www.whatsapp.com/channel/0029Va4xYGk1dAw9LjYD7B2k', 'https://whatsapp.com/channel/0029Va9IlAw2v1J02cbfQ31H', 'https://t.me/dolnoticias', '/n/828815', '/tags/exploracao-infantil', '/tags/hytalo-santos', '/tags/influenciador-digital', '/tags/prisao', '/tags/redes-sociais', '/tags/trafico-humano', '#modal_5', '#', '#', '/esporte/esporte-para/941915/tuna-luso-x-aguia-de-maraba-escalacoes-arbitragem-e-onde-assistir', '/carajas/esportes/aguia/941914/sem-kukri-contra-a-tuna-joia-do-aguia-fecha-com-coritiba', '/entretenimento/941913/pabllo-vittar-danca-rock-doido-e-se-declara-te-amo-belem', '/esporte/remo/941912/chapecoense-x-remo-escalacoes-arbitragem-e-onde-assistir', '/noticias/para/941911/dia-mundial-da-reciclagem-reforca-o-papel-dos-catadores-em-belem']",https://dol.com.br/entretenimento/fama/919181/hytalo-santos-e-preso-por-suspeita-de-trafico-humano-e-exploracao-infantil
Polícia resgata 160 mulheres vítimas de exploração sexual,2026-05-18 16:39:26,"terça-feira, 22/07/2025, 22:58-  Autor: Alexandre Nascimento - Fonte: UOL",tagsCRIME ORGANIZADO DIREITOS HUMANOS EXPLORAÇÃO SEXUAL megaoperação policial TRÁFICO DE PESSOAS vítimas de tráfico,"['https://cdn.dol.com.br/img/Artigo-Destaque/910000/640x335/Espanha_00916051_0_-3.webp?fallback=https%3A%2F%2Fcdn.dol.com.br%2Fimg%2FArtigo-Destaque%2F910000%2FEspanha_00916051_0_.jpg%3Fxid%3D3091947&xid=3091947', '/themes/DOL/assets/img/camera-solid.svg', '/themes/DOL/assets/img/envelope.svg', '/themes/DOL/assets/img/plus.svg']","['https://dol.com.br/tags/trafico-de-pessoas?d=1', 'https://dol.com.br/tags/cameras-de-seguranca?d=1', 'https://dol.com.br/carajas/noticias/mundo/914553/numero-de-brasileiros-traficados-para-atuar-em-bets-preocupa?d=1', 'https://dol.com.br/dolplay/jornalismo/914264/video-mulher-tenta-vender-proprio-filho-em-conceicao-do-araguaia?d=1', 'https://www.whatsapp.com/channel/0029Va9IlAw2v1J02cbfQ31H', 'https://twitter.com/policia?ref_src=twsrc%5Etfw', 'https://twitter.com/guardiacivil?ref_src=twsrc%5Etfw', 'https://t.co/UIxuTZA4eB', 'https://t.co/yxo6gdu2ZV', 'https://twitter.com/interiorgob/status/1947675434885279828?ref_src=twsrc%5Etfw', 'https://whatsapp.com/channel/0029Va9IlAw2v1J02cbfQ31H', 'https://t.me/dolnoticias', '/n/828815', '/tags/crime-organizado', '/tags/direitos-humanos', '/tags/exploracao-sexual', '/tags/megaoperacao-policial', '/tags/trafico-de-pessoas', '/tags/vitimas-de-trafico', '#modal_5', '#', '#', '/esporte/mundo/941902/ufc-confirma-retorno-de-conor-mcgregor-com-luta-marcada-contra-ex-rival', '/noticias/para/941901/idosa-morre-apos-ataque-de-jararaca-na-ilha-do-marajo', '/entretenimento/fama/941900/shakira-revela-pela-1-vez-drama-sobre-o-pai-antes-de-show-no-rio', '/entretenimento/fama/941899/morte-faz-atriz-de-o-diabo-veste-prada-se-afastar-do-namorado', '/esporte/esporte-brasil/941898/fluminense-vence-o-sao-paulo-por-2-a-1-pela-serie-a-do-brasileirao']",https://dol.com.br/noticias/mundo-noticias/916051/policia-resgata-160-mulheres-vitimas-de-exploracao-sexual
Número de brasileiros traficados para atuar em bets preocupa,2026-05-18 16:39:29,"sexta-feira, 11/07/2025, 10:02-  Autor: DOL Carajás - Fonte: Metrópoles",tagsapostas ilegais Exploração fraudes digitais Segurança Pública TRÁFICO DE PESSOAS,"['/themes/DOL/assets/img/camera-solid.svg', '/themes/DOL/assets/img/envelope.svg', '/themes/DOL/assets/img/plus.svg']","['https://dol.com.br/carajas/noticias/tecnologia/914141/voce-dividiria-seu-parceiro-com-uma-inteligencia-artificial?d=1&utm_source=canaiswhatsapp&utm_medium=referral&utm_campaign=DOL', 'https://dol.com.br/carajas/noticias/tecnologia/912944/chatgpt-pode-comprometer-aprendizado-aponta-pesquisa?d=1&utm_source=canaiswhatsapp&utm_medium=referral&utm_campaign=DOL', 'https://dol.com.br/carajas/noticias/brasil/912364/nova-modalidade-de-golpe-virtual-deixa-usuarios-em-alerta?d=1&utm_source=canaiswhatsapp&utm_medium=referral&utm_campaign=DOL', 'https://www.metropoles.com/colunas/fabio-serapiao/numero-de-brasileiros-traficados-para-atuar-em-bets-cresce-diz-mj', 'https://whatsapp.com/channel/0029Va9IlAw2v1J02cbfQ31H', 'https://t.me/dolnoticias', '/n/828815', '/tags/apostas-ilegais', '/tags/exploracao', '/tags/fraudes-digitais', '/tags/seguranca-publica', '/tags/trafico-de-pessoas', '#modal_5', '#', '#']",https://dol.com.br/carajas/noticias/mundo/914553/numero-de-brasileiros-traficados-para-atuar-em-bets-preocupa
CNJ Barrou Auxílio-Moradia a Juízes substitutos,2026-05-18 16:39:30,"quinta-feira, 10/07/2025, 10:21-  Autor: Leandro Mazzini com Carol Purificação e Alexandre Braz",tagsaeroportos do Brasil BOLSONARO itaipu Lula da Silva PARAGUAI violência na Bahia,"['https://cdn.dol.com.br/img/Artigo-Destaque/910000/640x335/CNJ-2_00914405_0_-3.webp?fallback=https%3A%2F%2Fcdn.dol.com.br%2Fimg%2FArtigo-Destaque%2F910000%2FCNJ-2_00914405_0_.jpg%3Fxid%3D3085126&xid=3085126', '/themes/DOL/assets/img/camera-solid.svg', '/themes/DOL/assets/img/envelope.svg', '/themes/DOL/assets/img/plus.svg']","['https://whatsapp.com/channel/0029Va9IlAw2v1J02cbfQ31H', 'https://t.me/dolnoticias', '/n/828815', '/tags/aeroportos-do-brasil', '/tags/bolsonaro', '/tags/itaipu', '/tags/lula-da-silva', '/tags/paraguai', '/tags/violencia-na-bahia', '#modal_5', '#', '#', '/entretenimento/cinema/941967/roteiro-de-dark-horse-expoe-polemicas-politicas-de-bolsonaro', '/tuedoide/curiosidades/941966/foto-de-alien-de-taiwan-aparece-em-arquivos-dos-eua', '/tuedoide/curiosidades/941965/nova-especie-de-dinossauro-maior-que-o-t-rex-e-descoberta', '/noticias/te-cuida/941964/cardiologista-revela-8-frutas-que-baixam-a-pressao-arterial', '/noticias/brasil/941963/video-homem-e-arremessado-apos-ataque-de-boi-solto-em-rua']",https://dol.com.br/colunistas/leandro-mazzini/914405/cnj-barrou-auxilio-moradia-a-juizes-substitutos
STF forma maioria para responsabilizar redes sociais por postagens ilegais,2026-05-18 16:39:33,"quinta-feira, 26/06/2025, 18:57- Atualizado 26/06/2025, 19:42-  Autor: Laura Vasconcelos - Fonte: Agência Brasil",tagsDIREITO legislação liberdade de expressão Redes Sociais STF,"['https://cdn.dol.com.br/img/Artigo-Destaque/910000/640x335/imagemotimizada---2025-06-26T184424435_00912557_0_-3.webp?fallback=https%3A%2F%2Fcdn.dol.com.br%2Fimg%2FArtigo-Destaque%2F910000%2Fimagemotimizada---2025-06-26T184424435_00912557_0_.jpg%3Fxid%3D3078219&xid=3078219', '/themes/DOL/assets/img/camera-solid.svg', '/themes/DOL/assets/img/envelope.svg', '/themes/DOL/assets/img/plus.svg']","['https://dol.com.br/noticias/brasil/910391/julgamento-sobre-responsabilizacao-das-redes-sociais-e-retomado?d=1', 'https://dol.com.br/noticias/brasil/884358/stf-julga-atuacao-das-redes-sociais-no-brasil?d=1', 'https://www.whatsapp.com/channel/0029Va9IlAw2v1J02cbfQ31H', 'https://whatsapp.com/channel/0029Va9IlAw2v1J02cbfQ31H', 'https://t.me/dolnoticias', '/n/828815', '/tags/direito', '/tags/legislacao', '/tags/liberdade-de-expressao', '/tags/redes-sociais', '/tags/stf', '#modal_5', '#', '#', '/esporte/esporte-brasil/942036/acompanhe-ao-vivo-a-transmissao-da-convocacao-da-selecao-brasileira', '/noticias/para/942035/simulado-orienta-comunidades-de-barcarena-sobre-acidente-com-barragem', '/noticias/servico/942034/governo-do-para-anuncia-datas-dos-pagamentos-dos-servidores-publicos', '/entretenimento/942033/novo-visual-de-gusttavo-lima-vira-alvo-de-piadas-e-polemicas', '/noticias/brasil/942032/casa-propria-veja-renda-ideal-e-condicoes-para-financiar-imovel']",https://dol.com.br/noticias/brasil/912557/stf-forma-maioria-para-responsabilizar-redes-sociais-por-postagens-ilegais
Helder propõe coalizão nacional contra o crime organizado,2026-05-18 16:39:34,"quinta-feira, 29/05/2025, 08:14-  Autor: Luiza Mello",tagsCoalizão Nacional CRIME ORGANIZADO Helder Barbalho PEC 18/25 Segurança Pública VIOLÊNCIA NO BRASIL,"['https://cdn.dol.com.br/img/Artigo-Destaque/900000/640x335/Helder-2_00908600_0_-3.webp?fallback=https%3A%2F%2Fcdn.dol.com.br%2Fimg%2FArtigo-Destaque%2F900000%2FHelder-2_00908600_0_.jpg%3Fxid%3D3062939&xid=3062939', '/themes/DOL/assets/img/camera-solid.svg', '/themes/DOL/assets/img/envelope.svg', '/themes/DOL/assets/img/plus.svg']","['https://dol.com.br/noticias/para/908432/estado-anuncia-r-413-milhoes-para-a-educacao?d=1', 'https://dol.com.br/noticias/para/839407/helder-propoe-cop-da-juventude-e-dos-movimentos-sociais?d=1', 'https://www.whatsapp.com/channel/0029Va9IlAw2v1J02cbfQ31H', 'https://whatsapp.com/channel/0029Va9IlAw2v1J02cbfQ31H', 'https://t.me/dolnoticias', '/n/828815', '/tags/coalizao-nacional', '/tags/crime-organizado', '/tags/helder-barbalho', '/tags/pec-1825', '/tags/seguranca-publica', '/tags/violencia-no-brasil', '#modal_5', '#', '#', '/noticias/gastronomia/941873/aprenda-a-fazer-pudim-de-pao-sem-leite-condensado', '/tuedoide/curiosidades/941872/descubra-para-que-seve-borra-usada-de-cafe-no-vaso-sanitario', '/esporte/paysandu/941871/cbf-veta-paysandu-x-floresta-em-castanhal-e-tuma-explica-motivo', '/noticias/brasil/941870/inss-realiza-mutirao-de-atendimento-neste-fim-de-semana', '/noticias/servico/941869/idosos-podem-ganhar-ate-r-1621-sem-ter-aposentadoria']",https://dol.com.br/noticias/para/908600/helder-propoe-coalizao-nacional-contra-o-crime-organizado
Polícia Federal investiga ataque a diretor de presídio no sul da Bahia,2026-05-18 16:39:37,"sexta-feira, 23/05/2025, 10:23-  Autor: Leandro Mazinho com equipes DF, SP e RJ",tagsBAHIA COLUNA ESPLANADA COLUNA LEANDRO MAZZINI COMANDO VERMELHO criminalidade LEANDRO MAZZINI Polícia Segurança Pública,"['https://cdn.dol.com.br/img/Artigo-Destaque/900000/640x335/Design-sem-nome---2025-05-23T095630491_00907796_0_-3.webp?fallback=https%3A%2F%2Fcdn.dol.com.br%2Fimg%2FArtigo-Destaque%2F900000%2FDesign-sem-nome---2025-05-23T095630491_00907796_0_.png%3Fxid%3D3060110&xid=3060110', '/themes/DOL/assets/img/camera-solid.svg', '/themes/DOL/assets/img/envelope.svg', '/themes/DOL/assets/img/plus.svg']","['https://whatsapp.com/channel/0029Va9IlAw2v1J02cbfQ31H', 'https://t.me/dolnoticias', '/n/828815', '/tags/bahia', '/tags/coluna-esplanada', '/tags/coluna-leandro-mazzini', '/tags/comando-vermelho', '/tags/criminalidade', '/tags/leandro-mazzini', '/tags/policia', '/tags/seguranca-publica', '#modal_5', '#', '#', '/esporte/esporte-brasil/942036/acompanhe-ao-vivo-a-transmissao-da-convocacao-da-selecao-brasileira', '/noticias/para/942035/simulado-orienta-comunidades-de-barcarena-sobre-acidente-com-barragem', '/noticias/servico/942034/governo-do-para-anuncia-datas-dos-pagamentos-dos-servidores-publicos', '/entretenimento/942033/novo-visual-de-gusttavo-lima-vira-alvo-de-piadas-e-polemicas', '/noticias/brasil/942032/casa-propria-veja-renda-ideal-e-condicoes-para-financiar-imovel']",https://dol.com.br/colunistas/leandro-mazzini/907796/policia-federal-investiga-ataque-a-diretor-de-presidio-no-sul-da-bahia
Calendário do 13º: veja quando cai o pagamento da 2ª parcela,2026-05-18 16:39:39,"segunda-feira, 05/05/2025, 09:33- Atualizado 05/05/2025, 09:35-  Autor: DOL Carajás / Com informações Diário do Pará",tags13º salário APOSENTADORIA benefícios INSS Pensionistas,"['/themes/DOL/assets/img/camera-solid.svg', '/themes/DOL/assets/img/envelope.svg', '/themes/DOL/assets/img/plus.svg']","['https://dol.com.br/carajas/noticias/brasil/904643/prf-alerta-para-golpe-com-site-falso-de-concurso-publico?d=1', 'https://dol.com.br/carajas/noticias/para/905003/isis-a-cadela-da-pm-que-fareja-o-trafico-na-amazonia?d=1&utm_source=canaiswhatsapp&utm_medium=referral&utm_campaign=DOL', 'https://dol.com.br/carajas/noticias/brasil/904498/enem-2025-mec-prorroga-prazo-de-isencao-ate-2-de-maio?d=1&utm_source=canaiswhatsapp&utm_medium=referral&utm_campaign=DOL', 'https://whatsapp.com/channel/0029Va9IlAw2v1J02cbfQ31H', 'https://t.me/dolnoticias', '/n/828815', '/tags/13-salario', '/tags/aposentadoria', '/tags/beneficios', '/tags/inss', '/tags/pensionistas', '#modal_5', '#', '#']",https://dol.com.br/carajas/noticias/brasil/905110/calendario-do-13-veja-quando-cai-o-pagamento-da-2-parcela
P.Diddy começa a ser julgado nos EUA e pode pegar prisão perpétua,2026-05-18 16:39:42,"segunda-feira, 05/05/2025, 08:57-  Autor: Brenda Hayashi - Fonte: Metrópoles",tagsENTRETENIMENTO Julgamento P.Diddy TRÁFICO SEXUAL violência de gênero,"['https://cdn.dol.com.br/img/Artigo-Destaque/900000/640x335/pdiddy_00905107_0_-3.webp?fallback=https%3A%2F%2Fcdn.dol.com.br%2Fimg%2FArtigo-Destaque%2F900000%2Fpdiddy_00905107_0_.jpg%3Fxid%3D3050109&xid=3050109', '/themes/DOL/assets/img/camera-solid.svg', '/themes/DOL/assets/img/envelope.svg', '/themes/DOL/assets/img/plus.svg']","['https://dol.com.br/entretenimento/fama/902326/saiba-como-esta-p-diddy-apos-8-meses-preso-por-abuso-sexual?d=1', 'https://dol.com.br/entretenimento/fama/904803/acusado-de-estupro-russell-brand-respondera-em-liberdade?d=1', 'https://dol.com.br/noticias/politica/904037/julgamento-da-prisao-de-collor-sera-retomado-na-segunda-28?d=1', 'https://dol.com.br/noticias/brasil/903527/oficial-de-justica-intima-bolsonaro-na-uti-para-julgamento?d=1', 'https://dol.com.br/entretenimento/fama/904203/defesa-de-diddy-alega-incapacidade-mental-do-rapper?d=1', 'https://www.whatsapp.com/channel/0029Va4xYGk1dAw9LjYD7B2k', 'https://whatsapp.com/channel/0029Va9IlAw2v1J02cbfQ31H', 'https://t.me/dolnoticias', '/n/828815', '/tags/entretenimento', '/tags/julgamento', '/tags/pdiddy', '/tags/trafico-sexual', '/tags/violencia-de-genero', '#modal_5', '#', '#', '/esporte/esporte-brasil/942036/acompanhe-ao-vivo-a-transmissao-da-convocacao-da-selecao-brasileira', '/noticias/para/942035/simulado-orienta-comunidades-de-barcarena-sobre-acidente-com-barragem', '/noticias/servico/942034/governo-do-para-anuncia-datas-dos-pagamentos-dos-servidores-publicos', '/entretenimento/942033/novo-visual-de-gusttavo-lima-vira-alvo-de-piadas-e-polemicas', '/noticias/brasil/942032/casa-propria-veja-renda-ideal-e-condicoes-para-financiar-imovel']",https://dol.com.br/entretenimento/fama/905107/pdiddy-comeca-a-ser-julgado-nos-eua-e-pode-pegar-prisao-perpetua
Van Damme é acusado de ter relações sexuais com mulheres traficadas,2026-05-18 16:39:43,"quarta-feira, 02/04/2025, 23:37-  Autor: Ana Cora Lima / Folhapress",tagsCelebridades DIREITOS HUMANOS Notícias tráfico humano Van Damme,"['https://cdn.dol.com.br/img/Artigo-Destaque/900000/640x335/FotoJet-1_00900775_0_-3.webp?fallback=https%3A%2F%2Fcdn.dol.com.br%2Fimg%2FArtigo-Destaque%2F900000%2FFotoJet-1_00900775_0_.jpg%3Fxid%3D3033721&xid=3033721', '/themes/DOL/assets/img/camera-solid.svg', '/themes/DOL/assets/img/envelope.svg', '/themes/DOL/assets/img/plus.svg']","['https://dol.com.br/entretenimento/fama/900768/ex-chiquititas-faz-revelacoes-bombasticas-dos-bastidores-do-sbt?d=1', 'https://dol.com.br/entretenimento/fama/900766/novo-namorado-de-jojo-todynho-elogia-cariucha-e-causa-climao?d=1', 'https://dol.com.br/entretenimento/fama/900762/preta-gil-e-internada-nas-vesperas-de-viagem-para-os-eua?d=1', 'https://www.whatsapp.com/channel/0029Va4xYGk1dAw9LjYD7B2k', 'https://whatsapp.com/channel/0029Va9IlAw2v1J02cbfQ31H', 'https://t.me/dolnoticias', '/n/828815', '/tags/celebridades', '/tags/direitos-humanos', '/tags/noticias', '/tags/trafico-humano', '/tags/van-damme', '#modal_5', '#', '#', '/noticias/para/941904/mangal-das-garcas-promove-oficina-para-criancas-neste-domingo-17', '/concursos/municipais/941903/pss-hemopa-penultimo-dia-para-se-inscrever-com-salarios-de-r-44-mil', '/esporte/mundo/941902/ufc-confirma-retorno-de-conor-mcgregor-com-luta-marcada-contra-ex-rival', '/noticias/para/941901/idosa-morre-apos-ataque-de-jararaca-na-ilha-do-marajo', '/entretenimento/fama/941900/shakira-revela-pela-1-vez-drama-sobre-o-pai-antes-de-show-no-rio']",https://dol.com.br/entretenimento/fama/900775/van-damme-e-acusado-de-ter-relacoes-sexuais-com-mulheres-traficadas
Musa do OnlyFans é encontrada com pernas e coluna quebradas,2026-05-18 16:39:46,"segunda-feira, 24/03/2025, 22:18-  Autor: Alexandre Nascimento - Fonte: Fama ao Minuto",tagsDesaparecimento DIREITOS HUMANOS EXPLORAÇÃO SEXUAL Maria Kovalchuk onlyfans segurança de influenciadoras,"['https://cdn.dol.com.br/img/Artigo-Destaque/890000/640x335/FotoJet_00899503_0_-3.webp?fallback=https%3A%2F%2Fcdn.dol.com.br%2Fimg%2FArtigo-Destaque%2F890000%2FFotoJet_00899503_0_.jpg%3Fxid%3D3028613&xid=3028613', '/themes/DOL/assets/img/camera-solid.svg', '/themes/DOL/assets/img/envelope.svg', '/themes/DOL/assets/img/plus.svg']","['https://dol.com.br/tags/dubai?d=1', 'https://dol.com.br/tags/musa-do-onlyfans?d=1', 'https://dol.com.br/entretenimento/fama/898854/veja-famosos-que-criaram-onlyfans-e-voce-talvez-nao-saiba?d=1', 'https://dol.com.br/entretenimento/fama/880503/ex-affair-de-cristiano-ronaldo-agita-a-web-com-foto-ousada?d=1', 'https://dol.com.br/entretenimento/fama/892968/musa-do-onlyfans-diz-que-jogador-pediu-orgia-com-22-homens?d=1', 'https://www.whatsapp.com/channel/0029Va4xYGk1dAw9LjYD7B2k', 'https://whatsapp.com/channel/0029Va9IlAw2v1J02cbfQ31H', 'https://t.me/dolnoticias', '/n/828815', '/tags/desaparecimento', '/tags/direitos-humanos', '/tags/exploracao-sexual', '/tags/maria-kovalchuk', '/tags/onlyfans', '/tags/seguranca-de-influenciadoras', '#modal_5', '#', '#', '/esporte/esporte-brasil/942036/acompanhe-ao-vivo-a-transmissao-da-convocacao-da-selecao-brasileira', '/noticias/para/942035/simulado-orienta-comunidades-de-barcarena-sobre-acidente-com-barragem', '/noticias/servico/942034/governo-do-para-anuncia-datas-dos-pagamentos-dos-servidores-publicos', '/entretenimento/942033/novo-visual-de-gusttavo-lima-vira-alvo-de-piadas-e-polemicas', '/noticias/brasil/942032/casa-propria-veja-renda-ideal-e-condicoes-para-financiar-imovel']",https://dol.com.br/entretenimento/fama/899503/musa-do-onlyfans-e-encontrada-com-pernas-e-coluna-quebradas
Morador encontra cadáver atrás de sua casa em Marituba,2026-05-18 16:39:49,"domingo, 23/03/2025, 17:35-  Autor: Redação DOL",tagsCRIME Marituba Notícias Polícia SEGURANÇA,"['https://cdn.dol.com.br/img/Artigo-Destaque/890000/640x335/109_00899347_0_-3.webp?fallback=https%3A%2F%2Fcdn.dol.com.br%2Fimg%2FArtigo-Destaque%2F890000%2F109_00899347_0_.jpg%3Fxid%3D3027987&xid=3027987', '/themes/DOL/assets/img/camera-solid.svg', '/themes/DOL/assets/img/envelope.svg', '/themes/DOL/assets/img/plus.svg']","['https://dol.com.br/noticias/para/899337/suspeito-e-flagrado-levando-cranio-humano-dentro-de-mochila-em-belem?d=1', 'https://dol.com.br/noticias/policia/899278/dono-de-bar-e-executado-em-ananindeua-durante-a-madrugada?d=1', 'https://www.whatsapp.com/channel/0029Va9IlAw2v1J02cbfQ31H', 'https://whatsapp.com/channel/0029Va9IlAw2v1J02cbfQ31H', 'https://t.me/dolnoticias', '/n/828815', '/tags/crime', '/tags/marituba', '/tags/noticias', '/tags/policia', '/tags/seguranca', '#modal_5', '#', '#', '/esporte/esporte-brasil/942036/acompanhe-ao-vivo-a-transmissao-da-convocacao-da-selecao-brasileira', '/noticias/para/942035/simulado-orienta-comunidades-de-barcarena-sobre-acidente-com-barragem', '/noticias/servico/942034/governo-do-para-anuncia-datas-dos-pagamentos-dos-servidores-publicos', '/entretenimento/942033/novo-visual-de-gusttavo-lima-vira-alvo-de-piadas-e-polemicas', '/noticias/brasil/942032/casa-propria-veja-renda-ideal-e-condicoes-para-financiar-imovel']",https://dol.com.br/noticias/policia/899347/morador-encontra-cadaver-atras-de-sua-casa-em-marituba
Segundo brasileiro é vítima de tráfico humano em Mianmar,2026-05-18 16:39:50,"sexta-feira, 20/12/2024, 16:59-  Autor: Letícia Corrêa - Fonte: SbtNews",tagsCibercriminosos Desaparecimento DIREITOS HUMANOS EXPLORAÇÃO SEXUAL trabalho forçado tráfico humano,"['https://cdn.dol.com.br/img/Artigo-Destaque/880000/640x335/imagemotimizada-25_00887515_0_-3.webp?fallback=https%3A%2F%2Fcdn.dol.com.br%2Fimg%2FArtigo-Destaque%2F880000%2Fimagemotimizada-25_00887515_0_.jpg%3Fxid%3D2979001&xid=2979001', '/themes/DOL/assets/img/camera-solid.svg', '/themes/DOL/assets/img/envelope.svg', '/themes/DOL/assets/img/plus.svg']","['https://dol.com.br/noticias/para/776578/guru-paraense-e-suspeita-de-trafico-humano-nos-eua-entenda?d=1', 'https://dol.com.br/entretenimento/fama/666687/nubia-oliiver-desabafa-sobre-esquema-de-trafico-de-pessoas?d=1', 'https://www.whatsapp.com/channel/0029Va9IlAw2v1J02cbfQ31H', 'https://dol.com.br/entretenimento/fama/656731/nubia-oliver-fala-sobre-acusacoes-de-aliciamento-enganada?d=1', 'https://whatsapp.com/channel/0029Va9IlAw2v1J02cbfQ31H', 'https://t.me/dolnoticias', '/n/828815', '/tags/cibercriminosos', '/tags/desaparecimento', '/tags/direitos-humanos', '/tags/exploracao-sexual', '/tags/trabalho-forcado', '/tags/trafico-humano', '#modal_5', '#', '#', '/noticias/para/941906/segup-apreende-drogas-escondidas-em-embarcacao-no-rio-amazonas', '/noticias/para/941905/operacao-desativa-sete-areas-de-garimpo-ilegal-na-divisa-do-para', '/noticias/para/941904/mangal-das-garcas-promove-oficina-para-criancas-neste-domingo-17', '/concursos/municipais/941903/pss-hemopa-penultimo-dia-para-se-inscrever-com-salarios-de-r-44-mil', '/esporte/mundo/941902/ufc-confirma-retorno-de-conor-mcgregor-com-luta-marcada-contra-ex-rival']",https://dol.com.br/noticias/mundo-noticias/887515/segundo-brasileiro-e-vitima-de-trafico-humano-em-mianmar
Declaração G20: pede trabalho decente e soberania alimentar,2026-05-18 16:39:51,"sábado, 16/11/2024, 14:48-  Autor: Mayra Monteiro - Fonte: Agência Brasil",tagscombate à pobreza G20 Social governança global Mudanças Climáticas participação social SUSTENTABILIDADE,"['https://cdn.dol.com.br/img/Artigo-Destaque/880000/640x335/G20-2_00883019_0_-3.webp?fallback=https%3A%2F%2Fcdn.dol.com.br%2Fimg%2FArtigo-Destaque%2F880000%2FG20-2_00883019_0_.jpg%3Fxid%3D2959446&xid=2959446', '/themes/DOL/assets/img/camera-solid.svg', '/themes/DOL/assets/img/envelope.svg', '/themes/DOL/assets/img/plus.svg']","['https://dol.com.br/noticias/para/881302/g20-em-belem-propostas-de-paises-convidados-sao-divulgadas?d=1', 'https://dol.com.br/noticias/brasil/882848/ativista-diz-que-g20-rejeita-questoes-de-genero-e-raca?d=1', 'https://www.whatsapp.com/channel/0029Va9IlAw2v1J02cbfQ31H', 'https://whatsapp.com/channel/0029Va9IlAw2v1J02cbfQ31H', 'https://t.me/dolnoticias', '/n/828815', '/tags/combate-a-pobreza', '/tags/g20-social', '/tags/governanca-global', '/tags/mudancas-climaticas', '/tags/participacao-social', '/tags/sustentabilidade', '#modal_5', '#', '#', '/noticias/para/942031/jarbas-vasconcelos-toma-posse-como-socio-efetivo-do-ihgp-em-belem', '/entretenimento/fama/942030/sheila-mello-posa-nua-em-banheira-e-tatuagem-chama-atencao', '/noticias/para/942029/prefeitura-avalia-estrutura-para-reparos-apos-queda-de-ponte-em-icoaraci', '/entretenimento/942028/vinicius-junior-faz-publicacao-para-virginia-apos-fim-do-relacionamento', '/noticias/espiritualidade/942027/saiba-quais-signos-entram-na-mare-de-sorte-antes-da-virada-do-mes']",https://dol.com.br/noticias/brasil/883019/declaracao-g20-pede-trabalho-decente-e-soberania-alimentar
HPV e câncer de garganta: o risco do sexo oral desprotegido,2026-05-18 16:39:52,"segunda-feira, 21/10/2024, 18:51-  Autor: DOL Carajás / Com informação do Metrópoles",tagsCÂNCER HPV PREVENÇÃO SAÚDE PÚBLICA VACINAÇÃO,"['/themes/DOL/assets/img/camera-solid.svg', '/themes/DOL/assets/img/envelope.svg', '/themes/DOL/assets/img/plus.svg']","['https://dol.com.br/carajas/noticias/mundo/874242/descubra-qual-tipo-de-profissao-mais-deixa-pessoas-infelizes?d=1', 'https://dol.com.br/carajas/cidades/maraba/879826/mulher-e-presa-sob-suspeita-de-trafico-de-drogas-em-maraba?d=1', 'https://dol.com.br/carajas/entretenimento/879242/tres-penis-conheca-o-caso-inacreditavel?d=1', 'https://whatsapp.com/channel/0029Va9IlAw2v1J02cbfQ31H', 'https://t.me/dolnoticias', '/n/828815', '/tags/cancer', '/tags/hpv', '/tags/prevencao', '/tags/saude-publica', '/tags/vacinacao', '#modal_5', '#', '#']",https://dol.com.br/carajas/noticias/mundo/879831/hpv-e-cancer-de-garganta-o-risco-do-sexo-oral-desprotegido
Comércio de escravizados joga luzes sobre a história do Pará,2026-05-18 16:39:54,"quinta-feira, 19/09/2024, 18:21- Atualizado 20/09/2024, 10:20-  Autor: Anderson Araújo",tagscomércio de escravizados David Farias ESCRAVIDÃO HISTÓRIA pará,"['https://cdn.dol.com.br/img/Artigo-Destaque/870000/640x335/Igarape-miri_00875886_0_-3.webp?fallback=https%3A%2F%2Fcdn.dol.com.br%2Fimg%2FArtigo-Destaque%2F870000%2FIgarape-miri_00875886_0_.jpg%3Fxid%3D2930435&xid=2930435', '/themes/DOL/assets/img/camera-solid.svg', 'https://cdn.dol.com.br/img/inline/870000/767x0/Capa-do-Democrata_00875886_0_.webp?fallback=https%3A%2F%2Fcdn.dol.com.br%2Fimg%2Finline%2F870000%2FCapa-do-Democrata_00875886_0_.jpg%3Fxid%3D2930437%26resize%3D380%252C200%26t%3D1779124868&xid=2930437', 'https://cdn.dol.com.br/img/inline/870000/767x0/WhatsApp-Image-2024-09-17-at-160941_00875886_1_.webp?fallback=https%3A%2F%2Fcdn.dol.com.br%2Fimg%2Finline%2F870000%2FWhatsApp-Image-2024-09-17-at-160941_00875886_1_.jpg%3Fxid%3D2930438%26resize%3D380%252C200%26t%3D1779124868&xid=2930438', 'https://cdn.dol.com.br/img/inline/870000/767x0/15868875b8083-d997-88f6-776e-44150cc4cd72_00875886_2_.webp?fallback=https%3A%2F%2Fcdn.dol.com.br%2Fimg%2Finline%2F870000%2F15868875b8083-d997-88f6-776e-44150cc4cd72_00875886_2_.jpg%3Fxid%3D2930439%26resize%3D380%252C200%26t%3D1779124868&xid=2930439', 'https://cdn.dol.com.br/img/inline/870000/767x0/WhatsApp-Image-2024-09-19-at-173639_00875886_3_.webp?fallback=https%3A%2F%2Fcdn.dol.com.br%2Fimg%2Finline%2F870000%2FWhatsApp-Image-2024-09-19-at-173639_00875886_3_.jpg%3Fxid%3D2930440%26resize%3D380%252C200%26t%3D1779124868&xid=2930440', 'https://cdn.dol.com.br/img/inline/870000/767x0/Escritura-de-venda-do-escravo-Lourenco-que-faz-o-L_00875886_4_.webp?fallback=https%3A%2F%2Fcdn.dol.com.br%2Fimg%2Finline%2F870000%2FEscritura-de-venda-do-escravo-Lourenco-que-faz-o-L_00875886_4_.jpg%3Fxid%3D2930441%26resize%3D380%252C200%26t%3D1779124868&xid=2930441', 'https://cdn.dol.com.br/img/inline/870000/767x0/WhatsApp-Image-2024-09-19-at-195049_00875886_5_.webp?fallback=https%3A%2F%2Fcdn.dol.com.br%2Fimg%2Finline%2F870000%2FWhatsApp-Image-2024-09-19-at-195049_00875886_5_.jpg%3Fxid%3D2930442%26resize%3D380%252C200%26t%3D1779124868&xid=2930442', 'https://cdn.dol.com.br/img/inline/870000/767x0/WhatsApp-Image-2024-09-17-at-154851_00875886_5_.webp?fallback=https%3A%2F%2Fcdn.dol.com.br%2Fimg%2Finline%2F870000%2FWhatsApp-Image-2024-09-17-at-154851_00875886_5_.jpg%3Fxid%3D2930443%26resize%3D380%252C200%26t%3D1779124868&xid=2930443', 'https://cdn.dol.com.br/img/inline/870000/767x0/WhatsApp-Image-2024-09-17-at-160939_00875886_6_.webp?fallback=https%3A%2F%2Fcdn.dol.com.br%2Fimg%2Finline%2F870000%2FWhatsApp-Image-2024-09-17-at-160939_00875886_6_.jpg%3Fxid%3D2930444%26resize%3D380%252C200%26t%3D1779124868&xid=2930444', 'https://cdn.dol.com.br/img/inline/870000/767x0/Anuncio-de-fuga_00875886_7_.webp?fallback=https%3A%2F%2Fcdn.dol.com.br%2Fimg%2Finline%2F870000%2FAnuncio-de-fuga_00875886_7_.jpg%3Fxid%3D2930445%26resize%3D380%252C200%26t%3D1779124868&xid=2930445', 'https://cdn.dol.com.br/img/inline/870000/767x0/WhatsApp-Image-2024-09-17-at-154851-1_00875886_8_.webp?fallback=https%3A%2F%2Fcdn.dol.com.br%2Fimg%2Finline%2F870000%2FWhatsApp-Image-2024-09-17-at-154851-1_00875886_8_.jpg%3Fxid%3D2930446%26resize%3D380%252C200%26t%3D1779124868&xid=2930446', '/themes/DOL/assets/img/quote-icon-left.svg', '/themes/DOL/assets/img/quote-icon.svg', 'https://cdn.dol.com.br/img/inline/870000/767x0/WhatsApp-Image-2024-09-17-at-160940_00875886_9_.webp?fallback=https%3A%2F%2Fcdn.dol.com.br%2Fimg%2Finline%2F870000%2FWhatsApp-Image-2024-09-17-at-160940_00875886_9_.jpg%3Fxid%3D2930447%26resize%3D380%252C200%26t%3D1779124869&xid=2930447', 'https://cdn.dol.com.br/img/inline/860000/767x0/Rodape-Banner-1280x300-DOL-14-anos_00862024_6_.webp?fallback=https%3A%2F%2Fcdn.dol.com.br%2Fimg%2Finline%2F860000%2FRodape-Banner-1280x300-DOL-14-anos_00862024_6_.jpg%3Fxid%3D2930448%26resize%3D380%252C200%26t%3D1779124869&xid=2930448', '/themes/DOL/assets/img/envelope.svg', '/themes/DOL/assets/img/plus.svg']","['https://memoria.bn.gov.br/DocReader/docmulti.aspx?bib=periodicosPA&pesq=&pesquisa=Pesquisar', 'https://brasilescola.uol.com.br/datas-comemorativas/dia-abolicao-escravatura.htm', 'https://dol.com.br/tags/igarape-miri?d=1', 'https://www.planalto.gov.br/ccivil_03/leis/l9455.htm', 'https://dol.com.br/noticias/para/844002/lauro-sodre-entra-para-o-livro-dos-herois-da-patria?d=1', 'https://dol.com.br/noticias/para/687339/os-negros-paraenses-que-lutaram-contra-a-escravidao?d=1', 'https://dol.com.br/entretenimento/cultura/871882/paraense-lanca-livro-sobre-o-comercio-de-escravos-no-para?d=1', 'https://dol.com.br/noticias/brasil/noticia-318702-comissao-da-verdade-sobre-escravidao-e-criada.html?d=1', 'https://ufpa.br/', 'http://lattes.cnpq.br/8278339273215473', 'https://www.facebook.com/editoracabana/posts/pfbid0NsU4iDQCzsAz8jqD7SgUynqaEsBRGoGmD19Un1WZi54XXaF5j69VmfTfB9qzTYPXl', 'https://dol.com.br/tags/prefeitura-de-cameta?d=1', 'https://dol.com.br/tags/abaetetuba?d=1', 'https://dol.com.br/tags/moju?d=1', 'https://dol.com.br/noticias/para/noticia-247264-baiao-e-belem-fazem-procissao-para-santo-antonio.html?d=1', 'https://dol.com.br/tags/mocajuba?d=1', 'https://dol.com.br/tags/baixo-tocantins?d=1', 'https://dol.com.br/tags/ver-o-peso?d=1', 'https://www.geledes.org.br/rotas-da-escravidao/#:~:text=As%20quatro%20principais%20rotas%20dos,sobas%20africanos%20para%20esse%20fim.', 'https://maps.app.goo.gl/f9PS3Jea93Lc6JeE7', 'https://www.youtube.com/watch?v=x39bAav2lno', 'https://pt.wikipedia.org/wiki/Paulo_Andr%C3%A9_Barata', 'https://pt.wikipedia.org/wiki/Rui_Barata', 'https://editorarealize.com.br/artigo/visualizar/51773', 'https://dol.com.br/noticias/agropara/786910/ciclo-da-borracha-urbanizou-belem-saiba-mais?d=1', 'https://brasilescola.uol.com.br/historiab/lei-dos-sexagenarios.htm#:~:text=A%20Lei%20dos%20Sexagen%C3%A1rios%20foi,60%20anos%20seriam%20considerados%20livres.', 'https://dol.com.br/colunistas/anderson-araujo?d=1', 'https://whatsapp.com/channel/0029Va9IlAw2v1J02cbfQ31H', 'https://t.me/dolnoticias', '/n/828815', '/tags/comercio-de-escravizados', '/tags/david-farias', '/tags/escravidao', '/tags/historia', '/tags/para', '#modal_5', '#', '#', '/colunistas/brenda-hayashi/942019/verao-chegando-acompanhe-a-rotina-e-dicas-de-arianny-baia', '/noticias/para/942018/acusado-de-matar-irmaos-da-familia-tenorio-vai-a-juri-popular-em-belem', '/noticias/para/942017/ossada-humana-e-encontrada-em-mata-no-marajo', '/noticias/para/942016/vigilia-de-pentecostes-2026-celebracao-dos-120-anos-da-arquidiocese-de-belem', '/esporte/mundo/942015/carvajal-encerra-ciclo-lendario-no-real-madrid-veja-os-numeros']",https://dol.com.br/especiais/875886/comercio-de-escravizados-joga-luzes-sobre-a-historia-do-para
Jovem é condenada a prisão por matar estuprador nos EUA,2026-05-18 16:39:55,"quarta-feira, 21/08/2024, 10:29-  Autor: Lua Araújo - Fonte: BBC",tagsDIREITOS HUMANOS JUSTIÇA tráfico humano violência sexual,"['https://cdn.dol.com.br/img/Artigo-Destaque/870000/640x335/imagemotimizada-16_00872102_0_-3.webp?fallback=https%3A%2F%2Fcdn.dol.com.br%2Fimg%2FArtigo-Destaque%2F870000%2Fimagemotimizada-16_00872102_0_.jpg%3Fxid%3D2914453&xid=2914453', '/themes/DOL/assets/img/camera-solid.svg', '/themes/DOL/assets/img/envelope.svg', '/themes/DOL/assets/img/plus.svg']","['https://dol.com.br/tags/trafico-sexual?d=1', 'https://dol.com.br/tags/legitima-defesa?d=1', 'https://dol.com.br/noticias/mundo-noticias/872034/medicos-que-defendem-ivermectina-contra-covid-perdem-licenca?d=1', 'https://dol.com.br/noticias/mundo-noticias/871883/o-que-causou-grande-incendio-no-aeroporto-de-lisboa-saiba?d=1', 'https://dol.com.br/noticias/mundo-noticias/871790/convencao-e-chance-de-kamala-harris-ganhar-vantagem?d=1', 'https://www.whatsapp.com/channel/0029Va9IlAw2v1J02cbfQ31H', 'https://whatsapp.com/channel/0029Va9IlAw2v1J02cbfQ31H', 'https://t.me/dolnoticias', '/n/828815', '/tags/direitos-humanos', '/tags/justica', '/tags/trafico-humano', '/tags/violencia-sexual', '#modal_5', '#', '#', '/entretenimento/fama/941768/post-de-ze-felipe-causa-burburinho-na-web-apos-termino-de-virginia-e-vini-jr', '/noticias/para/941767/moradores-de-ananindeua-denunciam-aumento-abusivo-do-iptu', '/noticias/para/941766/homens-invadem-propriedade-no-moju-para-executar-funcionario', '/esporte/mundo/941765/paraenses-melquizael-e-polyana-lideram-brasil-no-ufc-vegas-117', '/noticias/para/941764/supermercado-lider-registra-carne-moida-de-r-4-mil-e-causa-indignacao-em-belem']",https://dol.com.br/noticias/mundo-noticias/872102/jovem-e-condenada-a-prisao-por-matar-estuprador-nos-eua
Passageiro recusa comida e é preso com 1kg de ouro no ânus,2026-05-18 16:39:56,"segunda-feira, 29/07/2024, 12:25- Atualizado 29/07/2024, 15:19-  Autor: Thayná Coelho - Fonte: Folhapress",tagsAir India CONTRABANDO Delhi OURO segurança aeroportuária,"['https://cdn.dol.com.br/img/Artigo-Destaque/860000/640x335/imagemotimizada-6_00869233_0_-3.webp?fallback=https%3A%2F%2Fcdn.dol.com.br%2Fimg%2FArtigo-Destaque%2F860000%2Fimagemotimizada-6_00869233_0_.jpg%3Fxid%3D2903285&xid=2903285', '/themes/DOL/assets/img/camera-solid.svg', '/themes/DOL/assets/img/envelope.svg', '/themes/DOL/assets/img/plus.svg']","['https://dol.com.br/noticias/mundo-noticias/869223/policia-detem-suspeito-de-ataque-a-rede-de-trens-na-franca?d=1', 'https://dol.com.br/noticias/mundo-noticias/869208/venezuela-orgao-eleitoral-anuncia-reeleicao-de-maduro-com-51-dos-votos?d=1', 'https://dol.com.br/noticias/mundo-noticias/869131/venezuelanos-manifestam-desejo-de-mudanca-com-eleicoes?d=1', 'https://www.whatsapp.com/channel/0029Va9IlAw2v1J02cbfQ31H', 'https://whatsapp.com/channel/0029Va9IlAw2v1J02cbfQ31H', 'https://t.me/dolnoticias', '/n/828815', '/tags/air-india', '/tags/contrabando', '/tags/delhi', '/tags/ouro', '/tags/seguranca-aeroportuaria', '#modal_5', '#', '#', '/entretenimento/cinema/941967/roteiro-de-dark-horse-expoe-polemicas-politicas-de-bolsonaro', '/tuedoide/curiosidades/941966/foto-de-alien-de-taiwan-aparece-em-arquivos-dos-eua', '/tuedoide/curiosidades/941965/nova-especie-de-dinossauro-maior-que-o-t-rex-e-descoberta', '/noticias/te-cuida/941964/cardiologista-revela-8-frutas-que-baixam-a-pressao-arterial', '/noticias/brasil/941963/video-homem-e-arremessado-apos-ataque-de-boi-solto-em-rua']",https://dol.com.br/noticias/mundo-noticias/869233/passageiro-recusa-comida-e-e-preso-com-1kg-de-ouro-no-anus
Vídeo: modelo paraense acusada de tráfico humano se defende,2026-05-18 16:39:57,"quinta-feira, 18/07/2024, 23:10-  Autor: Alexandre Nascimento",tagsCONDENADA Documentário investigação KAT LUZ KAT TORRES tráfico humano,"['https://cdn.dol.com.br/img/Artigo-Destaque/860000/640x335/KatTorres_00867939_0_-3.webp?fallback=https%3A%2F%2Fcdn.dol.com.br%2Fimg%2FArtigo-Destaque%2F860000%2FKatTorres_00867939_0_.jpg%3Fxid%3D2897216&xid=2897216', '/themes/DOL/assets/img/camera-solid.svg', 'https://cdn.dol.com.br/img/inline/860000/767x0/KatTorres4_00867939_0_.webp?fallback=https%3A%2F%2Fcdn.dol.com.br%2Fimg%2Finline%2F860000%2FKatTorres4_00867939_0_.jpg%3Fxid%3D2897218%26resize%3D380%252C200%26t%3D1778898944&xid=2897218', 'https://cdn.dol.com.br/img/inline/860000/767x0/KatTorres2_00867939_1_.webp?fallback=https%3A%2F%2Fcdn.dol.com.br%2Fimg%2Finline%2F860000%2FKatTorres2_00867939_1_.jpg%3Fxid%3D2897219%26resize%3D380%252C200%26t%3D1778898944&xid=2897219', '/themes/DOL/assets/img/envelope.svg', '/themes/DOL/assets/img/plus.svg']","['https://diariodopara.dol.com.br/para/caso-kat-torres-guru-paraense-acusada-de-trafico-humano-e-presa-no-brasil-24998/', 'https://dol.com.br/entretenimento/fama/837640/vitima-reage-apos-paraense-kat-torres-afirmar-que-e-inocente?d=1', 'https://www.whatsapp.com/channel/0029Va9IlAw2v1J02cbfQ31H', 'https://whatsapp.com/channel/0029Va9IlAw2v1J02cbfQ31H', 'https://t.me/dolnoticias', '/n/828815', '/tags/condenada', '/tags/documentario', '/tags/investigacao', '/tags/kat-luz', '/tags/kat-torres', '/tags/trafico-humano', '#modal_5', '#', '#', '/esporte/paysandu/941829/sem-caio-mello-confira-os-relacionados-do-paysandu-contra-o-caxias', '/noticias/tecnologia/941828/whatsapp-aprimora-recurso-de-mensagens-temporarias', '/noticias/brasil/941827/governo-libera-saque-do-fgts-para-10-milhoes-veja-quem-recebe', '/entretenimento/cinema/941826/professor-volta-em-novo-teaser-da-continuacao-de-la-casa-de-papel', '/noticias/brasil/941825/samsung-busca-projetos-criativos-de-estudantes-da-rede-publica']",https://dol.com.br/noticias/para/867939/video-modelo-paraense-acusada-de-trafico-humano-se-defende
Ex-sinhazinha morta: paraenses faziam parte de seita macabra,2026-05-18 16:39:58,"sábado, 01/06/2024, 10:27-  Autor: Mayra Monteiro DOL/ Com informações de Metrópoles",tagsInvestigação Criminal morte misteriosa Operação Policial seita religiosa TRÁfico de drogas uso de ketamina,"['https://cdn.dol.com.br/img/Artigo-Destaque/860000/640x335/Caso-ex-sinhazinha-2_00861996_0_-3.webp?fallback=https%3A%2F%2Fcdn.dol.com.br%2Fimg%2FArtigo-Destaque%2F860000%2FCaso-ex-sinhazinha-2_00861996_0_.jpg%3Fxid%3D2870335&xid=2870335', '/themes/DOL/assets/img/camera-solid.svg', '/themes/DOL/assets/img/envelope.svg', '/themes/DOL/assets/img/plus.svg']","['https://dol.com.br/entretenimento/fama/861733/familia-de-musa-do-boi-garantido-tem-prisao-decretada?d=1', 'https://diariodopara.dol.com.br/tdb/djidja-cardoso-ex-sinhazinha-do-boi-garantido-morre-aos-32-anos-130097/', 'https://www.instagram.com/reel/C7ppaijPxWd/?utm_source=ig_embed&utm_campaign=loading', 'https://www.instagram.com/reel/C7ppaijPxWd/?utm_source=ig_embed&utm_campaign=loading', 'https://whatsapp.com/channel/0029Va9IlAw2v1J02cbfQ31H', 'https://t.me/dolnoticias', '/n/828815', '/tags/investigacao-criminal', '/tags/morte-misteriosa', '/tags/operacao-policial', '/tags/seita-religiosa', '/tags/trafico-de-drogas', '/tags/uso-de-ketamina', '#modal_5', '#', '#', '/entretenimento/quadrinhos/941990/conrad-editora-revela-lancamentos-de-peso-e-reforca-hqs-nacionais', '/noticias/brasil/941989/piloto-baleado-na-testa-em-operacao-no-rio-morre-apos-batalha-pela-vida', '/entretenimento/fama/941988/mae-de-vini-curte-comentario-que-chama-virginia-de-peso-apos-termino', '/esporte/esporte-para/941987/aguia-perde-lideranca-e-tuna-respira-a-classificacao-da-serie-d', '/carajas/noticias/para/941986/programa-escola-segura-realiza-acao-contra-abuso-sexual-no-para']",https://dol.com.br/entretenimento/fama/861996/ex-sinhazinha-morta-paraenses-faziam-parte-de-seita-macabra
Marido de cantora gospel é preso nos EUA por abuso infantil,2026-05-18 16:39:59,"quarta-feira, 22/05/2024, 15:16-  Autor: Thayná Coelho, DOL. Com informações Metrópoles",tagsABUSO DE MENORES casos de abuso Hope & Justice Foundation justiça e direitos humanos Segurança infantil violência sexual infantil,"['https://cdn.dol.com.br/img/Artigo-Destaque/860000/640x335/cantora-1_00860654_0_-3.webp?fallback=https%3A%2F%2Fcdn.dol.com.br%2Fimg%2FArtigo-Destaque%2F860000%2Fcantora-1_00860654_0_.jpg%3Fxid%3D2865143&xid=2865143', '/themes/DOL/assets/img/camera-solid.svg', '/themes/DOL/assets/img/envelope.svg', '/themes/DOL/assets/img/plus.svg']","['https://dol.com.br/noticias/brasil/847139/alerta-casos-de-exploracao-infantil-na-web-bate-recorde?d=1', 'https://dol.com.br/noticias/policia/853368/pf-prende-homem-com-pornografia-infanto-juvenil-em-belem?d=1', 'https://dol.com.br/carajas/noticias/policia/858609/video-policia-fala-de-suposto-estupro-em-escola-de-maraba?d=1', 'https://www.whatsapp.com/channel/0029Va9IlAw2v1J02cbfQ31H', 'https://whatsapp.com/channel/0029Va9IlAw2v1J02cbfQ31H', 'https://t.me/dolnoticias', '/n/828815', '/tags/abuso-de-menores', '/tags/casos-de-abuso', '/tags/hope--justice-foundation', '/tags/justica-e-direitos-humanos', '/tags/seguranca-infantil', '/tags/violencia-sexual-infantil', '#modal_5', '#', '#', '/noticias/mundo-noticias/941943/oms-declara-surto-de-ebola-como-emergencia-de-saude-publica-mundial', '/noticias/brasil/941942/portais-do-governo-garantem-meia-entrada-viagens-gratis-e-cursos-de-ia', '/noticias/gastronomia/941941/receita-facil-de-pao-de-batata-com-calabresa-para-o-lanche-da-tarde', '/noticias/servico/941940/inss-veja-os-documentos-que-precisam-atualizar-e-nao-perca-beneficios', '/carajas/esportes/aguia/941931/ao-vivo-acompanhe-aqui-a-partida-entre-tuna-luso-x-aguia']",https://dol.com.br/noticias/brasil/860654/marido-de-cantora-gospel-e-preso-nos-eua-por-abuso-infantil
"Vaticano diz ""não"" a mudança de sexo e teoria de gênero",2026-05-18 16:40:00,"segunda-feira, 08/04/2024, 15:04-  Autor: Mayra Monteiro com informações de Folhapress",tagsbarriga de aluguel dignidade humana mudanças de sexo Papa Francisco teoria de gênero Vaticano,"['https://cdn.dol.com.br/img/Artigo-Destaque/850000/640x335/Papa-2_00854813_0_-3.webp?fallback=https%3A%2F%2Fcdn.dol.com.br%2Fimg%2FArtigo-Destaque%2F850000%2FPapa-2_00854813_0_.jpg%3Fxid%3D2842183&xid=2842183', '/themes/DOL/assets/img/camera-solid.svg', '/themes/DOL/assets/img/envelope.svg', '/themes/DOL/assets/img/plus.svg']","['https://dol.com.br/noticias/mundo-noticias/836888/video-papa-francisco-recebe-pessoas-trans-no-vaticano?d=1', 'https://dol.com.br/noticias/mundo-noticias/846114/papa-diz-nao-temer-catolicos-por-bencao-a-casais-lgbtqia?d=1', 'https://www.whatsapp.com/channel/0029Va9IlAw2v1J02cbfQ31H', 'https://whatsapp.com/channel/0029Va9IlAw2v1J02cbfQ31H', 'https://t.me/dolnoticias', '/n/828815', '/tags/barriga-de-aluguel', '/tags/dignidade-humana', '/tags/mudancas-de-sexo', '/tags/papa-francisco', '/tags/teoria-de-genero', '/tags/vaticano', '#modal_5', '#', '#', '/carajas/noticias/941973/alimentos-do-dia-a-dia-sao-aliados-na-protecao-do-intestino', '/carajas/noticias/941972/vacina-contra-hpv-e-principal-aliada-na-prevencao-de-canceres', '/entretenimento/fama/941971/thais-carla-impressiona-com-antes-e-depois-apos-perder-100-kg', '/carajas/noticias/policia/941970/homem-e-encontrado-sem-vida-dentro-de-residencia-em-maraba', '/noticias/brasil/941969/aplicativo-do-bolsa-familia-ganha-novas-funcoes-veja-o-que-muda']",https://dol.com.br/noticias/brasil/854813/vaticano-diz-nao-a-mudanca-de-sexo-e-teoria-de-genero
AGU vai investigar fake news disseminadas sobre o Marajó,2026-05-18 16:40:02,"domingo, 25/02/2024, 07:52-  Autor: Adams Mercês",tagscrianças EXPLORAÇÃO SEXUAL FAKE NEWS MARAJÓ pará,"['https://cdn.dol.com.br/img/Artigo-Destaque/840000/640x335/02adff79-a694-4408-bbd2-6ecdca1534aa_00849421_0_-3.webp?fallback=https%3A%2F%2Fcdn.dol.com.br%2Fimg%2FArtigo-Destaque%2F840000%2F02adff79-a694-4408-bbd2-6ecdca1534aa_00849421_0_.jpg%3Fxid%3D2818994&xid=2818994', '/themes/DOL/assets/img/camera-solid.svg', '/themes/DOL/assets/img/envelope.svg', '/themes/DOL/assets/img/plus.svg']","['https://dol.com.br/noticias/para/849233/helder-fala-em-acoes-para-mudar-realidade-do-marajo?d=1', 'https://dol.com.br/noticias/para/848806/pm-usa-bufalos-para-ocorrencias-em-area-alagada-no-marajo?d=1', 'https://twitter.com/AdvocaciaGeral?ref_src=twsrc%5Etfw', 'https://twitter.com/jorgemessiasagu/status/1761381061336965338?ref_src=twsrc%5Etfw', 'https://www.instagram.com/reel/C3teYBdNIoK/?utm_source=ig_embed&utm_campaign=loading', 'https://www.instagram.com/reel/C3teYBdNIoK/?utm_source=ig_embed&utm_campaign=loading', 'https://whatsapp.com/channel/0029Va9IlAw2v1J02cbfQ31H', 'https://t.me/dolnoticias', '/n/828815', '/tags/criancas', '/tags/exploracao-sexual', '/tags/fake-news', '/tags/marajo', '/tags/para', '#modal_5', '#', '#', '/noticias/para/941841/veja-detalhes-da-mansao-que-daniel-santos-admitiu-ter-feito-compra-compartilhada', '/noticias/policia/941840/colombiano-e-morto-a-tiros-por-encapuzados-no-umarizal', '/colunistas/mauro-bonna/941839/loja-de-virginia-fonseca-explode-em-vendas-em-belem', '/noticias/te-cuida/941838/leite-faz-bem-ou-faz-mal-descubra-o-que-diz-a-ciencia', '/esporte/esporte-brasil/941837/adversaria-do-remo-chapecoense-nao-vence-ha-13-rodadas']",https://dol.com.br/noticias/para/849421/agu-vai-investigar-fake-news-disseminadas-sobre-o-marajo
Famosos lamentam assassinato de atriz venezuelana no AM,2026-05-18 16:40:03,"domingo, 07/01/2024, 22:36-  Autor: Kaio Rodrigues, com informações da Folhapress",tagsASSASSINATO ESTUPRO Famosos Julieta Martínez Polícia VENEZUELA,"['https://cdn.dol.com.br/img/Artigo-Destaque/840000/640x335/WhatsApp-Image-2024-01-07-at-222359_00843289_0_-3.webp?fallback=https%3A%2F%2Fcdn.dol.com.br%2Fimg%2FArtigo-Destaque%2F840000%2FWhatsApp-Image-2024-01-07-at-222359_00843289_0_.jpg%3Fxid%3D2796191&xid=2796191', '/themes/DOL/assets/img/camera-solid.svg', '/themes/DOL/assets/img/envelope.svg', '/themes/DOL/assets/img/plus.svg']","['https://whatsapp.com/channel/0029Va9IlAw2v1J02cbfQ31H', 'https://t.me/dolnoticias', '/n/828815', '/tags/assassinato', '/tags/estupro', '/tags/famosos', '/tags/julieta-martinez', '/tags/policia', '/tags/venezuela', '#modal_5', '#', '#', '/entretenimento/cinema/941967/roteiro-de-dark-horse-expoe-polemicas-politicas-de-bolsonaro', '/tuedoide/curiosidades/941966/foto-de-alien-de-taiwan-aparece-em-arquivos-dos-eua', '/tuedoide/curiosidades/941965/nova-especie-de-dinossauro-maior-que-o-t-rex-e-descoberta', '/noticias/te-cuida/941964/cardiologista-revela-8-frutas-que-baixam-a-pressao-arterial', '/noticias/brasil/941963/video-homem-e-arremessado-apos-ataque-de-boi-solto-em-rua']",https://dol.com.br/noticias/brasil/843289/famosos-lamentam-assassinato-de-atriz-venezuelana-no-am
Homem é preso após mentir e entregar ex ao tribunal do crime,2026-05-18 16:40:04,"sexta-feira, 15/12/2023, 11:25-  Autor: Kaio Rodrigues/DOL com informações do UOL",tagsCRIME Homicídio Polícia polícia civil Traficantes tráfico Tribunal do Crime Violência,"['https://cdn.dol.com.br/img/Artigo-Destaque/840000/640x335/Janayna-Evangelista_00840483_0_-3.webp?fallback=https%3A%2F%2Fcdn.dol.com.br%2Fimg%2FArtigo-Destaque%2F840000%2FJanayna-Evangelista_00840483_0_.jpg%3Fxid%3D2786569&xid=2786569', '/themes/DOL/assets/img/camera-solid.svg', 'https://cdn.dol.com.br/img/inline/840000/767x0/WhatsApp-Image-2023-12-15-at-102833_00840483_0_.webp?fallback=https%3A%2F%2Fcdn.dol.com.br%2Fimg%2Finline%2F840000%2FWhatsApp-Image-2023-12-15-at-102833_00840483_0_.jpg%3Fxid%3D2786571%26resize%3D380%252C200%26t%3D1779092883&xid=2786571', '/themes/DOL/assets/img/envelope.svg', '/themes/DOL/assets/img/plus.svg']","['https://dol.com.br/noticias/brasil/840474/policial-civil-furta-arma-de-colega-durante-confraternizacao?d=1', 'https://dol.com.br/noticias/policia/840402/video-cameras-flagram-assalto-a-clinica-de-saude-em-belem?d=1', 'https://www.whatsapp.com/channel/0029Va9IlAw2v1J02cbfQ31H', 'https://whatsapp.com/channel/0029Va9IlAw2v1J02cbfQ31H', 'https://t.me/dolnoticias', '/n/828815', '/tags/crime', '/tags/homicidio', '/tags/policia', '/tags/policia-civil', '/tags/traficantes', '/tags/trafico', '/tags/tribunal-do-crime', '/tags/violencia', '#modal_5', '#', '#', '/entretenimento/cinema/941967/roteiro-de-dark-horse-expoe-polemicas-politicas-de-bolsonaro', '/tuedoide/curiosidades/941966/foto-de-alien-de-taiwan-aparece-em-arquivos-dos-eua', '/tuedoide/curiosidades/941965/nova-especie-de-dinossauro-maior-que-o-t-rex-e-descoberta', '/noticias/te-cuida/941964/cardiologista-revela-8-frutas-que-baixam-a-pressao-arterial', '/noticias/brasil/941963/video-homem-e-arremessado-apos-ataque-de-boi-solto-em-rua']",https://dol.com.br/noticias/brasil/840483/homem-e-preso-apos-mentir-e-entregar-ex-ao-tribunal-do-crime
PF investiga tráfico de bebês que seriam levados à Europa,2026-05-18 16:40:05,"segunda-feira, 04/12/2023, 14:10-  Autor: Kaio Rodrigues, com informações da Folhapress",tagsCRIME crime internacional PF POLÍCIA FEDERAL PORTUGAL tráfico humano,"['https://cdn.dol.com.br/img/Artigo-Destaque/830000/640x335/Trafico-de-bebes_00839009_0_-3.webp?fallback=https%3A%2F%2Fcdn.dol.com.br%2Fimg%2FArtigo-Destaque%2F830000%2FTrafico-de-bebes_00839009_0_.jpg%3Fxid%3D2780887&xid=2780887', '/themes/DOL/assets/img/camera-solid.svg', '/themes/DOL/assets/img/envelope.svg', '/themes/DOL/assets/img/plus.svg']","['https://whatsapp.com/channel/0029Va9IlAw2v1J02cbfQ31H', 'https://t.me/dolnoticias', '/n/828815', '/tags/crime', '/tags/crime-internacional', '/tags/pf', '/tags/policia-federal', '/tags/portugal', '/tags/trafico-humano', '#modal_5', '#', '#', '/entretenimento/cinema/941967/roteiro-de-dark-horse-expoe-polemicas-politicas-de-bolsonaro', '/tuedoide/curiosidades/941966/foto-de-alien-de-taiwan-aparece-em-arquivos-dos-eua', '/tuedoide/curiosidades/941965/nova-especie-de-dinossauro-maior-que-o-t-rex-e-descoberta', '/noticias/te-cuida/941964/cardiologista-revela-8-frutas-que-baixam-a-pressao-arterial', '/noticias/brasil/941963/video-homem-e-arremessado-apos-ataque-de-boi-solto-em-rua']",https://dol.com.br/noticias/brasil/839009/pf-investiga-trafico-de-bebes-que-seriam-levados-a-europa
Vítima reage após paraense Kat Torres afirmar que é inocente,2026-05-18 16:40:06,"sexta-feira, 24/11/2023, 23:38-  Autor: Mayra Monteiro",tagsDENÚNCIA investigação KAT LUZ KAT TORRES Katiuscia Torres tráfico humano,"['https://cdn.dol.com.br/img/Artigo-Destaque/830000/640x335/kjbsabjasbjcbsdvfsadgvsfbv_00837640_0_-3.webp?fallback=https%3A%2F%2Fcdn.dol.com.br%2Fimg%2FArtigo-Destaque%2F830000%2Fkjbsabjasbjcbsdvfsadgvsfbv_00837640_0_.jpg%3Fxid%3D2776083&xid=2776083', '/themes/DOL/assets/img/camera-solid.svg', '/themes/DOL/assets/img/envelope.svg', '/themes/DOL/assets/img/plus.svg']","['https://dol.com.br/entretenimento/fama/782620/suspeita-de-trafico-humano-paraense-kat-torres-e-presa?d=1', 'https://dol.com.br/entretenimento/fama/782801/pelo-menos-20-pessoas-alegam-ser-vitimas-de-guru-paraense?d=1', 'https://www.whatsapp.com/channel/0029Va9IlAw2v1J02cbfQ31H', 'https://whatsapp.com/channel/0029Va9IlAw2v1J02cbfQ31H', 'https://t.me/dolnoticias', '/n/828815', '/tags/denuncia', '/tags/investigacao', '/tags/kat-luz', '/tags/kat-torres', '/tags/katiuscia-torres', '/tags/trafico-humano', '#modal_5', '#', '#', '/entretenimento/cinema/941967/roteiro-de-dark-horse-expoe-polemicas-politicas-de-bolsonaro', '/tuedoide/curiosidades/941966/foto-de-alien-de-taiwan-aparece-em-arquivos-dos-eua', '/tuedoide/curiosidades/941965/nova-especie-de-dinossauro-maior-que-o-t-rex-e-descoberta', '/noticias/te-cuida/941964/cardiologista-revela-8-frutas-que-baixam-a-pressao-arterial', '/noticias/brasil/941963/video-homem-e-arremessado-apos-ataque-de-boi-solto-em-rua']",https://dol.com.br/entretenimento/fama/837640/vitima-reage-apos-paraense-kat-torres-afirmar-que-e-inocente
PF faz operação contra o trabalho escravo e tráfico humano,2026-05-18 16:40:07,"terça-feira, 14/11/2023, 11:20-  Autor: Aila Beatriz Inete / DOL, com informações de CM7",tagsMANAUS OPERAÇÃO POLÍCIA FEDERAL TRABALHO ESCRAVO tráfico humano,"['https://cdn.dol.com.br/img/Artigo-Destaque/830000/640x335/WhatsApp-Image-2023-11-14-at-105630_00836201_0_-3.webp?fallback=https%3A%2F%2Fcdn.dol.com.br%2Fimg%2FArtigo-Destaque%2F830000%2FWhatsApp-Image-2023-11-14-at-105630_00836201_0_.jpg%3Fxid%3D2770389&xid=2770389', '/themes/DOL/assets/img/camera-solid.svg', '/themes/DOL/assets/img/envelope.svg', '/themes/DOL/assets/img/plus.svg']","['https://dol.com.br/carajas/noticias/policia/835901/pf-prende-presidente-de-associacao-rural-do-para?d=1', 'https://dol.com.br/noticias/para/829062/trabalhadores-em-condicoes-de-escravidao-sao-resgatados?d=1', 'https://dol.com.br/noticias/brasil/831802/brasil-registrou-25-mil-mortes-de-menores-no-trabalho?d=1', 'https://www.whatsapp.com/channel/0029Va9IlAw2v1J02cbfQ31H', 'https://whatsapp.com/channel/0029Va9IlAw2v1J02cbfQ31H', 'https://t.me/dolnoticias', '/n/828815', '/tags/manaus', '/tags/operacao', '/tags/policia-federal', '/tags/trabalho-escravo', '/tags/trafico-humano', '#modal_5', '#', '#', '/entretenimento/cinema/941967/roteiro-de-dark-horse-expoe-polemicas-politicas-de-bolsonaro', '/tuedoide/curiosidades/941966/foto-de-alien-de-taiwan-aparece-em-arquivos-dos-eua', '/tuedoide/curiosidades/941965/nova-especie-de-dinossauro-maior-que-o-t-rex-e-descoberta', '/noticias/te-cuida/941964/cardiologista-revela-8-frutas-que-baixam-a-pressao-arterial', '/noticias/brasil/941963/video-homem-e-arremessado-apos-ataque-de-boi-solto-em-rua']",https://dol.com.br/noticias/brasil/836201/pf-faz-operacao-contra-o-trabalho-escravo-e-trafico-humano
"Quico, de ""Chaves"", faz campanha contra imigração ilegal",2026-05-18 16:40:09,"terça-feira, 03/10/2023, 17:24-  Autor: Laura Vasconcelos com informações do GZH",tagscarlos villagran Chaves imigração ilegal Quico,"['https://cdn.dol.com.br/img/Artigo-Destaque/830000/640x335/11996420x240-1_00830395_0_-3.webp?fallback=https%3A%2F%2Fcdn.dol.com.br%2Fimg%2FArtigo-Destaque%2F830000%2F11996420x240-1_00830395_0_.jpg%3Fxid%3D2740159&xid=2740159', '/themes/DOL/assets/img/camera-solid.svg', '/themes/DOL/assets/img/envelope.svg', '/themes/DOL/assets/img/plus.svg']","['https://dol.com.br/entretenimento/fama/823234/no-brasil-edgar-vivar-o-seu-barriga-pede-volta-de-chaves?d=1', 'https://dol.com.br/entretenimento/fama/793410/seriado-chaves-pode-voltar-a-ser-exibido-no-brasil?d=1', 'https://www.whatsapp.com/channel/0029Va4xYGk1dAw9LjYD7B2k', 'https://twitter.com/hashtag/CruzaLegal?src=hash&ref_src=twsrc%5Etfw', 'https://twitter.com/hashtag/CBPOne?src=hash&ref_src=twsrc%5Etfw', 'https://t.co/SYM0d9qBFb', 'https://twitter.com/USEmbassyMEX/status/1705001616359727272?ref_src=twsrc%5Etfw', 'https://whatsapp.com/channel/0029Va9IlAw2v1J02cbfQ31H', 'https://t.me/dolnoticias', '/n/828815', '/tags/carlos-villagran', '/tags/chaves', '/tags/imigracao-ilegal', '/tags/quico', '#modal_5', '#', '#', '/entretenimento/cinema/941967/roteiro-de-dark-horse-expoe-polemicas-politicas-de-bolsonaro', '/tuedoide/curiosidades/941966/foto-de-alien-de-taiwan-aparece-em-arquivos-dos-eua', '/tuedoide/curiosidades/941965/nova-especie-de-dinossauro-maior-que-o-t-rex-e-descoberta', '/noticias/te-cuida/941964/cardiologista-revela-8-frutas-que-baixam-a-pressao-arterial', '/noticias/brasil/941963/video-homem-e-arremessado-apos-ataque-de-boi-solto-em-rua']",https://dol.com.br/noticias/mundo-noticias/830395/quico-de-chaves-faz-campanha-contra-imigracao-ilegal
Cargill é condenada por trabalho infantil e escravo no Pará,2026-05-18 16:40:10,"terça-feira, 26/09/2023, 17:36-  Autor: Adams Mercês, com informações da Agência Brasil",tagscargill CONDENADA pará TRABALHO INFANTIL,"['https://cdn.dol.com.br/img/Artigo-Destaque/820000/640x335/trabalho-infantril_00829420_0_-3.webp?fallback=https%3A%2F%2Fcdn.dol.com.br%2Fimg%2FArtigo-Destaque%2F820000%2Ftrabalho-infantril_00829420_0_.jpg%3Fxid%3D2735422&xid=2735422', '/themes/DOL/assets/img/camera-solid.svg', '/themes/DOL/assets/img/envelope.svg', '/themes/DOL/assets/img/plus.svg']","['https://dol.com.br/noticias/para/814471/mpf-pede-suspensao-de-porto-da-cargill-em-abaetetuba?d=1', 'https://diariodopara.dol.com.br/brasil/cargill-e-alvo-de-denuncia-por-irregularidades-na-cadeia-de-soja-no-brasil-63552/', 'https://whatsapp.com/channel/0029Va9IlAw2v1J02cbfQ31H', 'https://t.me/dolnoticias', '/n/828815', '/tags/cargill', '/tags/condenada', '/tags/para', '/tags/trabalho-infantil', '#modal_5', '#', '#', '/entretenimento/cinema/941967/roteiro-de-dark-horse-expoe-polemicas-politicas-de-bolsonaro', '/tuedoide/curiosidades/941966/foto-de-alien-de-taiwan-aparece-em-arquivos-dos-eua', '/tuedoide/curiosidades/941965/nova-especie-de-dinossauro-maior-que-o-t-rex-e-descoberta', '/noticias/te-cuida/941964/cardiologista-revela-8-frutas-que-baixam-a-pressao-arterial', '/noticias/brasil/941963/video-homem-e-arremessado-apos-ataque-de-boi-solto-em-rua']",https://dol.com.br/noticias/para/829420/cargill-e-condenada-por-trabalho-infantil-e-escravo-no-para
Seminário no MPPA debateu enfrentamento ao tráfico humano,2026-05-18 16:40:11,"terça-feira, 01/08/2023, 14:25-  Autor: Com informações do MPPA",tagsAMAZONIA CRIME Evento MPPA para trafico humano,"['https://cdn.dol.com.br/img/Artigo-Destaque/820000/640x335/Meu-projeto-2_00821352_0_-3.webp?fallback=https%3A%2F%2Fcdn.dol.com.br%2Fimg%2FArtigo-Destaque%2F820000%2FMeu-projeto-2_00821352_0_.jpg%3Fxid%3D2693271&xid=2693271', '/themes/DOL/assets/img/camera-solid.svg', 'https://cdn.dol.com.br/img/inline/820000/767x0/Herena6_00821352_0_.webp?fallback=https%3A%2F%2Fcdn.dol.com.br%2Fimg%2Finline%2F820000%2FHerena6_00821352_0_.jpg%3Fxid%3D2693274%26resize%3D380%252C200%26t%3D1779075508&xid=2693274', '/themes/DOL/assets/img/envelope.svg', '/themes/DOL/assets/img/plus.svg']","['https://dol.com.br/noticias/para/821343/apresentador-assedia-candidatas-de-festival-em-igarape-acu?d=1', 'https://dol.com.br/noticias/policia/820673/mppa-oferece-denuncia-contra-quadrilha-que-furtava-carros?d=1', 'https://whatsapp.com/channel/0029Va9IlAw2v1J02cbfQ31H', 'https://t.me/dolnoticias', '/n/828815', '/tags/amazonia', '/tags/crime', '/tags/evento', '/tags/mppa', '/tags/para', '/tags/trafico-humano', '#modal_5', '#', '#', '/entretenimento/cinema/941967/roteiro-de-dark-horse-expoe-polemicas-politicas-de-bolsonaro', '/tuedoide/curiosidades/941966/foto-de-alien-de-taiwan-aparece-em-arquivos-dos-eua', '/tuedoide/curiosidades/941965/nova-especie-de-dinossauro-maior-que-o-t-rex-e-descoberta', '/noticias/te-cuida/941964/cardiologista-revela-8-frutas-que-baixam-a-pressao-arterial', '/noticias/brasil/941963/video-homem-e-arremessado-apos-ataque-de-boi-solto-em-rua']",https://dol.com.br/noticias/para/821352/seminario-no-mppa-debateu-enfrentamento-ao-trafico-humano
Drogas: Proibição do uso e repressão geram custo de R$ 50 bi,2026-05-18 16:40:12,"sábado, 24/06/2023, 14:07-  Autor: LUCAS LACERDA/FOLHAPRESS",tagsIPEA tráfico de droga,"['https://cdn.dol.com.br/img/Artigo-Destaque/810000/640x335/dv_00815697_0_-3.webp?fallback=https%3A%2F%2Fcdn.dol.com.br%2Fimg%2FArtigo-Destaque%2F810000%2Fdv_00815697_0_.jpg%3Fxid%3D2664472&xid=2664472', '/themes/DOL/assets/img/camera-solid.svg', '/themes/DOL/assets/img/envelope.svg', '/themes/DOL/assets/img/plus.svg']","['https://whatsapp.com/channel/0029Va9IlAw2v1J02cbfQ31H', 'https://t.me/dolnoticias', '/n/828815', '/tags/ipea', '/tags/trafico-de-droga', '#modal_5', '#', '#', '/entretenimento/cinema/941967/roteiro-de-dark-horse-expoe-polemicas-politicas-de-bolsonaro', '/tuedoide/curiosidades/941966/foto-de-alien-de-taiwan-aparece-em-arquivos-dos-eua', '/tuedoide/curiosidades/941965/nova-especie-de-dinossauro-maior-que-o-t-rex-e-descoberta', '/noticias/te-cuida/941964/cardiologista-revela-8-frutas-que-baixam-a-pressao-arterial', '/noticias/brasil/941963/video-homem-e-arremessado-apos-ataque-de-boi-solto-em-rua']",https://dol.com.br/noticias/brasil/815697/drogas-proibicao-do-uso-e-repressao-geram-custo-de-r-50-bi
Casal é preso por manter médico preso forçando a usar drogas,2026-05-18 16:40:13,"sábado, 17/06/2023, 09:32-  Autor: DOL Carajás com informações de Top Mídia News",tagsCampo Grande cárcere privado Casal Delegacia Especializada de Repressão ao Narcotráfico DENAR DROGAS MATO GROSSO DO SUL MÉDICO preso VILA PALMIRA,"['/themes/DOL/assets/img/camera-solid.svg', '/themes/DOL/assets/img/envelope.svg', '/themes/DOL/assets/img/plus.svg']","['https://dol.com.br/carajas/noticias/policia/813810/policia-avista-crianca-na-rodovia-e-a-salva-de-atropelamento?d=1', 'https://dol.com.br/carajas/noticias/brasil/814313/superbacteria-no-rosto-mata-jovem-de-18-anos-entenda-o-caso?d=1', 'https://dol.com.br/carajas/noticias/policia/814465/crianca-de-7-anos-morre-em-acidente-de-transito-na-br-230?d=1', 'https://whatsapp.com/channel/0029Va9IlAw2v1J02cbfQ31H', 'https://t.me/dolnoticias', '/n/828815', '/tags/campo-grande', '/tags/carcere-privado', '/tags/casal', '/tags/delegacia-especializada-de-repressao-ao-narcotrafico', '/tags/denar', '/tags/drogas', '/tags/mato-grosso-do-sul', '/tags/medico', '/tags/preso', '/tags/vila-palmira', '#modal_5', '#', '#']",https://dol.com.br/carajas/noticias/policia/814564/casal-e-preso-por-manter-medico-preso-forcando-a-usar-drogas
Assassinato de Bruno e Dom completa um ano,2026-05-18 16:40:17,"segunda-feira, 05/06/2023, 07:48-  Autor: Agência Brasil",tagsBruno Pereira Dom Philips,"['https://cdn.dol.com.br/img/Artigo-Destaque/810000/640x335/bruno-e-dom_00812781_0_-3.webp?fallback=https%3A%2F%2Fcdn.dol.com.br%2Fimg%2FArtigo-Destaque%2F810000%2Fbruno-e-dom_00812781_0_.jpg%3Fxid%3D2649251&xid=2649251', '/themes/DOL/assets/img/camera-solid.svg', '/themes/DOL/assets/img/envelope.svg', '/themes/DOL/assets/img/plus.svg']","['https://whatsapp.com/channel/0029Va9IlAw2v1J02cbfQ31H', 'https://t.me/dolnoticias', '/n/828815', '/tags/bruno-pereira', '/tags/dom-philips', '#modal_5', '#', '#', '/esporte/esporte-brasil/942036/acompanhe-ao-vivo-a-transmissao-da-convocacao-da-selecao-brasileira', '/noticias/para/942035/simulado-orienta-comunidades-de-barcarena-sobre-acidente-com-barragem', '/noticias/servico/942034/governo-do-para-anuncia-datas-dos-pagamentos-dos-servidores-publicos', '/entretenimento/942033/novo-visual-de-gusttavo-lima-vira-alvo-de-piadas-e-polemicas', '/noticias/brasil/942032/casa-propria-veja-renda-ideal-e-condicoes-para-financiar-imovel']",https://dol.com.br/noticias/brasil/812781/assassinato-de-bruno-e-dom-completa-um-ano
Jogador brasileiro é resgatado e PF investiga tráfico humano,2026-05-18 16:40:20,"quinta-feira, 01/06/2023, 20:34-  Autor: Caue Fonseca/Folhapress",tagsmoisés santana brisola tráfico humano,"['https://cdn.dol.com.br/img/Artigo-Destaque/810000/640x335/Moises-Santana-Brisolla_00812236_0_-3.webp?fallback=https%3A%2F%2Fcdn.dol.com.br%2Fimg%2FArtigo-Destaque%2F810000%2FMoises-Santana-Brisolla_00812236_0_.jpg%3Fxid%3D2646702&xid=2646702', '/themes/DOL/assets/img/camera-solid.svg', '/themes/DOL/assets/img/envelope.svg', '/themes/DOL/assets/img/plus.svg']","['https://whatsapp.com/channel/0029Va9IlAw2v1J02cbfQ31H', 'https://t.me/dolnoticias', '/n/828815', '/tags/moises-santana-brisola', '/tags/trafico-humano', '#modal_5', '#', '#', '/esporte/esporte-brasil/942036/acompanhe-ao-vivo-a-transmissao-da-convocacao-da-selecao-brasileira', '/noticias/para/942035/simulado-orienta-comunidades-de-barcarena-sobre-acidente-com-barragem', '/noticias/servico/942034/governo-do-para-anuncia-datas-dos-pagamentos-dos-servidores-publicos', '/entretenimento/942033/novo-visual-de-gusttavo-lima-vira-alvo-de-piadas-e-polemicas', '/noticias/brasil/942032/casa-propria-veja-renda-ideal-e-condicoes-para-financiar-imovel']",https://dol.com.br/esporte/esporte-brasil/812236/jogador-brasileiro-e-resgatado-e-pf-investiga-trafico-humano
Revelada primeira protagonista Trans em novela brasileira,2026-05-18 16:40:23,"quarta-feira, 17/05/2023, 13:56-  Autor: UOL/Folhapress",tagsBRASIL Novela proagonista Transexual,"['https://cdn.dol.com.br/img/Artigo-Destaque/800000/640x335/Meu-projeto-30_00809901_0_-3.webp?fallback=https%3A%2F%2Fcdn.dol.com.br%2Fimg%2FArtigo-Destaque%2F800000%2FMeu-projeto-30_00809901_0_.jpg%3Fxid%3D2633727&xid=2633727', '/themes/DOL/assets/img/camera-solid.svg', '/themes/DOL/assets/img/envelope.svg', '/themes/DOL/assets/img/plus.svg']","['https://dol.com.br/noticias/dol-delas/643578/identidade-orientacao-e-genero-entenda-sobre-ser-mulher?d=1', 'https://dol.com.br/noticias/brasil/673533/pastora-paraense-celebra-1-culto-em-igreja-trans?d=1', 'https://whatsapp.com/channel/0029Va9IlAw2v1J02cbfQ31H', 'https://t.me/dolnoticias', '/n/828815', '/tags/brasil', '/tags/novela', '/tags/proagonista', '/tags/transexual', '#modal_5', '#', '#', '/esporte/esporte-brasil/942036/acompanhe-ao-vivo-a-transmissao-da-convocacao-da-selecao-brasileira', '/noticias/para/942035/simulado-orienta-comunidades-de-barcarena-sobre-acidente-com-barragem', '/noticias/servico/942034/governo-do-para-anuncia-datas-dos-pagamentos-dos-servidores-publicos', '/entretenimento/942033/novo-visual-de-gusttavo-lima-vira-alvo-de-piadas-e-polemicas', '/noticias/brasil/942032/casa-propria-veja-renda-ideal-e-condicoes-para-financiar-imovel']",https://dol.com.br/entretenimento/fama/809901/revelada-primeira-protagonista-trans-em-novela-brasileira
Mulher é detida no Rio com sete pistolas presas ao corpo,2026-05-18 16:40:26,"quarta-feira, 26/04/2023, 07:51-  Autor: ( Agência Brasil )",tagspistolas policia do rio PRISAO RIO DE JANEIRO,"['https://cdn.dol.com.br/img/Artigo-Destaque/800000/640x335/Design-sem-nome---2023-04-26T073533865_00806621_0_-3.webp?fallback=https%3A%2F%2Fcdn.dol.com.br%2Fimg%2FArtigo-Destaque%2F800000%2FDesign-sem-nome---2023-04-26T073533865_00806621_0_.jpg%3Fxid%3D2616892&xid=2616892', '/themes/DOL/assets/img/camera-solid.svg', '/themes/DOL/assets/img/envelope.svg', '/themes/DOL/assets/img/plus.svg']","['https://dol.com.br/noticias/brasil/806565/mae-e-presa-apos-jogar-filha-de-filha-de-29-dias-no-chao?d=1', 'https://dol.com.br/noticias/para/806553/paraense-suspeita-de-trafico-humano-tem-liberdade-negada?d=1', 'https://whatsapp.com/channel/0029Va9IlAw2v1J02cbfQ31H', 'https://t.me/dolnoticias', '/n/828815', '/tags/pistolas', '/tags/policia-do-rio', '/tags/prisao', '/tags/rio-de-janeiro', '#modal_5', '#', '#', '/esporte/esporte-brasil/942036/acompanhe-ao-vivo-a-transmissao-da-convocacao-da-selecao-brasileira', '/noticias/para/942035/simulado-orienta-comunidades-de-barcarena-sobre-acidente-com-barragem', '/noticias/servico/942034/governo-do-para-anuncia-datas-dos-pagamentos-dos-servidores-publicos', '/entretenimento/942033/novo-visual-de-gusttavo-lima-vira-alvo-de-piadas-e-polemicas', '/noticias/brasil/942032/casa-propria-veja-renda-ideal-e-condicoes-para-financiar-imovel']",https://dol.com.br/noticias/brasil/806621/mulher-e-detida-no-rio-com-sete-pistolas-presas-ao-corpo
Paraense suspeita de tráfico humano tem liberdade negada,2026-05-18 16:40:29,"terça-feira, 25/04/2023, 22:03-  Autor: Isabella Menon/Folhapress",tagsKAT LUZ,"['https://cdn.dol.com.br/img/Artigo-Destaque/800000/640x335/kattorers_00806553_0_-3.webp?fallback=https%3A%2F%2Fcdn.dol.com.br%2Fimg%2FArtigo-Destaque%2F800000%2Fkattorers_00806553_0_.jpg%3Fxid%3D2616744&xid=2616744', '/themes/DOL/assets/img/camera-solid.svg', '/themes/DOL/assets/img/envelope.svg', '/themes/DOL/assets/img/plus.svg']","['https://whatsapp.com/channel/0029Va9IlAw2v1J02cbfQ31H', 'https://t.me/dolnoticias', '/n/828815', '/tags/kat-luz', '#modal_5', '#', '#', '/esporte/esporte-brasil/942036/acompanhe-ao-vivo-a-transmissao-da-convocacao-da-selecao-brasileira', '/noticias/para/942035/simulado-orienta-comunidades-de-barcarena-sobre-acidente-com-barragem', '/noticias/servico/942034/governo-do-para-anuncia-datas-dos-pagamentos-dos-servidores-publicos', '/entretenimento/942033/novo-visual-de-gusttavo-lima-vira-alvo-de-piadas-e-polemicas', '/noticias/brasil/942032/casa-propria-veja-renda-ideal-e-condicoes-para-financiar-imovel']",https://dol.com.br/noticias/para/806553/paraense-suspeita-de-trafico-humano-tem-liberdade-negada
Vídeo: menino brinca em contêiner e vai parar em outro país,2026-05-18 16:40:30,"terça-feira, 31/01/2023, 18:25-  Autor: Com informações R7",tagsAdolescente Brincadeira esconde-esconde,"['https://cdn.dol.com.br/img/Artigo-Destaque/790000/640x335/MENINO_00793592_0_-3.webp?fallback=https%3A%2F%2Fcdn.dol.com.br%2Fimg%2FArtigo-Destaque%2F790000%2FMENINO_00793592_0_.jpg%3Fxid%3D2542273&xid=2542273', '/themes/DOL/assets/img/camera-solid.svg', '/themes/DOL/assets/img/envelope.svg', '/themes/DOL/assets/img/plus.svg']","['https://dol.com.br/noticias/mundo-noticias/793561/ira-casal-e-condenado-a-10-anos-de-prisao-por-dancar-na-rua?d=1', 'https://dol.com.br/noticias/mundo-noticias/793403/homem-morre-apos-ser-esmagado-por-banheiro-publico?d=1', 'https://whatsapp.com/channel/0029Va9IlAw2v1J02cbfQ31H', 'https://t.me/dolnoticias', '/n/828815', '/tags/adolescente', '/tags/brincadeira', '/tags/esconde-esconde', '#modal_5', '#', '#', '/noticias/brasil/941942/portais-do-governo-garantem-meia-entrada-viagens-gratis-e-cursos-de-ia', '/noticias/gastronomia/941941/receita-facil-de-pao-de-batata-com-calabresa-para-o-lanche-da-tarde', '/noticias/servico/941940/inss-veja-os-documentos-que-precisam-atualizar-e-nao-perca-beneficios', '/carajas/esportes/aguia/941931/ao-vivo-acompanhe-aqui-a-partida-entre-tuna-luso-x-aguia', '/noticias/para/941939/hana-inicia-nova-etapa-da-operacao-escudo-feminino-no-para']",https://dol.com.br/noticias/mundo-noticias/793592/video-menino-brinca-em-conteiner-e-vai-parar-em-outro-pais
Boneco enforcado! Vinícius Jr. é vítima de ameaça em Madrid,2026-05-18 16:40:31,"quinta-feira, 26/01/2023, 12:36-  Autor: Lucas Contente com informações de Placar",tagsameaca ATLETICO DE MADRID boneco REAL MADRID VINI JR VINICIUS JR VINICIUS JUNIOR,"['https://cdn.dol.com.br/img/Artigo-Destaque/790000/640x335/Untitled-design---2023-01-26T110506647_00792796_0_-3.webp?fallback=https%3A%2F%2Fcdn.dol.com.br%2Fimg%2FArtigo-Destaque%2F790000%2FUntitled-design---2023-01-26T110506647_00792796_0_.png%3Fxid%3D2537046&xid=2537046', '/themes/DOL/assets/img/camera-solid.svg', '/themes/DOL/assets/img/envelope.svg', '/themes/DOL/assets/img/plus.svg']","['https://dol.com.br/esporte/mundo/771412/vini-jr-e-alvo-de-racismo-de-empresario-fazer-macaquice', 'https://www.instagram.com/p/CnnRWz9ObY8/?utm_source=ig_embed&utm_campaign=loading', 'https://www.instagram.com/p/CnnRWz9ObY8/?utm_source=ig_embed&utm_campaign=loading', 'https://dol.com.br/esporte/copa-do-mundo/2022/781369/vinicius-jr-e-o-segundo-jogador-mais-valioso-da-copa-2022', 'https://dol.com.br/entretenimento/fama/771100/ex-namorada-de-vinicius-junior-e-presa-por-trafico-humano', 'https://dol.com.br/esporte/esporte-brasil/771469/pele-rebate-fala-racista-de-espanhol-contra-vinicius-jr', 'https://twitter.com/vinijr?ref_src=twsrc%5Etfw', 'https://twitter.com/hashtag/LaLiga?src=hash&ref_src=twsrc%5Etfw', 'https://twitter.com/LaLigaCorp/status/1618583518539558912?ref_src=twsrc%5Etfw', 'https://twitter.com/hashtag/CopaDelRey?src=hash&ref_src=twsrc%5Etfw', 'https://t.co/ysYSgQ8SHD', 'https://twitter.com/realmadrid/status/1618579634538299393?ref_src=twsrc%5Etfw', 'https://dol.com.br/esporte/mundo/789020/vinicius-junior-sofre-novo-ataque-racista-e-critica-la-liga', 'https://whatsapp.com/channel/0029Va9IlAw2v1J02cbfQ31H', 'https://t.me/dolnoticias', '/n/828815', '/tags/ameaca', '/tags/atletico-de-madrid', '/tags/boneco', '/tags/real-madrid', '/tags/vini-jr', '/tags/vinicius-jr', '/tags/vinicius-junior', '#modal_5', '#', '#', '/noticias/brasil/941942/portais-do-governo-garantem-meia-entrada-viagens-gratis-e-cursos-de-ia', '/noticias/gastronomia/941941/receita-facil-de-pao-de-batata-com-calabresa-para-o-lanche-da-tarde', '/noticias/servico/941940/inss-veja-os-documentos-que-precisam-atualizar-e-nao-perca-beneficios', '/carajas/esportes/aguia/941931/ao-vivo-acompanhe-aqui-a-partida-entre-tuna-luso-x-aguia', '/noticias/para/941939/hana-inicia-nova-etapa-da-operacao-escudo-feminino-no-para']",https://dol.com.br/esporte/mundo/792796/boneco-enforcado-vinicius-jr-e-vitima-de-ameaca-em-madrid
"Presa com falsa guru Kate, brasileira reencontra a família",2026-05-18 16:40:32,"quinta-feira, 22/12/2022, 19:49-  Autor: Com informações ultimasnoticias",tagsfamilia Guru paraense modelo,"['https://cdn.dol.com.br/img/Artigo-Destaque/780000/640x335/Meu-projeto-1_00787749_0_-3.webp?fallback=https%3A%2F%2Fcdn.dol.com.br%2Fimg%2FArtigo-Destaque%2F780000%2FMeu-projeto-1_00787749_0_.jpg%3Fxid%3D2506837&xid=2506837', '/themes/DOL/assets/img/camera-solid.svg', '/themes/DOL/assets/img/envelope.svg', '/themes/DOL/assets/img/plus.svg']","['https://dol.com.br/noticias/para/776578/guru-paraense-e-suspeita-de-trafico-humano-nos-eua-entenda?d=1', 'https://dol.com.br/entretenimento/fama/782801/pelo-menos-20-pessoas-alegam-ser-vitimas-de-guru-paraense?d=1', 'https://whatsapp.com/channel/0029Va9IlAw2v1J02cbfQ31H', 'https://t.me/dolnoticias', '/n/828815', '/tags/familia', '/tags/guru-paraense', '/tags/modelo', '#modal_5', '#', '#', '/esporte/esporte-para/941915/tuna-luso-x-aguia-de-maraba-escalacoes-arbitragem-e-onde-assistir', '/carajas/esportes/aguia/941914/sem-kukri-contra-a-tuna-joia-do-aguia-fecha-com-coritiba', '/entretenimento/941913/pabllo-vittar-danca-rock-doido-e-se-declara-te-amo-belem', '/esporte/remo/941912/chapecoense-x-remo-escalacoes-arbitragem-e-onde-assistir', '/noticias/para/941911/dia-mundial-da-reciclagem-reforca-o-papel-dos-catadores-em-belem']",https://dol.com.br/entretenimento/fama/787749/presa-com-falsa-guru-kate-brasileira-reencontra-a-familia
Idosa é achada em situação análoga à escravidão por 27 anos,2026-05-18 16:40:34,"sexta-feira, 09/12/2022, 09:54-  Autor: Com informações do Globo",tagsDOMÉSTICA Empregada ESCRAVIDÃO Médica MPT NOTÍCIAS BRASIL prisão são paulo,"['https://cdn.dol.com.br/img/Artigo-Destaque/780000/640x335/chico-escolano-eptv_00785718_0_-3.webp?fallback=https%3A%2F%2Fcdn.dol.com.br%2Fimg%2FArtigo-Destaque%2F780000%2Fchico-escolano-eptv_00785718_0_.jpg%3Fxid%3D2494277&xid=2494277', '/themes/DOL/assets/img/camera-solid.svg', 'https://cdn.dol.com.br/img/inline/780000/767x0/redes_00785718_0_.webp?fallback=https%3A%2F%2Fcdn.dol.com.br%2Fimg%2Finline%2F780000%2Fredes_00785718_0_.jpg%3Fxid%3D2494280%26resize%3D380%252C200%26t%3D1779040256&xid=2494280', '/themes/DOL/assets/img/envelope.svg', '/themes/DOL/assets/img/plus.svg']","['https://dol.com.br/noticias/para/784676/paraense-suspeita-de-trafico-humano-ameacou-haters?d=1', 'https://dol.com.br/noticias/brasil/785701/agencias-do-inss-nao-abrem-nesta-sexta-9-de-jogo-do-brasil?d=1', 'https://whatsapp.com/channel/0029Va9IlAw2v1J02cbfQ31H', 'https://t.me/dolnoticias', '/n/828815', '/tags/domestica', '/tags/empregada', '/tags/escravidao', '/tags/medica', '/tags/mpt', '/tags/noticias-brasil', '/tags/prisao', '/tags/sao-paulo', '#modal_5', '#', '#', '/entretenimento/fama/941935/ana-maria-muda-sobrenome-tive-que-trocar-todos-meus-documentos', '/noticias/para/941934/menino-realiza-sonho-de-conhecer-pm-e-ganha-festa-de-aniversario', '/noticias/para/941933/video-carro-pega-fogo-em-elevado-da-julio-cesar-em-belem', '/esporte/remo/941932/na-transicao-thalysson-e-eduardo-melo-aguardam-retornos-no-remo', '/esporte/paysandu/941930/paysandu-junior-rocha-reencontra-o-caxias-em-duelo-na-serie-c']",https://dol.com.br/noticias/brasil/785718/idosa-e-achada-em-situacao-analoga-a-escravidao-por-27-anos
Paralisia do sono e espíritos? Descubra a relação entre eles,2026-05-18 16:40:35,"terça-feira, 06/12/2022, 19:57- Atualizado 06/12/2022, 20:19-  Autor: Com informações do Universa",tagscuriosidades espiritualidade Paralisia do Sono,"['https://cdn.dol.com.br/img/Artigo-Destaque/780000/640x335/cottonbro-studio_00785254_0_-3.webp?fallback=https%3A%2F%2Fcdn.dol.com.br%2Fimg%2FArtigo-Destaque%2F780000%2Fcottonbro-studio_00785254_0_.jpg%3Fxid%3D2491876&xid=2491876', '/themes/DOL/assets/img/camera-solid.svg', '/themes/DOL/assets/img/envelope.svg', '/themes/DOL/assets/img/plus.svg']","['https://dol.com.br/galerias/entretenimento/785250/banheira-da-gkay-e-pool-party-no-segundo-dia-da-farofa?d=1', 'https://dol.com.br/noticias/mundo-noticias/785251/vice-presidente-argentina-e-condenada-a-prisao-por-corrupcao?d=1', 'https://dol.com.br/noticias/para/784676/paraense-suspeita-de-trafico-humano-ameacou-haters?d=1', 'https://whatsapp.com/channel/0029Va9IlAw2v1J02cbfQ31H', 'https://t.me/dolnoticias', '/n/828815', '/tags/curiosidades', '/tags/espiritualidade', '/tags/paralisia-do-sono', '#modal_5', '#', '#', '/noticias/policia/941810/video-homem-e-morto-apos-tentativa-de-latrocinio-no-para', '/noticias/servico/941809/veja-como-ter-direito-a-50-de-desconto-na-conta-de-agua', '/noticias/para/941808/semana-s-inicia-em-belem-com-qualificacao-profissional-e-inovacao', '/noticias/para/941807/tradicional-sorvete-de-acai-do-para-esta-entre-os-100-melhores-do-mundo', '/noticias/para/941806/governadora-hana-se-pronuncia-sobre-disputa-territorial-com-o-mt-o-para-nao-se-divide']",https://dol.com.br/noticias/espiritualidade/785254/paralisia-do-sono-e-espiritos-descubra-a-relacao-entre-eles
Carreta carregada com vodka e cachaça é apreendida no Pará,2026-05-18 16:40:36,"sábado, 03/12/2022, 20:55- Atualizado 03/12/2022, 23:24-  Autor: Com informações da Agência Pará",tagsCACHAÇA CARGA APREENDIDA Carreta pará VODKA,"['https://cdn.dol.com.br/img/Artigo-Destaque/780000/640x335/Carreta-cachaca-e-vodka_00784844_0_-3.webp?fallback=https%3A%2F%2Fcdn.dol.com.br%2Fimg%2FArtigo-Destaque%2F780000%2FCarreta-cachaca-e-vodka_00784844_0_.jpg%3Fxid%3D2488887&xid=2488887', '/themes/DOL/assets/img/camera-solid.svg', '/themes/DOL/assets/img/envelope.svg', '/themes/DOL/assets/img/plus.svg']","['https://dol.com.br/noticias/para/784676/paraense-suspeita-de-trafico-humano-ameacou-haters?d=1', 'https://dol.com.br/noticias/para/784838/para-mulheres-sao-agredidas-com-facao-quando-saiam-de-festa?d=1', 'https://whatsapp.com/channel/0029Va9IlAw2v1J02cbfQ31H', 'https://t.me/dolnoticias', '/n/828815', '/tags/cachaca', '/tags/carga-apreendida', '/tags/carreta', '/tags/para', '/tags/vodka', '#modal_5', '#', '#', '/noticias/para/941933/video-carro-pega-fogo-em-elevado-da-julio-cesar-em-belem', '/esporte/remo/941932/na-transicao-thalysson-e-eduardo-melo-aguardam-retornos-no-remo', '/esporte/paysandu/941930/paysandu-junior-rocha-reencontra-o-caxias-em-duelo-na-serie-c', '/esporte/mundo/941929/ronda-rousey-retorna-ao-mma-e-finaliza-gina-carano-em-15-segundos', '/carajas/noticias/policia/941928/justica-mantem-preso-ator-porno-suspeito-de-esfaquear-companheira']",https://dol.com.br/noticias/para/784844/carreta-carregada-com-vodka-e-cachaca-e-apreendida-no-para
Paraense suspeita de tráfico humano ameaçou 'haters',2026-05-18 16:40:37,"sábado, 03/12/2022, 11:21-  Autor: FOLHAPRESS",tagsescravidao Estados Unidos KAT TORRES,"['https://cdn.dol.com.br/img/Artigo-Destaque/780000/640x335/Frame-1-3_00784676_0_-3.webp?fallback=https%3A%2F%2Fcdn.dol.com.br%2Fimg%2FArtigo-Destaque%2F780000%2FFrame-1-3_00784676_0_.jpg%3Fxid%3D2488063&xid=2488063', '/themes/DOL/assets/img/camera-solid.svg', '/themes/DOL/assets/img/envelope.svg', '/themes/DOL/assets/img/plus.svg']","['https://dol.com.br/entretenimento/fama/782620/suspeita-de-trafico-humano-paraense-kat-torres-e-presa?d=1', 'https://dol.com.br/noticias/para/784586/para-crianca-ganha-direito-de-ter-duas-maes-em-certidao?d=1', 'https://dol.com.br/noticias/para/784592/marinha-abre-visitacao-publica-a-navios-em-belem-saiba-mais?d=1', 'https://whatsapp.com/channel/0029Va9IlAw2v1J02cbfQ31H', 'https://t.me/dolnoticias', '/n/828815', '/tags/escravidao', '/tags/estados-unidos', '/tags/kat-torres', '#modal_5', '#', '#', '/noticias/para/941933/video-carro-pega-fogo-em-elevado-da-julio-cesar-em-belem', '/esporte/remo/941932/na-transicao-thalysson-e-eduardo-melo-aguardam-retornos-no-remo', '/esporte/paysandu/941930/paysandu-junior-rocha-reencontra-o-caxias-em-duelo-na-serie-c', '/esporte/mundo/941929/ronda-rousey-retorna-ao-mma-e-finaliza-gina-carano-em-15-segundos', '/carajas/noticias/policia/941928/justica-mantem-preso-ator-porno-suspeito-de-esfaquear-companheira']",https://dol.com.br/noticias/para/784676/paraense-suspeita-de-trafico-humano-ameacou-haters
Pelo menos 20 pessoas alegam ser vítimas de guru paraense,2026-05-18 16:40:38,"terça-feira, 22/11/2022, 22:05-  Autor: Com informações da TV Globo",tagsENTRETENIMENTO Famosos KAT TORRES tráfico humano,"['https://cdn.dol.com.br/img/Artigo-Destaque/780000/640x335/ddd_00782801_0_-3.webp?fallback=https%3A%2F%2Fcdn.dol.com.br%2Fimg%2FArtigo-Destaque%2F780000%2Fddd_00782801_0_.jpg%3Fxid%3D2475820&xid=2475820', '/themes/DOL/assets/img/camera-solid.svg', '/themes/DOL/assets/img/envelope.svg', '/themes/DOL/assets/img/plus.svg']","['https://dol.com.br/entretenimento/fama/782620/suspeita-de-trafico-humano-paraense-kat-torres-e-presa?d=1', 'https://dol.com.br/entretenimento/fama/778095/paraense-anuncia-gravidez-apos-ser-acusada-de-trafico-humano?d=1', 'https://dol.com.br/entretenimento/fama/782753/procuradoria-abre-canal-para-denuncias-contra-guru-paraense?d=1', 'https://dol.com.br/entretenimento/fama/776769/yasmin-brunet-rebate-acusacao-de-envolvimento-em-trafico?d=1', 'https://whatsapp.com/channel/0029Va9IlAw2v1J02cbfQ31H', 'https://t.me/dolnoticias', '/n/828815', '/tags/entretenimento', '/tags/famosos', '/tags/kat-torres', '/tags/trafico-humano', '#modal_5', '#', '#', '/noticias/para/941933/video-carro-pega-fogo-em-elevado-da-julio-cesar-em-belem', '/esporte/remo/941932/na-transicao-thalysson-e-eduardo-melo-aguardam-retornos-no-remo', '/esporte/paysandu/941930/paysandu-junior-rocha-reencontra-o-caxias-em-duelo-na-serie-c', '/esporte/mundo/941929/ronda-rousey-retorna-ao-mma-e-finaliza-gina-carano-em-15-segundos', '/carajas/noticias/policia/941928/justica-mantem-preso-ator-porno-suspeito-de-esfaquear-companheira']",https://dol.com.br/entretenimento/fama/782801/pelo-menos-20-pessoas-alegam-ser-vitimas-de-guru-paraense
Procuradoria abre canal para denúncias contra Guru Paraense,2026-05-18 16:40:39,"terça-feira, 22/11/2022, 16:51-  Autor: FRANCISCO LIMA NETO/FOLHAPRES",tagsguru kate torres Paraense,"['https://cdn.dol.com.br/img/Artigo-Destaque/780000/640x335/Meu-projeto_00782753_0_-3.webp?fallback=https%3A%2F%2Fcdn.dol.com.br%2Fimg%2FArtigo-Destaque%2F780000%2FMeu-projeto_00782753_0_.jpg%3Fxid%3D2475377&xid=2475377', '/themes/DOL/assets/img/camera-solid.svg', '/themes/DOL/assets/img/envelope.svg', '/themes/DOL/assets/img/plus.svg']","['https://diariodopara.dol.com.br/para/caso-kat-torres-procuradoria-abre-canal-para-denuncias-contra-guru-paraense-25078/', 'https://whatsapp.com/channel/0029Va9IlAw2v1J02cbfQ31H', 'https://t.me/dolnoticias', '/n/828815', '/tags/guru', '/tags/kate-torres', '/tags/paraense', '#modal_5', '#', '#', '/noticias/para/941933/video-carro-pega-fogo-em-elevado-da-julio-cesar-em-belem', '/esporte/remo/941932/na-transicao-thalysson-e-eduardo-melo-aguardam-retornos-no-remo', '/esporte/paysandu/941930/paysandu-junior-rocha-reencontra-o-caxias-em-duelo-na-serie-c', '/esporte/mundo/941929/ronda-rousey-retorna-ao-mma-e-finaliza-gina-carano-em-15-segundos', '/carajas/noticias/policia/941928/justica-mantem-preso-ator-porno-suspeito-de-esfaquear-companheira']",https://dol.com.br/entretenimento/fama/782753/procuradoria-abre-canal-para-denuncias-contra-guru-paraense
Sexo entre Brisa e Oto faz Travessia cavalgar na audiência,2026-05-18 16:40:41,"terça-feira, 22/11/2022, 08:36- Atualizado 22/11/2022, 10:55-  Autor: Com informações de TV Foco",tagsCENAS DE SEXO Novela oto e brisa Travessia,"['https://cdn.dol.com.br/img/Artigo-Destaque/780000/640x335/Brisa-e-Oto007827040_00782704_0_-3.webp?fallback=https%3A%2F%2Fcdn.dol.com.br%2Fimg%2FArtigo-Destaque%2F780000%2FBrisa-e-Oto007827040_00782704_0_.jpg%3Fxid%3D2475030&xid=2475030', '/themes/DOL/assets/img/camera-solid.svg', 'https://cdn.dol.com.br/img/inline/780000/767x0/2-repercussao--novela-travessia_00782704_0_.webp?fallback=https%3A%2F%2Fcdn.dol.com.br%2Fimg%2Finline%2F780000%2F2-repercussao--novela-travessia_00782704_0_.png%3Fxid%3D2475033%26resize%3D380%252C200%26t%3D1779026957&xid=2475033', 'https://cdn.dol.com.br/img/inline/780000/767x0/2-travessia211_00782704_1_.webp?fallback=https%3A%2F%2Fcdn.dol.com.br%2Fimg%2Finline%2F780000%2F2-travessia211_00782704_1_.png%3Fxid%3D2475034%26resize%3D380%252C200%26t%3D1779026957&xid=2475034', '/themes/DOL/assets/img/envelope.svg', '/themes/DOL/assets/img/plus.svg']","['https://dol.com.br/entretenimento/fama/782620/suspeita-de-trafico-humano-paraense-kat-torres-e-presa?d=1', 'https://dol.com.br/entretenimento/fama/782611/a-fazenda-xuxa-reprova-as-ameacas-de-deolane-contra-babi?d=1', 'https://twitter.com/hashtag/Travessia?src=hash&ref_src=twsrc%5Etfw', 'https://t.co/EzV2RwKwDF', 'https://twitter.com/tvglobo/status/1594866411742326784?ref_src=twsrc%5Etfw', 'https://whatsapp.com/channel/0029Va9IlAw2v1J02cbfQ31H', 'https://t.me/dolnoticias', '/n/828815', '/tags/cenas-de-sexo', '/tags/novela', '/tags/oto-e-brisa', '/tags/travessia', '#modal_5', '#', '#', '/esporte/esporte-brasil/941920/serie-a-palmeiras-e-cruzeiro-ficam-no-empate-e-flamengo-agradece', '/noticias/mundo-noticias/941919/tragedia-nas-maldivas-socorrista-morre-em-busca-de-mergulhadores', '/carajas/esportes/941918/voce-nao-vai-acreditar-no-que-ronda-rousey-fez-em-apenas-17-segundos', '/noticias/te-cuida/941917/arroz-com-ovo-pode-equivaler-a-carne-vermelha-em-beneficios-proteicos', '/noticias/mundo-noticias/941916/cinco-italianos-morrem-durante-mergulho-em-cavernas-nas-maldivas']",https://dol.com.br/entretenimento/fama/782704/sexo-entre-brisa-e-oto-faz-travessia-cavalgar-na-audiencia
"Suspeita de tráfico humano, paraense Kat Torres é presa",2026-05-18 16:40:42,"segunda-feira, 21/11/2022, 23:32-  Autor: FRANCISCO LIMA NETO/FOLHAPRES",tagsKAT TORRES prisão tráfico humano,"['https://cdn.dol.com.br/img/Artigo-Destaque/780000/640x335/vvv_00782620_0_-3.webp?fallback=https%3A%2F%2Fcdn.dol.com.br%2Fimg%2FArtigo-Destaque%2F780000%2Fvvv_00782620_0_.jpg%3Fxid%3D2474596&xid=2474596', '/themes/DOL/assets/img/camera-solid.svg', '/themes/DOL/assets/img/envelope.svg', '/themes/DOL/assets/img/plus.svg']","['https://dol.com.br/noticias/brasil/782425/justica-pede-prisao-da-influencer-paraense-kat-torres?d=1', 'https://dol.com.br/entretenimento/fama/778095/paraense-anuncia-gravidez-apos-ser-acusada-de-trafico-humano?d=1', 'https://dol.com.br/noticias/para/776578/guru-paraense-e-suspeita-de-trafico-humano-nos-eua-entenda?d=1', 'https://dol.com.br/entretenimento/fama/776769/yasmin-brunet-rebate-acusacao-de-envolvimento-em-trafico?d=1', 'https://whatsapp.com/channel/0029Va9IlAw2v1J02cbfQ31H', 'https://t.me/dolnoticias', '/n/828815', '/tags/kat-torres', '/tags/prisao', '/tags/trafico-humano', '#modal_5', '#', '#', '/noticias/para/941933/video-carro-pega-fogo-em-elevado-da-julio-cesar-em-belem', '/esporte/remo/941932/na-transicao-thalysson-e-eduardo-melo-aguardam-retornos-no-remo', '/esporte/paysandu/941930/paysandu-junior-rocha-reencontra-o-caxias-em-duelo-na-serie-c', '/esporte/mundo/941929/ronda-rousey-retorna-ao-mma-e-finaliza-gina-carano-em-15-segundos', '/carajas/noticias/policia/941928/justica-mantem-preso-ator-porno-suspeito-de-esfaquear-companheira']",https://dol.com.br/entretenimento/fama/782620/suspeita-de-trafico-humano-paraense-kat-torres-e-presa
